:020000041000EA
:1000000000B5324B212058609868022188439860DF
:10001000D860186158612E4B002199600221596106
:100020000121F02299502B49196001219960352056
:1000300000F044F80222904214D00621196600F024
:1000400034F8196E01211966002018661A6600F04E
:100050002CF8196E196E196E052000F02FF8012189
:100060000842F9D1002199601B49196000215960AB
:100070001A491B48016001219960EB211966A021F2
:10008000196600F012F800219960164914480160C1
:100090000121996001BC002800D000471248134993
:1000A000086003C880F30888084703B5996A0420EC
:1000B0000142FBD001200142F8D103BD02B5186610
:1000C0001866FFF7F2FF186E186E02BD00000240BE
:1000D000000000180000070000035F00212200005C
:1000E000F4000018222000A00001001008ED00E03C
:1000F00000000000000000000000000074B24E7A12
:1001000000200420F7010010C3010010C5010010F9
:10011000C1010010C1010010C1010010C101001097
:10012000C1010010C1010010C1010010C701001081
:10013000C1010010C1010010C9010010CB01001065
:10014000CD010010CD010010CD010010CD01001037
:10015000CD010010CD010010CD010010CD01001027
:10016000CD010010CD010010CD010010CD01001017
:10017000CD010010CD010010CD010010CD01001007
:10018000CD010010CD010010CD010010CD010010F7
:10019000CD010010CD010010CD010010CD010010E7
:1001A000CD010010CD010010CD010010CD010010D7
:1001B000CD010010CD010010CD010010CD010010C7
:1001C00000BE00BE00BE00BE00BE00BEEFF3058054
:1001D000103800BEF2EB8871CC990010F89900102D
:1001E0003802001090A31AE71E481F49086006C88D
:1001F00081F3088810471D480068002801D019487D
:10020000F3E70DA40ECC002902D000F012F8F9E7B4
:100210001749184A002000E001C19142FCD116495B
:100220008847164988471649884700BEFDE701C937
:1002300001C29A42FBD37047F8990010C000002019
:10024000441000207CA900100000042000000420BD
:100250007CA9001000100420001004200000000001
:10026000704700000000000008ED00E0000000D032
:1002700044100020C0240220253D0010D9040010A5
:100280001D3D0010F8B5C0460448054B10B583422B
:1002900003D0044B002B00D0984710BD4410002021
:1002A000441000200000000006480749091A8B107E
:1002B000C90FC91810B5491003D0044B002B00D04A
:1002C000984710BD4410002044100020000000009A
:1002D00010B5074C2378002B09D1FFF7D5FF054B4C
:1002E000002B02D0044800E000BF0123237010BDA2
:1002F0001013002000000000A4920010054B10B560
:10030000002B03D00449054800E000BFFFF7CCFFF5
:1003100010BDC0460000000014130020A49200107D
:10032000F0B5D0250124164E164F87B02D060121B9
:100330006B6830685B09234001936B6849429B09F5
:10034000234002936B68DB09234003936B681B0A0D
:10035000234004936B685B0A2340059304F034FF49
:1003600001A900230022386804F0E4FC00230022E5
:100370000021306804F0DEFC642005F0B5FBD6E710
:100380007024022068240220F0B5D6464F46464627
:10039000494BC0B59A460027484C86B0012201A9B6
:1003A0002068524204F082FE01000128F6D1019B30
:1003B0000122012B72D003239946043B9846022662
:1003C00000230020029D012D04D08046190010005A
:1003D00032004E46039B012B57D0049D059B012DF7
:1003E00043D0012B45D0002956D1002F5FDD344B7F
:1003F00003269846F01B02F043F8324902F039F820
:10040000414602F01FF802F05DF8010032312AD4B3
:10041000412900DD41213222121A22D4412A00DD75
:100420004122D02380201B06C0009861802000015B
:1004300058618020400158618020234F80019861DD
:100440003B6822484B401B041B0C03603F681304AD
:100450007B401B0C1B040360504603F071FE370009
:100460009CE70022DDE70021D5E70131012B02D115
:1004700032001000013101F02BFC060002F000F800
:10048000134901F0F6FF8046B4E7049D059B013156
:10049000012DEAD0012BECD04046ECE7032040428E
:1004A0009146804600260221023A01308AE703265F
:1004B000084B764298469DE7A892001068240220D7
:1004C0000000584200005C4298000540981005402A
:1004D00000009041000058C2F0B54746CE4680B5B6
:1004E00083B003F051FD1423D02798460126344DE4
:1004F0003F06A84410CD200000F0A4F83300A3402C
:10050000002201212000BB6200F088F84545F1D1AE
:100510000A2000F097F88023DB007B620B2000F0BC
:1005200091F880231B017B620C2000F08BF8802364
:100530005B017B620D2000F085F880239B017B62CC
:1005400004210E2000F050F81E4B9C279846FF23F4
:10055000994643464A46DA5132001B4D1B4C2B68E4
:1005600004219A4322600F2000F03EF843464A4699
:10057000DA5132002B6814219A43226001200022B4
:1005800004F086FB124B00241860012004F0BEFC2E
:100590008022104B10491860520000230F4801942C
:1005A000009605F089F9802200230D4952000D487C
:1005B0000194009605F080F905F090F9FEE7C04639
:1005C000CC940010000005408C0005408C100540C4
:1005D0006824022070240220E492001021030010FD
:1005E000F092001089030010094A83009A1810B590
:1005F00014684022544080322240064CC000A44679
:1006000063441A60044B9C466044416010BDC04680
:1006100004C0014004D0014000400140074B80006D
:10062000C3181B68C90092000A435A400C231340A8
:10063000034A9446604403607047C04604C00140CA
:1006400004D001400123D0228340120693629361BB
:10065000094A83009A1811684022514080320A40AA
:100660000649C0008C4663441A60054B9C4605232E
:10067000604443607047C04604C0014004D001405C
:10068000004001408023DB051868000F7047C0461A
:100690000FB400B5084883B003F0CAFC049B002BDC
:1006A00007D005A91800019103F01EFB034803F0D1
:1006B000BFFC012003F030FBFC9200100C930010F3
:1006C00010B50148FFF7E4FF1093001070B5EFF389
:1006D000108C72B60D4D2B68002BFCD0BFF35F8FD2
:1006E0000724CB08C618C05C01230C40A3401C00A3
:1006F0000440034207D118433070BFF35F8F2C6072
:100700008CF3108870BD1000FFF7C2FF2C0100D0E1
:10071000F8B54746CE46884680B5EFF3108C72B6E2
:10072000214D2C68002CFCD0BFF35F8F9A422CD84F
:10073000D4080727055D061901241740BC402C4248
:100740001FD007210127894609E0D408055D061955
:100750004C4639001440A1400C00294211D001320E
:100760009342F2D201204042BFF35F8F00220E4B32
:100770001A608CF3108800280FDBC0BCB946B04665
:10078000F8BD254310003570EEE7BFF35F8F0023FF
:100790002B608CF31088012040424346002BECD0A4
:1007A0000898FFF775FFC0462C0100D0044A107866
:1007B000431CDBB2172B00D9102313707047C046BF
:1007C000580F002010B5064B064C82B00100009374
:1007D00018221F232000FFF79BFF02B010BDC04668
:1007E00020930010681B00200021044B044ABFF333
:1007F0005F8F02C39342FAD17047C046000100D018
:10080000800100D0054B064A1360064A136053600E
:100810009360D360136153619361704780808080DF
:1008200000E400E004E400E01F2318401E3B834086
:10083000002905D0C021044A490053501360704775
:10084000802201498B50FAE700E100E0012282405A
:10085000034B1B6813405A1E9341D8B27047C046E1
:1008600000E100E001238340014A13607047C04665
:1008700000E200E0064B10309B688000C358054A38
:1008800000209B1A2F229A424041C0B27047C046B6
:1008900000ED00E05C0F002070B50D00EFF3108656
:1008A00072B60F4A1368002BFCD0BFF35F8F0D4B5D
:1008B00010309B6884001B590B4A934203D09D4221
:1008C00001D001F027F9074B9B681D51BFF35F8FE3
:1008D000BFF35F8F0022024B1A6086F3108870BD51
:1008E000240100D000ED00E0CD010010F0B5574626
:1008F0004E46DE464546E0B585B00600009117003D
:10090000EFF3108B72B66A4A1368002BFCD0BFF36A
:100910005F8F0025674B5D579A46002D00DAA9E0EE
:100920006B00654C01935B199B009846A146C1443E
:100930004B4652469B7910361370604BB6009B684D
:1009400099590B1B2F2B33D95D4B994200D0ACE04A
:10095000019B42469C465B4B6544AD0063535A4B3A
:100960000232A218043B9B1A1B05584A5B0D6519FD
:1009700013436B80564B0121AB80FF23AB71009B6F
:10098000EF71AB604B460B4319004C4B9B68995180
:10099000BFF35F8FBFF35F8F0022454B1A608BF36D
:1009A000108805B0F0BCBB46B246A946A046F0BDD3
:1009B00001200A008243D3798C46BB4231D8454698
:1009C000130044491B1B5B415943090D3D4B6353C5
:1009D0003D4B02356519043B5B1B1B053B4D5B0D15
:1009E0002B43AA464D466B800425AC465546E04451
:1009F000131F44441B1B1B055B0D1D434B46997184
:100A000000999D8099604946DF71334B0143136023
:100A1000BBE75800C01880002018C179B9422FD90F
:100A200002000623D356002BF3DA02932B4B6146C8
:100A30000393131D9A4604235B429C46E1445046AF
:100A40004B461B1A1B055B0D9C46204B9571984627
:100A50006346404603439380019B5A199200039BCF
:100A6000A418A380029B1C4AA371009B2260E7711B
:100A7000A3608AE701F04EF8002553465D574FE723
:100A8000908802934005131D9A46031561469C46C3
:100A90004046D444634604302018181AE023000569
:100AA000400D1B0218430390C5E701F033F84FE7F0
:100AB000240100D0B82402205C0F002000ED00E0EB
:100AC000CD01001000A1FFFF8C0F002000E0FFFF10
:100AD00001BDFFFFAAAA00000148804701BD000038
:100AE000F0B5DE4657464E464546E0B50C0083B0AD
:100AF000EFF3108872B6634A1368002BFCD0BFF383
:100B00005F8F614B61499A68030010339F00D5598C
:100B100000938D4243D0A54254D05D4EAA1B2F2A8C
:100B20003DD85C4B9C461B689A4601231A009946A7
:100B30008240534613401F2201934B46024093408C
:100B40009A468022634650469850BFF35F8FEFF37A
:100B500005839B46002B37D0009B5B4501D000F0FE
:100B6000D9FF2A004B469A439068844208D177E027
:100B70004B005B189B00F3189868844236D01A002B
:100B8000062151560029F3DA844255D0019B002BEF
:100B900027D0C02251463F4B5200995019603A4B22
:100BA0009B68DD51BFF35F8FBFF35F8F0022354B32
:100BB0001A6088F3108803B0F0BCBB46B246A94661
:100BC000A046F0BD0D00EAE72A004B469A43906824
:100BD0008442D5D106201056130000280ADA0D00F1
:100BE00032E0802351462B4AD150D8E706201856D0
:100BF000002822DB42001118890074188946A16878
:100C00009960E179D971062161569971002925DB36
:100C1000A488F11A640524154C440919E024090537
:100C2000490D24022143998013181B4A9B00117817
:100C3000F31899711070A9E713005946002914D1CF
:100C4000FF3191711549918013490A789A71144ABC
:100C50009B1B5B415A43120D0A7097E71149E2E76B
:100C60000620105613000028C4DA0F4A0F49D21A82
:100C7000083A5002400D014399800D4952080A4339
:100C8000DA8083E7240100D000ED00E0CD01001000
:100C90005C0F002000E100E0B824022001BDFFFF4E
:100CA000AAAA000001BD0000960F002000F0FFFF7F
:100CB00000F8FFFF10B58308040003202040FF2444
:100CC000054AC0009446844081409B0063441A68F2
:100CD000A2430A431A6010BD00E400E070B501248D
:100CE0000443EFF30581EFF3108C72B6214A1368C9
:100CF000002BFCD0BFF35F8F1F4B05001F4AED1A7E
:100D00006D416A43120D1E4D8900AE6852B276588D
:100D1000A6421CD00621595691421CD01221595688
:100D2000914222D01E215956914220D02A21595653
:100D30000324914210D0134B19781A708171BFF3BC
:100D40005F8F00220B4B1A608CF3108870BDAB686C
:100D50000D4C5C50EFE700246100091989005B1815
:100D6000FF21997109499980E5E70124F4E70224FC
:100D7000F2E7C046240100D05C0F0020AAAA0000C0
:100D800000ED00E0B8240220CD01001001BDFFFFFE
:100D900010B5084B084C82B00100009300220523D7
:100DA0002000FFF7B5FC002801DB1F23181A02B052
:100DB00010BDC0463C930010BC240220024B9C4650
:100DC000614489000160704740000034F8B5124C5E
:100DD000124DAC4212D20126002776422368002B26
:100DE0000DD0FFF7E3FC01002000FFF7E7FF66608E
:100DF0002772BFF35F8F0C34AC42EFD3F8BDFFF71F
:100E0000D5FC01002000FFF7D9FF6660BFF35F8FBC
:100E10000834AC42E2D3F1E7341000204410002043
:100E200010B50400FFF7C2FC01002000FFF7C6FF69
:100E300001235B426360BFF35F8F10BD10B50400F8
:100E40000120FFF7BFFC034BC3189B002360BFF3D7
:100E50005F8F10BD40000034034B9C466144890005
:100E60000160BFF35F8F704740000034F0B5DE468D
:100E700057464E464546E0B583B0EFF3058203235F
:100E80001340B54A990052580091904601229A4069
:100E90009346B24B1A60B24B01935B46B148436331
:100EA000434608229B5E9946002B3ADA43469B88CC
:100EB0001BB2002B00DB9DE043469B79002B00D04A
:100EC000E1E0434608241C5F002C20DB43465A69BE
:100ED00063001B19DB00D3189D68DC686B1C00D114
:100EE00003E1A048009984466144826A0B69AE1A06
:100EF0009B1A9E4213D35A46036A1A420FD099484E
:100F000000F03AFB8C4202DCC7D18542C5D940BF14
:100F100003B0F0BCBB46B246A946A046F0BD0D6189
:100F2000EDE7424652695B0092464B44DB009A442F
:100F300053469E68DF6800F01FFB8F42B6DC00D18D
:100F4000F8E0002F00DAD9E05246534654691B6995
:100F5000019A934200D1CCE0414652460820085EF7
:100F60005288000421001043984704000D0023001C
:100F70002B4300D1C2E0002D00DBDFE03000390060
:100F8000001BA94153469860D96000229A5E002A4E
:100F900000DA8BE743465D6953009C18E4002C1986
:100FA000A768E4688C4200DD80E702D1874200D95F
:100FB0007CE74646328108360DE08C4200D1C6E01F
:100FC0001E000023F25E002A0ADB53009C18E40096
:100FD0002C19A768E4689B18DB00EB188C42ECDD49
:100FE00053461A804B46338043469B881BB2002BE6
:100FF00000DA61E743461A69EFF3108172B61368AD
:10100000002BFCD0BFF35F8F43469E8801234246EE
:101010005B42938036B21369BFF35F8F00221A6080
:1010200081F31088002E00DA46E743465D690833F5
:1010300042469C467700BF19FF00EF19BB68604627
:1010400098460823D15E9246FC68002907DA0EE034
:10105000A24246D018000023C15E002906DB4B00E7
:101060005B18DB00EB18DA68A242F1DD524606801D
:101070000023FE5E3980002EDCDA904643469B79E1
:10108000002B00D11DE7002342469371434646469C
:101090000821595E08364B1C00D138E7474689467F
:1010A000556902E006004B1C18D04B005B18DB00B2
:1010B000E8180A008C46E95E43881BB2002BF1DA7F
:1010C00001235B42DC178360C4604A4503D0318052
:1010D0003B8903803A81E1464B1CE6D1B8464C4639
:1010E000F2E69A684245B5D9C0E7631C00D0F8E63D
:1010F00005E7200023699847002825D1534642463A
:101100001B8813811269EFF3108372B611680029EE
:10111000FCD0BFF35F8F4246514652880A80424658
:10112000494651801269BFF35F8F0021116083F33C
:101130001088BBE6864200D803E7B7E6094800F00E
:101140001BFA001969411DE7656824680FE78742AB
:1011500000D835E744E7C046E01F00203C7005405A
:101160006D0E001000400540074810B50268EFF30F
:10117000108172B61368002BFCD0BFF35F8F03F0B1
:1011800045FA0020002110BD9823002070B52E4C98
:101190002569002D04D00A212C48FFF70FFE70BDF1
:1011A0002B4E0321300000F0DDF9E660FFF7FEFA78
:1011B000284B03229C46D02322701B061B6801216A
:1011C0006370254B6044A3600F23800020610220E0
:1011D000638063694942A1801980023119864731D1
:1011E0001D83585218315A5275325C39995218324F
:1011F0000131995218320131995218320131995204
:10120000083518329D520231183299521832013184
:1012100099521832013199521832013199521832CB
:10122000013199521832013199520C4B0C49DC6052
:1012300001303562FFF730FB01210320FFF7F4FA9C
:10124000084B1D60A7E7C046A40F0020982300208C
:101250000040054040000034FFFF1000E01F002068
:101260006D0E00103860054000487047A40F002044
:10127000F8B51F0008AB1B7804001600002B08D13E
:1012800000F082F932003B00121A8B41002B00DA89
:1012900053E02269EFF3108072B61368002BFCD084
:1012A000BFF35F8F0223E15E63694A005218D200E8
:1012B0009B18002937DB1A8862802269BFF35F8F91
:1012C0000025156080F31088069A9E60DF601A6121
:1012D000079A5A615A8801325204520C101C002A93
:1012E0001FD082B25880080410432669EFF310879C
:1012F00072B63268002AFCD0BFF35F8FA2881A80D2
:10130000A1802369BFF35F8F00221A6087F31088E2
:101310000B4923788C4601329A40E36863441A6093
:10132000F8BD0120DDE72369BFF35F8F00221A605B
:1013300080F3108801204042F2E70020F0E7C04629
:101340003C20000070B501000469EFF3108C72B608
:1013500020680028FCD0BFF35F8F02200D5E4C692F
:1013600068004019C0002418002D37DB2088488011
:101370000869BFF35F8F002606608CF31088E36076
:1013800063880498013320615B0405985B0CA260BC
:1013900060611A1C002B1FD093B22804628018438E
:1013A0000A69EFF3108C72B61368002BFCD0BFF300
:1013B0005F8F8B8823808D800B69BFF35F8F002246
:1013C0001A608CF310880B7801329A40CB68084978
:1013D0008C4663441A6070BD0122DDE70B69BFF3E0
:1013E0005F8F00221A608CF3108801204042F2E7E0
:1013F0003C20000010B543890A1493421ADD5300C3
:101400009B184269DB00D3180469EFF3108C72B6A5
:101410002268002AFCD0BFF35F8F5A88090494B277
:10142000090C8A4208D00369BFF35F8F00221A605B
:101430008CF31088002010BD8022120214435C80BF
:10144000012302698371BFF35F8F002111608CF368
:101450001088044902788C469340C2680120624497
:101460001360E8E73C20000040787047F0B5D646AE
:101470004F464646C0B504000D0082B0EFF3058725
:101480008946002F0ED0344900204B6AAB4203D36B
:101490008A6A0130A24226D302B0E0BCBA46B14605
:1014A000A846F0BD2D4B9846DB689A464346504609
:1014B0001E7800F061F80B00514602000436B600B9
:1014C000715820008E1A2900801A99418F4211DC30
:1014D0000ED020BF204A0020536A4B45DCD3926ACD
:1014E0000130A242D8D25B1B5A1E9341D8B2D3E737
:1014F0008642EED900F048F822002B00121A8B41E8
:10150000002B1ADB00230193154B22000093404669
:101510002B00FFF717FF011E0FDD0F4B5A6A4A45DC
:1015200017D39B6AA34212D34046FFF763FF0A4AD0
:101530000020536A4B45AFD3D1E7074A0020536AD6
:101540004B45A9D3926A0120A242A5D2CBE74A45D6
:10155000EAD120BFE8E7C04600400540A40F0020C4
:101560006911001010B5024A0248FFF7AFF810BD2C
:10157000589300106C1B00200300416A0A00986A0F
:10158000596A8A42FAD17047034B596A0A00986A2D
:10159000596A9142FAD170470040054070B5040085
:1015A0000D00174A536A1900966A536A8B42FAD1A2
:1015B0003000190024184D41AB4216D813D0104A00
:1015C0002B00526A954203D90D494A6A9A42FCD3CC
:1015D0009A4207D10A4A02E0516A994202D1916ABD
:1015E000A142F9D370BDA642E9D9054B5B6A1C0044
:1015F0005A1CEFD0012301246442E5175B42E3E764
:1016000000400540F8B5040006200D0000F078F910
:10161000002844D0374B3849E3185A1E93418022A2
:10162000120494465B429B0D344A9B05634413604D
:10163000334A136018000A689043FBD12D4B314A9E
:10164000E31859424B4180215B0049000620995222
:1016500000F056F92900C00000F062FB0130C30918
:101660001ED1402701226262A362266BF30722D4B7
:10167000E36A254B0620E51800232B60266300F063
:101680003FF93900800000F04BFB7023E26A5A40BA
:101690000E3313402B601D4B23630323A364F8BD5B
:1016A0001B4A93421ED900231A4A1B4F6262A3624F
:1016B000266BF307DCD5194B144AE3181A60656AE8
:1016C000A36A0620AD01ED1800F01AF9144900F0E4
:1016D00027FBAD020100280000F022FB0021FFF7EC
:1016E0005DFFC5E74006800E9F011A003F1803000A
:1016F000B9E7C0460080FCBF08C0004000E00040E1
:1017000000F00040A42300202C1000000103000082
:10171000FEFF0000FFFF0000C0FF3F003030000070
:101720004E0E0000F8B5DE464E4657464546E0B53B
:101730008B4605000A991800160000F0F1FA0A9B82
:101740006C001F02324B64199C46A4006444636819
:1017500081469F4200D967602B1FDBB29846012B60
:1017600030D9C02380229B01E31812011A60294B53
:10177000AD0059599A4600291BD17301E026226811
:1017800053401E40802342465B01E3181E60012A3D
:1017900030D9802380229B01E31812011A6053463E
:1017A0004A4667605A51F0BCBB46B246A946A046BD
:1017B000F8BD586900F0B4FA013043001B18033B30
:1017C000FDD2DAE75B46012BCBD1C02303229B017C
:1017D000E3181A60023AA3681A42FCD07301E026AB
:1017E0002268AD0053401E4080230A4A5B019246A6
:1017F000E3181E605A462168514003220A401A60CD
:1018000001225B469A40A3681A42FCD0C1E7C04659
:1018100000800040701B0020F0B546464F46D6467B
:10182000C0B51F00344B44009C462418A4006444F7
:10183000636888461600FF2B02D880235B00636034
:10184000031FDBB29A46012B30D9C02380229B01B3
:10185000E31812011A60294B85005959994600294D
:101860001BD17301E026226853401E40802352465C
:101870005B01E3181E60012A30D9802380229B017E
:10188000E31812011A6080235B0063604B465F51CE
:10189000E0BCBA46B146A846F0BD586900F040FA2F
:1018A000013043001B18033BFDD2DAE74346012B0E
:1018B000CBD1C02303229B01E3181A60023AA3682C
:1018C0001A42FCD07301E0262268850053401E4076
:1018D00080230A4A5B019146E3181E604246216854
:1018E000514003220A401A60012342469340A268F5
:1018F0001342FCD0C1E7C04600800040701B0020AE
:10190000014B8000C0587047701B0020F8B50400E0
:1019100021481E0017000D0000F002FA01003800F7
:1019200000F0FEF9069B36041B031E432368002BC0
:1019300020DB1A4B1A49E3185A1E93418022920168
:1019400094465B421B0B174A1B0363441360164A01
:1019500013601F000A689743FBD1144B2560E218FF
:101960002123A06013602368002BFCDA0823E660C3
:101970001360F8BD3F2322681340AB42D9D1A3685E
:101980001B051B0D8342D4D1EE22E368D202134023
:10199000B342CED1EDE7C046001BB7000040FDBF0B
:1019A00008C0004000E0004000F0004004300000AB
:1019B00010B580241C4BE4051C6000281AD00123BC
:1019C0001A4C18431A4BDC611A4C44401C62596291
:1019D00098628021144BC90519601748174908609F
:1019E000E021C9041960002A07D18022144B120695
:1019F0001A6010BD0E4BD861EBE753019B1A9B0098
:101A00009A18802312015B049A4209D213000D49EF
:101A10000B60074B5A608022094BD2051A60E8E739
:101A2000094B1A00F3E7C04600B00540D3C007B029
:101A3000008005402D3FF84FFCFF010008200140C9
:101A400000A00540D01F0020FFFFFF008023024AB6
:101A50009B000B43D362704700800540142310B5F0
:101A60000100188804331B88984710BD162310B551
:101A70000100188802331B88984710BDF8B5474607
:101A8000CE4680B50F1E19D01423994604330400A6
:101A90000025012698464B461888434621681B8836
:101AA000984701C4431E9841013540420640AF4269
:101AB000F1D13000C0BCB946B046F8BD0126F8E708
:101AC000142370B50400188804331B880D000549E1
:101AD000984703000020002C01DB0130A0402900C2
:101AE0009847C04655420000AA23064A1B011360CE
:101AF0008D235B00D3600449044B19605368002BAD
:101B0000FCDA70470040024000B0FA00006002407A
:101B10007047C04610B50148FEF7BAFD7C9300102F
:101B200070B5074D074EB54209D20024013E761B21
:101B3000B60808CD984723000134B342F9D170BDEF
:101B40005892001094920010054B064A06491A60FC
:101B5000064A074B1A6010000B689843FBD1704788
:101B600000E00040BFCDFBFE08C00040FE7F3C000F
:101B700000F00040044BDB6C002B03D18022034BB0
:101B8000D2021A607047C046000011504C2011501C
:101B9000044A054B1A60054A1368DB018033FBD108
:101BA0007047C046FFFFFF0100F0004008C0004042
:101BB0004022034B9A675A671A67DA667047C04635
:101BC00000F0014010B5FEF70FFE10BD70B5044DDA
:101BD000044CA968C022200000F0EAFCAC6070BD93
:101BE00000ED00E000000020002310B5294C82B079
:101BF000A367FFF779FF0122274B1A60636C012B63
:101C0000FCD10322254B1A60224A936B012BFCD195
:101C1000013300930121224A22480433FFF776FE64
:101C2000052301210093204A2048FFF76FFE002280
:101C3000022104201E4BFFF7EFFD002201210520A9
:101C40001C4BFFF7E9FD0022002107201A4BFFF78C
:101C5000E3FD002200210820174BFFF7DDFD802364
:101C6000DB000093002200210920134BFFF75AFDEF
:101C70000022104B00210620FFF7CEFD0420FFF7C5
:101C80003FFE0E4900F04CF801000020FFF7DEFE99
:101C900002B010BD008000403CB0004030B00040B9
:101CA000002F685900800240008C864700C0024027
:101CB000001BB70040597307006CDC0240420F0064
:101CC00001480421014B1847C00F00207D1A001065
:101CD000124A936F9B0815D29066D166002905D0F1
:101CE000FFE7FFE7FFE7516F106F704704B58021F2
:101CF0000906C2175140002800D0C84307F07CFAFB
:101D0000002104BDF0B5146E556E576F166FFFF7C6
:101D1000E3FF1466556657671667F0BD000000D0F4
:101D2000114A936F9B0813D210665166002905D0A3
:101D3000FFE7FFE7FFE7516F106F704704B500281A
:101D400001D00020C04307F057FA002104BDC0466F
:101D5000F0B5146E556E576F166FFFF7E5FF1466FA
:101D6000556657671667F0BD000000D094464A4A92
:101D7000926F9208624601D228E0C046F0B5464E06
:101D8000346E756E776F366F00F020F89446424AD5
:101D900014665566576716676246F0BD94463E4A1C
:101DA000926F9208624601D254E0C046F0B53A4EB6
:101DB000346E756E776F366F00F04CF89446364A85
:101DC00014665566576716676246F0BD002B24DB24
:101DD00011D000293EDA00B5C943404200D101319B
:101DE00000F038F8C943404200D10131DB43524290
:101DF00000D1013300BD002AEBD1002801D1002918
:101E000005D00020C90FC90701D1C043410800B562
:101E100007F0EAF90022002300BD00B500290ADB23
:101E2000DB43524200D1013300F014F8C943404271
:101E300000D1013100BDC943404200D10131DB4333
:101E4000524200D1013300F005F8DB43524200D189
:101E5000013300BD002923D1002B18D1002A0CD05A
:101E6000BC460D4F38667A6600210023FFE7FFE786
:101E7000FFE77A6F386F67467047002801D0074840
:101E8000010000B507F0B0F90022002300BD0200F8
:101E90000B00002000217047000000D0FFFFFFFF73
:101EA000002B00D0BFE0130C28D1002AE7D080B46B
:101EB000114F39667A66FFE7FFE730B4040C7B6F99
:101EC000396F1B0423433B667A66FFE7FFE7FFE7B2
:101ED000C04684B27B6F3D6F1B0423433B667A662A
:101EE000FFE7FFE7C04600232C042D0C7A6F386F04
:101EF00000196941B0BC7047000000D0F0B59446AD
:101F00000025140E01D112020835140F01D112015F
:101F10000435940F01D192000235D40F01D1520043
:101F20000135D40B0134254F7C66254C3C660E0CE4
:101F300093B2FFE7FFE7FFE73C6F6643360C77039A
:101F4000BE467343DF0B5B04C01AB941130C7343E5
:101F5000DB18C91ACE086643360CB64493B27343F5
:101F60001F0F1B01C01AB941130C73431F0B1B0534
:101F7000C01AB941860D8F023E436643360C092DC7
:101F800024DB520A7243801A7703460A6643360CF2
:101F900016235B1BDE40DF40BF1964466643821B8D
:101FA0007046043506330100D940A840C01900D35B
:101FB0000131A24206D20023F0BD0000000000D093
:101FC000FFFFFFFF121B0130F3D3F1E709277F1B4F
:101FD000FE406446A2B27243801A00D20139220C3C
:101FE0007243130C1204821A99410B007046043597
:101FF00013370100F940A840801900D30131002BAC
:1020000002D1A2420AD2F0BD013000D30131121B2D
:10201000FAD2013BF8D1A24200D2F0BD013000D388
:102020000131121BF7E7F0B51C0C00D080E00CB4B6
:1020300000251C0A04D11B02160E33431202083578
:102040001C0B04D11B01160F3343120104359C0BEA
:1020500004D19B00960F334392000235DC0B02D172
:1020600092185B4101351C00971864410134464FBA
:102070007C66464C3C660E0CFFE7FFE7FFE7C04678
:102080003C6F6643360C7703BE4697B27743C01B5E
:1020900000D20139C01B00D201399FB27743C91B5E
:1020A000C91B170C77437E04FF0B801BB941CE0878
:1020B0006643360C0C2D33DBB644120B1F053A4336
:1020C0001B0B97B27743C01B00D201399FB27743F5
:1020D000C91B170C77433E043F0C801BB941860D8A
:1020E0008F023E43664329277F1BFE400C3D774607
:1020F000AF40BF1930BCA2B2ABB272437343801A77
:102100009941220C7243130C1204801A9941020067
:102110000B000137001BA941F9D2781E0021F0BD48
:102120000C277F1BFE4077467F0BAF40FF19E0E78F
:1021300000245D1C07D0144F7D663966FFE7FFE77A
:10214000FFE7FFE73C6F95B29EB265436643401BD5
:10215000B141150C1E0C6543664336042F0C3E43FB
:102160002D04401BB141994204D202000B00200013
:102170000021F0BD01D19042F7D3801A994101347A
:102180009942F2D3F6E70000000000D0FFFFFFFF06
:1021900048404140484018B4134B5B68019308BD68
:1021A00018B4114B1B68019308BD94460F4A926FF7
:1021B000920805D2624618B40B4BDB68019308BD48
:1021C0000A4AF0B5146E556E576F166F6246FFF7E8
:1021D000F2FF064A1466556657671667F0BD18B4D5
:1021E000014B9B68019308BDD0110020000000D076
:1021F000FFB550404240504059404B40594000E0EC
:10220000FFB5154F4C00640D03D0BC4204D10C0344
:1022100014D80020090D09055C00640D03D0BC42F0
:1022200004D11C030AD800221B0D1B0501264B40BC
:1022300009D44B4003D58B4200D18242FFBD994265
:10224000FCD19042FFBD0B43DB1803431343F5D091
:10225000C9434918FFBD0000FF07000000B5FFF7A4
:10226000CFFF804100BDC04600B5FFF7C1FF01D9D7
:10227000002000BD012000BD00B5FFF7B9FF80417F
:1022800000BD012040054A00121804D85A00121857
:1022900001D800207047012070470000002100286D
:1022A00005D17047C1174840401AFAD0C90713B585
:1022B000064B1B6898470CBC441CA2401005120B2F
:1022C0000349091B09051943114310BD942200203D
:1022D0001F04000010B54C00620D8023D218DB00F3
:1022E000D21A5B057E2A10DD9E3A13DACC17090359
:1022F000490819435242D140640001341532202A62
:1023000005DAD0400843604310BD002010BD0846E8
:10231000604310BDC80FC018013810BD18B4024B7F
:102320005B6A019308BD0000D011002010B5014880
:10233000FEF7AEF988930010132370B51D78012DB8
:1023400019D014DD1D48FFF791FB06001C48FFF76C
:102350008DFB1C4C80223100200000F029F9022D59
:1023600006D01948FFF77AFB184B186070BD154C62
:10237000174BA364F5E7174B124C23606360A3600F
:10238000E36023616361A361E36123626362A3622B
:10239000E36223636363A363E36323646364A3640B
:1023A000E36423656365A365E36523666366A366EB
:1023B000E36623676367A367E367D9E753440000D5
:1023C00053460000D01100204C330000942200201E
:1023D000D92300102D23001007B5604601880A0A92
:1023E0000230DF2AFAD1C9B2820804D302884088B9
:1023F0000004104300E00068014A5050039007BDFC
:10240000D011002051434343C9188C46110C83B2AC
:102410004B4310B4040C614392B280B25043624308
:102420001C041B0C001910BC59411304120CC018D9
:1024300051416144704700004840414048400E4BC4
:102440005B6818470C4B1B6818470C4A936F9B0836
:1024500002D2094BDB681847F0B5146E556E576F02
:10246000166FFFF7F6FF054A14665566576716673D
:10247000F0BD014B9B68184798220020000000D057
:10248000C10FC90700D54042002817D0F44603B455
:102490000B4B1B68984706BC81409E3840428031F8
:1024A00007D20B0607D04900490AC005104308436C
:1024B00060470130F8E7490A8902F5E770470000F4
:1024C0009422002041000A0E80231B067E2A0BDD89
:1024D0009E3A0BDAC1174002400818435242D040DE
:1024E000490001314843704700207047C00FC018B1
:1024F00001387047C0420DD300B5400040080021AC
:1025000000F00EF8002801D4404200BD80200006F3
:1025100000BD0000014BDB69184700009822002035
:10252000014B5B6A184700009822002010B5014853
:10253000FEF7AEF8E0920010132310B510481C7897
:10254000FFF794FA0100012C0AD003DD80220D4828
:1025500000F02EF80C48FFF781FA0C4B186010BD04
:10256000084C5422200000F023F822000849803251
:102570002368002B00D1216004349442F8D1E9E7AC
:1025800053460000982200204C3300009422002083
:102590002D25001001480421014B1847D00F0020C1
:1025A0007D1A0010014B1B6818470000D00F002057
:1025B000014B5B6818470000D00F00207047C046F1
:1025C000F8B55746DE464E464546E0B599460A9B65
:1025D00007009A460D9B884693460B9C9B073BD170
:1025E0000C9B9C423DD21E1B0B9415000C005E44BC
:1025F0002A004B46013521002020B847B542F7D1CB
:10260000A0460B9C002C20D0454636195346321B61
:10261000013C185D29004B46B847002CF6D12B0031
:10262000350098460D9B9B070FD55B46EC1A0C9B1B
:10263000A3420AD9464698462A004B46310020203C
:102640000134B84701354445F6D32800F0BCBB46F9
:10265000B246A946A046F8BD16001500002CD3D1FD
:10266000E0E71600002CCFD11500EEE7F0B54F469D
:102670004646D646C0B584B098460EAB1B78944605
:102680009946129B0D9C109F119E9A0725D4002EEF
:1026900065D1BC4221D201221A409246202C00D1A1
:1026A000E9E00C9A551E302202E0202C00D17BE09C
:1026B00001342A55A742F8D85246002A0DD0B44218
:1026C0000BD20C9A551E3022202C02D171E0202C06
:1026D0002DD001342A55B442F9D1DA063CD55A0539
:1026E0002ED4002C28D10F9A102A00D1B6E0022A4D
:1026F00000D1BCE030220C9C227001244A46002A02
:1027000065D15A0700D499E02B220C9D2A5501343B
:1027100003930C9B62460093029643460194FFF795
:102720004FFF04B0E0BCBA46B146A846F0BD202435
:10273000DA06EDD55A0503D4A74266D0B44264D078
:102740000F9A102A71D0022A57D0202CE0D02200F4
:10275000013430250C9FBD54202CD9D0CEE7012266
:1027600015001D40AA461A4236D04A46002A4AD1D0
:102770000C321A4247D1BC42A1D2202C91D1202E3A
:1027800017D82024DA06C3D55A051BD4202F01D030
:10279000202ED5D11F220F9D102D6FD0022DD8D104
:1027A00062250C9FBD54D0E75246002A79D0202ED6
:1027B000BDD92024DA06ABD55A0503D4202FE9D0A1
:1027C000202EE7D00F9A102AA2D12024A0E72D2294
:1027D0000C9D2A5501349BE7BC4200D37DE7202C99
:1027E00000D05EE7DA06F0D55A05EED4202F62D08D
:1027F000202EEAD134001F22CDE7202C00D187E71C
:1028000022000134CCE7013EB5E7621E012CC2D1A3
:102810000F9A102A00D06AE79A063BD558220C9CE2
:102820002270283A6270022468E79A060ED4202C9F
:10283000CBD078220C9D2A55013486E71A0700D4A4
:1028400066E720220C9D2A55013461E7202CBCD07C
:1028500058250C9A12191570013476E79A0608D596
:1028600058220C9C227030226270022446E76032AB
:10287000F7E77822F5E7002A83D1B3E7A21E013CEF
:102880009D0603D478250C9FBD5460E758250C9F06
:10289000BD545CE778220C9C2270483A6270022496
:1028A0002CE7DA0600D433E75A058BD4202F00D06A
:1028B00044E71F226FE73C001F226CE710B5002899
:1028C00000D110BD01F068FBFBE7C0460B0010B55E
:1028D000002802D049681B68984710BDF0B55746DC
:1028E0004E464546DE46E0B599B08246894690465A
:1028F0000893229A239B10001900FFF7C2FC0028BE
:1029000000D0CDE0229823990122D94B5242FFF703
:10291000B3FC002800D0C3E0229823990122D54BB4
:102920005242FFF79BFC002800D0B9E0229823997F
:1029300000220023FFF792FC002800D0F1E1229E44
:10294000239F8023269ADB001A400D92269A1A4272
:1029500001D1062324938023269A1B011A403B00B1
:1029600093460996334300D0B3E0002A00D0C2E179
:10297000002300240A930B94002304250993259B2C
:102980000024AB4200D95C1B0223269A1A400C9209
:10299000269A134203D06B426B415B421C40099B59
:1029A000002B07D00A9A0B9B30003900FFF7FDFB84
:1029B00006000F002298239900220023FFF74EFC07
:1029C000002803D0802109067B181F00269AAA4BF5
:1029D000009601971340089E0493249B039402934E
:1029E000424633004946504600F0AAF90400002D43
:1029F00067D02020269A4946024013005A4253418C
:102A00005B42621C18400A92330022004530D047D6
:102A1000099A6F1ED317D4185C40D30F9B4600252C
:102A200001E0202D13D008AA94461F232000634400
:102A30000A2101355E19FFF773F93031317020003A
:102A40000A21FFF76DF926000400092EE9D80523B5
:102A50000693002304930A3303935B46089E029374
:102A600010AB0A9A009349463300504605970195EA
:102A7000FFF7FCFD0C9A0400002A22D04246851A7A
:102A8000259AAA421DD9B046574616002200434651
:102A9000494620200135B8470134AE42F6D810E04F
:102AA000269B42460493259B49460393249B50460C
:102AB0000293229B239C00930194089B00F040F911
:102AC0000400200019B0F0BCBB46B246A946A0469F
:102AD000F0BD6A4B78009C46400D6044FFF7E2FB76
:102AE000674A684BFFF77BFB674A684BFFF758FB69
:102AF000674A3B031B0B1A4304000D0009981100A1
:102B0000644B0022FFF747FB634A644BFFF767FB08
:102B100002000B0020002900FFF742FBFFF7DAFB61
:102B20000990FFF7BFFB5E4A5E4B04000D00FFF704
:102B300056FB00225C4BFFF733FBFFF7CBFB5B4AF6
:102B40005B4B29000C902000FFF749FB04000C9818
:102B50000D00FFF7A7FB574A574BFFF740FB02005A
:102B60000B0020002900FFF716FB04000D000200F7
:102B70000B000A940B95FFF732FB04000D000A9836
:102B80000B9902000B00FFF70BFB00220E900F9138
:102B90004A4B20002900FFF708FB0022484BFFF7B3
:102BA000FFFA02000B0020002900FFF7FEFA0022C6
:102BB000444BFFF7F5FA02000B0020002900FFF755
:102BC000F4FA0A9A0B9B0D0080210400C90500202D
:102BD000FFF7E1FA02000B0020002900FFF7E0FAFE
:102BE00002000B000E980F99FFF7DFFA0022284B26
:102BF000FFF7D6FA344B0C9C9C4664442305002214
:102C0000FFF7EDFA04000D0002000B003000390060
:102C10000A940B95FFF722FB00285DD123002A00C0
:102C2000C625099963318D42AD4159466D4204353F
:102C3000002900D1A3E6134363D030003900234AB2
:102C4000234BFFF711FB002807D00022300039008A
:102C5000204BFFF703FB002853D1249B002B00D10E
:102C60008DE60D9B5A1E9341249AD31A249386E62F
:102C7000FFFFEF7FFFFFEFFFFFF7FFFF01FCFFFF0D
:102C8000FB799F501344D33FB3C8608B288AC63F5B
:102C90000000F03F0000F83F61436F63A787D23F19
:102CA00071A379094F930A400000E03F1655B5BB68
:102CB000B16B0240EF39FAFE422EE63F00002C4095
:102CC0000000244000001840FF0300002D431CEBCF
:102CD000E2361A3F80842E41099B0022013B099372
:102CE0002000164B2900FFF760FA0A0001000300DC
:102CF0000A910B9294E7002300240A930B9400237B
:102D00000993249A099B9A4214DDD31A013B249318
:102D10008023269ADB001A4300230025269209937C
:102D20002DE6802212069446229B1E00239B6344BC
:102D30001F0006E600232493EAE7C0460000244073
:102D4000F0B54546DE464E465746E0B595B08B4653
:102D5000904699461E9A1F9B0A9019001000209DCC
:102D6000FFF78FFA002800D0B0E11E981F990122CA
:102D7000C74B5242FFF772FA002800D037E11E9885
:102D80001F990122C34B5242FFF776FA002800D068
:102D9000A7E01E981F990022BF4BFFF76DFA00288D
:102DA00000D088E01E981F990022BC4BFFF756FA0E
:102DB000002800D07FE01E981F9900220023FFF713
:102DC0004DFA002800D0FAE000230B938023229CC8
:102DD000229ADB001C401A4200D102E1092D00D8E2
:102DE0007CE106A98C462C00172200233021093CE7
:102DF00062440133D154EF1A202B00D132E1A342B7
:102E0000F7D10022A44B069207931E981F99FFF753
:102E100061FA0500FFF746FA02000B001E981F99A1
:102E2000FFF7B9F9069A079BFFF7D9F908900991BE
:102E3000FFF774FA0600FFF731FA02000B0008985A
:102E40000999FFF7A8F90022954B08900991FFF71F
:102E500013FA002800D1D2E001363000FFF71EFA45
:102E6000069A079BFFF700FA002801D000260135DB
:102E7000AA46002F00D098E02800FFF713FA0200BE
:102E80000B001E981F99FFF786F9854B002206005C
:102E90000F00FFF7E3F90CAB9A46002845D100225A
:102EA000300039007E4BFFF7E7F900283DD1EB07F2
:102EB0003BD5013539E0229B42460493219B59467C
:102EC00003930A981E9B1F9C0295009301944B4606
:102ED000FFF704FD15B0F0BCBB46B246A946A046BC
:102EE000F0BD229B5B0767D403226E4B22990192AF
:102EF000039121990291009342464B4659460A9804
:102F0000FFF75EFBE6E706AA944617232800634412
:102F10000A2101341E19FEF7DBFE30312800317022
:102F20000A21FEF7D5FE051E76D0202CEBD1032317
:102F3000229A1340012B1DD1219B002B1AD00B9BF1
:102F4000002B00D0BBE0229A0C33134200D0B6E035
:102F5000219BA34200D887E006AB9C461722302372
:102F6000624404E02199013413558C4259D0202C3D
:102F7000F8D12024229B01940393219B0293534672
:102F8000B9E706AA944617230A21634430000134A6
:102F90001D19FEF7C5FE3031297030000A21013FAE
:102FA000FEF7BEFE092E46D90600202CE9D1554673
:102FB0000CAB20249A46B8E704223B4B96E71E9AB6
:102FC0001F9B00200021FFF7E6F801230B938023CD
:102FD000229C229ADB001E901F911C401A4200D0B6
:102FE000FCE60022314B0627069207930DE7229B51
:102FF0000393219B0293042301932D4B7BE7002233
:1030000008980999264BFFF729F9002800D02FE7E7
:10301000002E4FD101362BE70323229A1340012BB8
:1030200066D0202CA6D00B9B002B1FD02D23524600
:10303000135501349EE75546202CB9D030233A1958
:10304000002F08D0172006A9013409180B55202C91
:10305000AED09442F6D10CAB9A462E23524613556D
:10306000013462E72024CCE6202C83D0229B5B072E
:1030700008D4229B1B0700D47CE72023524613551B
:10308000013477E72B2352461355013472E7C046CB
:10309000FFFFEFFFFFFFEF7F65CDCD4165CDCDC1D8
:1030A0000000E03FE4930010DC93001080842E4188
:1030B000EC930010F30700D4DAE60136D8E6219B42
:1030C000013B2193A34200D946E7AAE7229B039341
:1030D000219B029303230193074B0CE7074BEA0064
:1030E0009B185C681B682F000693079400248CE6ED
:1030F000219B002B95D022E7E8930010D09600107A
:10310000F0B55746DE464E464546E0B5A5B01F0031
:103110002E9B91460D93CA4ACA4B82468B461A6033
:10312000002900D129E2002338789846002800D1F0
:103130002BE2C54B44460C93C44B55464E460E936A
:103140000AE0631C9846220033005946A8474446CB
:103150003878002800D187E001372528F1D10823ED
:103160009A46043B9946023B9846013B00229C4606
:103170000B943878791C0300203BDBB2102B03D86A
:103180000C9C9B00E3589F460300303B0B9C0B922A
:10319000092B3AD9002398462A2800D1DDE00023E4
:1031A0009A462E284BD00300683BDBB2122B1ED868
:1031B0000E9A9B00D3589F4663460F001A43D8E7E8
:1031C00043460F001A43D4E74B460F001A43D0E79B
:1031D00010230F001A43CCE753460F001A43C8E7E9
:1031E00080235B000B9A78781A430B9201310F0011
:1031F00067284FD82428A4D90300253BDBB2422BF3
:103200009FD893499B00CB589F46002398460B9B21
:1032100047469C4600E00131BB00DB195B001F18EC
:103220000878303F0300303B092BF4D963460B93F9
:103230000023B8469A460F0001312E28B3D18020D2
:103240000B9AC00002430B92302252429446787887
:103250000B0084446246092A00D8AAE12A2800D13A
:10326000B9E10F0001319EE7A046AA46B146C84524
:1032700003D301235B424B4498464B464246594692
:103280000020D047200025B0F0BCBB46B246A9467E
:10329000A046F0BD01006939C9B20F2900D950E735
:1032A00001238B409C466B4B994663464A4613402C
:1032B0000F9362464B461A4200D068E10A2956D065
:1032C000072900D03DE70D9B02CB9846002900D08E
:1032D00092E10B9B10211A008A4310001131084320
:1032E000814680201A00C0000240110003421CD118
:1032F00014AB9C461F220F2362440D959C4615007B
:103300000F9B0B9402E0202B0CD0110064460C4064
:1033100020003730092C00D807380133E8540A0957
:103320000F29F0D80B9C0D9D0F934B460822069356
:103330005346059208320392002204930F9B029297
:1033400001931CAB22000093594633002800FFF77D
:103350008DF9434604000D93FAE60D9B04CB90468D
:10336000002A79DB78780D930F00013117E70D9B68
:1033700002CB14930B789C4618005346002B00D1C7
:1033800034E1002815D05346013B013399460D9492
:103390000B9C89444A460B00A14601E0934203D0AE
:1033A0005C780133002CF9D14A465B1A0D9C0B92D4
:1033B0000F938023DB0099460B9A13400D934B46E5
:1033C0001A4204D00F9B534501D953460F93022351
:1033D00099460B9A13400B934B46134200D1F5E1EB
:1033E0006346002B00D1D6E10D9B002B00D182E17A
:1033F0000B1BD14631009A463B00A1442E005F468C
:103400004D4622009B46894609E04B463900541C34
:10341000B0475346185D002800D192E12200954242
:10342000F3D14B465A46A946BB46350017001E004D
:103430004C460B9B002B00D0ADE1149B0D9387E60F
:1034400001310010CC1F0020349500107895001039
:10345000C4950010419000000B9A283802430B924B
:1034600042465242787890460F000D93013196E61D
:1034700078786C2800D15DE180230B9A5B001A43B9
:103480000B920131B3E680239B00ABE67878682885
:1034900000D148E180230B9A01311A430B92A6E632
:1034A000672800D1B2E0472800D11AE1452800D1B1
:1034B0001CE10B9A0721049242460D9B03920733AD
:1034C00052468B43190002920CC9280000920193C6
:1034D0000D91220033005946FFF700FA040037E649
:1034E000462800D18DE00B9A0721049242460D9B9D
:1034F0000392073352468B43190002920CC92800ED
:10350000009201930D91220033005946FFF718FCF9
:1035100004001DE6631C984622003300594625200E
:10352000A847444614E60D9B04330F93631C994649
:103530000B9B9A0700D40AE10D9B2200187859468C
:103540003300A84743464444012B00D86FE1B046FE
:103550002E0025004C46B9465F4622004346013402
:1035600039002020B047AC42F7D12C00BB463500D3
:103570004F4646460F9B0D93EAE5D64B38789A4660
:1035800000239846002800D0D3E500246FE66F287A
:1035900042D000D8FDE11023782800D19BE00B9A9F
:1035A0009A430B920A239C46002314930A330F93E9
:1035B00038E057460B9AB900C919490001330F1872
:1035C0001878303F010030390929F4D9BA460B92F6
:1035D0001F00591CE7E50D9BB87804CB0237D14397
:1035E000C9170A4092460D93791CDCE5002800D1EA
:1035F000DFE602235B42C8E621200B9A0243914694
:1036000076E620230B9A1A430B926CE780230B9AE1
:103610001B011A430B924CE708239C46002314938A
:1036200008330F930B9880230200DB001A4011002F
:103630000200184200D080E00C239A43100080233F
:1036400002009B001A400B92184200D0F1E0802348
:1036500002005B001A4091460D9A043214921842FF
:1036600000D0C3E2430600D5D7E0030600D421E32F
:103670000D9B1B880993002B00D02DE1103398433C
:10368000002900D128E1002399464346059353467B
:1036900004930F9B06900393002302934B460193E0
:1036A0001CAB22000093594633002800FEF7DEFFD2
:1036B0000400C2E6582809D0622800D0E3E20223C1
:1036C0009C460023149302330F93ABE720230B9AFD
:1036D0001A430B92103B9C460023149310330F9314
:1036E000A0E780230B9A1B011A430B9220230B9A0D
:1036F0001A430B92DDE60B1B9A460F9B99463B0043
:1037000037005E469B4622003B003100A8475346E7
:103710000134185D0028F6D14B460F935B46B34643
:103720003E001F0085E6C0230B9AB8781A430B921F
:10373000F91C5CE5C0239B00F6E70D239A431000BB
:103740007DE75B463500BB464E461F0071E64346AB
:10375000012B66D9631E434432002E001D003B003E
:10376000A2465F4691469B4622004B4601343900F3
:103770002020B047AC42F7D15B463500BB464E46F1
:10378000A14654461F000D9B4A46187859463300FF
:103790004444A847EEE60F9BA146984500D84CE666
:1037A0004444E41AB0462E0025004C46B9465F4614
:1037B00022004346013439002020B047AC42F7D103
:1037C0002C00BB4635004F46464636E60F988045EE
:1037D00000D873E24346E218131A32002E001D008F
:1037E0003B0091465F469B460F9122004B460134B9
:1037F00039002020B047AC42F7D15B46BB461F00E2
:1038000043460F9901330F930B7835009C464E4683
:103810006046002800D0E7E50FE60D9B1B78099372
:1038200029E70D9B2200187859463300A8474C46DB
:10383000A0E60D9AFA3BFF3B07329A4301339946C3
:1038400091444B460D931368526815921A4306D162
:103850001032904300220992002900D083E06122B7
:10386000810600D54122D2B20A9214AA91460A9A40
:1038700000210A3A0B9242461792524618925A4633
:10388000B24609911E001F31149B4944BB46169451
:103890001A950024674698468946159D19901B92F3
:1038A0000AE03032D2B24B4601341A55A8454CD00A
:1038B000202C4CD006000D003A00002330002900D7
:1038C000FEF76CFAD2B2092AEBD90B9B9C466244F4
:1038D000D2B2E8E7BD2500106123820600D541235E
:1038E000DBB20A3B0B93434614A91F228C46159367
:1038F00053466244B2460D9417974C468046A946FB
:103900001700099D0F9E169308E03033DBB2013497
:103910003B55B5420ED3202C0CD0050031002800B9
:10392000FEF7FEF9CBB20929EFD90B9A944663440E
:10393000DBB2ECE7159B40469846169B4D46564633
:10394000A1469A460D9C179F9FE6B742B0D9179B98
:1039500056469846189B5F469A461B9B09949B4681
:10396000169C19981A9D43460593534604930F9B42
:103970000690039300230293099B01931CAB220042
:103980000093594633002800FEF770FE0400FFF74D
:10399000DFFB10230B9A9A430F92692800D091E124
:1039A0000B9980230A00DB001A4010000A0019421C
:1039B00003D0112118008A430F920F9A802311001F
:1039C0009B0019408C461A425BD1802311005B009A
:1039D000194089460D9904310B911A4200D0B2E08A
:1039E00013005B0600D4EDE00D9B1B781A00D90F85
:1039F0000D91002B00D1A3E0100014AA944642467A
:103A00001F23159252466344A846BA464D46149465
:103A1000B14604001F00169201E0202D0FD02000B7
:103A20000A21FEF77DF901357E1930313170200011
:103A30000A21FEF775F926000400092EEDD8159B22
:103A40004E46A94645469846169B57469A46149CAC
:103A50000F9B069343460593534604930A2303930F
:103A60000D9B02934B4601931CAB220000935946D9
:103A700033002800FEF7FAFD0B9B04000D93FFF7BF
:103A800067FB07220D9B07339343013294469C4406
:103A900062460D920CCBD90F0B911100194300D146
:103AA0009BE0D917139112915140109113995940ED
:103AB000119110981199129A139B801A99411090A4
:103AC000119114AA944642460023159252469946F3
:103AD000169232001F336344A8464E46BA461494E9
:103AE0001F00109C119D914601E0202E10D0200057
:103AF00029000A220023FEF751F9013630322B004B
:103B0000BA550D0022000400002BEED1092AECD892
:103B1000159B10941195454698464B46169AB1460A
:103B200057461E009246149C0F9B069343460593EE
:103B3000534604930A2303930B9B02934B461CE7C3
:103B4000002885D159E70D9B1B68DA0F1100002B67
:103B500000D1A6E0DA179818504014AA91461F2306
:103B600042464B44A8460D94169704006546B1465C
:103B70001F001491159201E0202D0FD020000A2182
:103B8000FEF7CEF801357E193031317020000A2160
:103B9000FEF7C6F826000400092EEDD8159BAC46AA
:103BA00045469846149B4E4619000D9C169F0F9B48
:103BB0000291069343460593534604930A230393C5
:103BC000634650E713001B066ED50D9B00229B5EDB
:103BD000D9175A184A4092B209E70023994600289B
:103BE000A2D100220023109211936AE70D9B1B685B
:103BF0009946002B03D110339843002938D1612313
:103C0000820600D54123DBB20A3B0D93434616934F
:103C1000534614A91F228C4617932B0062444D462D
:103C2000B246159418978046170099460B9C0F9E34
:103C300008E03033DBB201343B55B5420ED3202CC3
:103C40000CD0050031002800FEF76AF8CBB2092934
:103C5000EFD90D9A94466344DBB2ECE7169B4046DD
:103C60009846179B56464D469A460B94189F159CAE
:103C700043460593534604930F9B069003930023FA
:103C800002930B9B0BE50B9980230A00DB001A4083
:103C900010000A00194200D08BE610239A430F92BD
:103CA0008BE6002883D158E70D9B1B68D9175A185B
:103CB0004A409CE60D9B1B680993DCE4030001333A
:103CC0000F93A5E50B926DE400B585B0039101213A
:103CD00002900093034813004A4202A9FFF710FA2A
:103CE00005B000BDCD28001010B5094A03001468C6
:103CF00084B0002C08D0012200910648524203A94A
:103D0000A047012004B010BD00F092F90020F9E7AF
:103D1000CC1F0020BD28001000BEFDE710B5FFF746
:103D2000FBFFC04670B5FDF7FBFE074D074EB542E1
:103D300009D20024013E761BB60808CD984723001F
:103D40000134B342F9D170BD94920010A4920010D6
:103D5000030010B5080011001B68984710BDC0464D
:103D6000F0B5C64600B5437D07000D001600002BD8
:103D700038D0002A2EDD00216A1E90466A5C037D41
:103D80004C1C00200A2A0CD0A64216D043461B5DCC
:103D900021000D3B5A4253416A5CDBB24C1C0A2A9B
:103DA000F2D1002BF0D1884217DB022110483B688A
:103DB0009847A64207D02000E8E7864203DD311A83
:103DC0003B6828189847AD19013D2B780D3B5A42A6
:103DD00053413B7580BCB846F0BD091A3B682818B2
:103DE0009847E2E70368110028009847F2E7C046C9
:103DF00020970010F0B5C6460B6806000C0000B511
:103E0000802B06D05A1C2260E418267180BCB8466C
:103E1000F0BD0F4B1D68002D16D00B1D98460D4FA1
:103E200002E02D69002D0FD02B68002BF9D03B68E4
:103E3000002B01D0AB42F4D1280041462268FFF7A5
:103E40008FFF2D69002DEFD101220023DBE7C04653
:103E5000C01B0020C81B0020F0B5DE4657464E466A
:103E60004546E0B585B017001C0006000D00FDF7C3
:103E70008BFB0023314A12184B41802109068B42EB
:103E800002D301222E4B52422E4908008A4605F0E9
:103E9000CBF901906B1C03D1300005F0F1F805005F
:103EA000002C26D0284B9846284B1C68002C15D097
:103EB000002F21D1264F02E02469002C0ED0236868
:103EC000002BF9D03B68002B01D09C42F4D120009C
:103ED0002A003100C0472469002CF0D1019B002B3F
:103EE00028D1280005B0F0BCBB46B246A946A04682
:103EF000F0BD184B9846D7E7154B994602ABDF1D2E
:103F00000A239B4602E02469002CE7D02368002B9B
:103F1000F9D04B461B68002B01D0A342F3D12A00F5
:103F200031002000C0475B460122390020003B7071
:103F3000C047E8E7504605F047F9D2E740420F0096
:103F4000FFFFFF7F3C100020613D0010C01B0020E0
:103F5000C81B0020513D00100A4A1368002B05D1F0
:103F60000CE01A001B691032002B07D09842F8D1E0
:103F7000002902D103691360016170470029FCD058
:103F80001060FAE7C01B002010B500F0B3F902F092
:103F900099FF012010BDC046F0B5CE46474680B51A
:103FA00083B06B460600DD1D2870FDF7EDFA002397
:103FB0001A4A12184B41802109068B4202D3012272
:103FC000174B524217490800884605F02DF9164B49
:103FD00081461C68002C14D0144F02E02469002C88
:103FE0000FD02368002BF9D03B68002B01D09C42F6
:103FF000F4D1200001222900FFF7B2FE2469002C31
:10400000EFD14B46002B05D1300003B0C0BCB94600
:10401000B046F0BD404605F0D7F8F5E740420F0046
:10402000FFFFFF7F3C100020C01B0020C81B0020AA
:1040300070B5040005F024F80123010005000122F9
:104040002000FFF709FF084B1C68002C06D06368AE
:10405000002B05D098472469002CF8D1280070BDAA
:104060002469002CF3D1F9E7C01B0020F0B5CE463F
:10407000474680B5A3B004000D00FDF785FA002384
:10408000294A12184B41802109068B4202D3012292
:10409000264B5242264F380005F0C6F80023060092
:1040A000019322002B00234801A9FFF70DFE019B7D
:1040B0008046002B14D1204B1C68002C06D063686E
:1040C000002B0BD098472469002CF8D1002E25D165
:1040D000404623B0C0BCB946B046F0BD2469ECE709
:1040E000154B1D689946002D1CD0144C02E02D691B
:1040F000002D0FD02B68002BF9D02368002B01D0A6
:10410000AB42F4D12800019A02A9FFF729FE2D69DC
:10411000002DEFD14B4601951C68CEE7380005F025
:1041200053F8D5E70195D1E740420F00FFFFFF7F2D
:104130003C100020F53D0010C01B0020C81B0020D3
:104140000FB400B583B004A901C90191FFF78EFF38
:1041500003B008BC04B01847F0B5002915DD0E4BBC
:104160000D271A680D4B0E4CD3185D426B41451854
:1041700020215B001E5F0478A64207D09369194294
:10418000FCD101301460A842F5D1F0BD9369194209
:10419000FCD11760F2E7C046A82300200080FCBFD6
:1041A000A4230020204B70B504000D1E1E682ADDDC
:1041B000002010211D4B013C1A689369194214D14B
:1041C000013093691942FCD1136823548542F4D11C
:1041D000002E08D050239363516B183B0B401449B9
:1041E0008C466244136028000CE0002E08D0502357
:1041F0009363516B183B0B400D498C46624413602E
:1042000000280DD070BD002E0AD05022074B1B682D
:104210009A63596B183A0A4005498C4663441A6000
:1042200003204042EEE7C046581B0020A823002090
:1042300034100000064B10B51B68002B06D000217F
:10424000044A12689163044A1068984710BDC0463A
:10425000581B0020A8230020601B00200822034BCD
:1042600019688B691A42FCD17047C046A823002008
:10427000F8B51A4F1A4B3A680500D3185842434113
:10428000184E14331C003368002D02D0002B0FD0C1
:10429000F8BD002BFCD0002120009563FCF7C4FA88
:1042A00020001149FCF71CFC104B35601D60EFE746
:1042B0000E4B200019600C493560FCF7EDFA012126
:1042C0002000FCF7B1FA50223B689A63596B183A08
:1042D0000A4007498C4663441A60D9E7A8230020A6
:1042E0000080FCBF581B002035420010601B0020DE
:1042F000341000000D4B10B51B780D4B0D4C1B7886
:104300000D4B02211B780D4B00202360FCF76CF94C
:1043100002210120FCF768F9E12120684902FDF73C
:1043200071F901210648FFF717FE10BDF099001042
:10433000EC990010A8230020E899001000400340E9
:10434000E00F00200000000000000000000000005E
:104350000B4A13681868203080F30988022080F324
:104360001488BFF36F8F3FBCAE4608BC04BC62B676
:104370001847C046C046C046C046C046C046C046B4
:10438000F41F0020000000000000000000000000FA
:10439000EFF30980164B1A6820381060F0C04446CD
:1043A0004D4656465F46F0C00D221207146E556EFC
:1043B000566F176F3038F0C008B572B601F0F4FBD5
:1043C00062B60CBC116808681030F0C8A046A94657
:1043D000B246BB4680F309880D2212073038F0C878
:1043E0001466556656671767F0C81847C046C0463A
:1043F000F41F002010B5FCF763F9C046D02300B5C8
:104400001B061A6D83B0D20704D501219A6D1A6D6F
:104410001142FBD1D023FF221B061A650023114A4B
:1044200001931168EFF3108C72B60B68002BFCD06F
:10443000BFF35F8F00230C48126801680360BFF36D
:104440005F8F13608CF31088084B01AA186800F086
:10445000D3FA019B002B03D08022054B52051A6032
:1044600003B000BDF01F0020C42302202C24022032
:1044700004ED00E07047C04610B58024031F6404BB
:104480001C60043B19600349043B1960143B40382D
:104490001A6010BDF54300108022044B52051A60CB
:1044A000BFF34F8FBFF36F8F7047C04604ED00E03E
:1044B00072B6044A136801331360BFF34F8FBFF322
:1044C0006F8F7047C0230220034A1368013B1360BB
:1044D000002B00D162B67047C0230220EFF310809A
:1044E00072B6704780F310887047C04610B5FFF76A
:1044F000F5FF040001F046FB002803D08022034BA7
:1045000052051A602000FFF7EDFF10BD04ED00E03A
:10451000002310B5084A094C052023601360FDF7FD
:10452000EFF9FA218900FDF7FBFB054B0138186014
:104530000723236010BDC04618E000E010E000E053
:1045400014E000E0FF221F4B1204196810B50A4363
:104550001A60FF22196812060A431A601A490E20CF
:1045600002F092F819490F2002F08EF818490B203A
:1045700002F08AF8FFF7CCFF0022164B1A60D02316
:104580001B06154A1C681470FF221A651A6DD207A3
:1045900004D501219A6D1A6D1142FBD10F34FF2110
:1045A0002000FCF787FB20000C49FCF775F901217E
:1045B0002000FCF739F9FFF7CBFE01F0F5FAFCF724
:1045C0007FF8C04620ED00E091430010ED4400105C
:1045D00075440010C0230220F80F0020FD43001096
:1045E000D02310B51B061868074B1B78834200D0F8
:1045F00010BDEFF30583002B02D05B00C018F7E776
:1046000001F038FDF4E7C046F80F00200A002C49FD
:1046100030B58C46036883B063449C105C2B00D992
:10462000183C0121274BA1401C78D0231B061B6896
:104630009C421FD040BF244D03682C68A34234D055
:104640002368002BFCD0BFF35F8F204C23680B4303
:1046500023602B68BFF35F8F002119600368D020AF
:10466000002100064165BFF35F8F196082F3108857
:1046700003B030BD40BF0368BFF35F8F00201860F8
:1046800082F31088EFF30583DBB2002B12D0104BBE
:10469000019001AA186800F0AFF9019B002BE7D048
:1046A00080220C4B52051A60E2E7084C2068084350
:1046B0002060D4E7064B186800F050F9D8E7C046F0
:1046C00000FFFF2FF80F0020F01F0020C42302205E
:1046D0002C24022004ED00E0F0B5CE46474680B51C
:1046E0001D00364B14001A78D0231B061B68804629
:1046F000894683B09A420FD00368BFF35F8F0022D0
:104700001A6081F3108820002900FCF7AFFE03B087
:10471000C0BCB946B046F0BDFCF736FF26002F00FE
:104720000123361A8F41264A5B42B6185F41002F9B
:1047300020DC1BD043461B68BFF35F8F00221A604A
:1047400089F310881F4B5A6A954205D89B6A01204D
:10475000A342DCD29542DAD180221B4B52051A606B
:10476000BFF34F8FBFF36F8F0020D0E7FA239B007A
:104770009E42DFD3FA220023300039009200FDF779
:10478000F5FA031ED6D042461268BFF35F8F0021B0
:10479000116089F310880D4A0D49106842468C4615
:1047A0001268624496105C2A00D9183E01210093D9
:1047B000B1400023012200F075F8C3E7F80F002094
:1047C00018FCFFFF0040054004ED00E02C2402200F
:1047D00000FFFF2F10B5FBF7E9FF054A054B944694
:1047E00060448000186000F051F8034B186010BD61
:1047F00040000034F01F00202C240220F8B5DE46D3
:1048000057464E464546E0B505000F00060001F04C
:104810009FF829682C6939430C362960A6422CD0B0
:10482000002398468023DB049B4680235B049A4642
:1048300080239B0499460FE06746002F0AD0574615
:104840003A4202D042461A4390464B46194301F081
:104850007BFB2968A6420ED020000F000268646826
:1048600013021B0A1F40BC465F463A42E4D0634530
:10487000E5D0A642F0D143469943296001F070F893
:10488000F0BCBB46B246A946A046F8BD10B51C20F8
:1048900001F01EFF041E03D0002308C000F0B8F88A
:1048A000200010BDF0B5C646060000B50D009046CC
:1048B0001F0001F04DF83468002F13D125420BD0B2
:1048C0004346002B0BD02300AB43336001F048F884
:1048D000200080BCB846F0BD069B002B21D101F022
:1048E0003FF8F5E72B0023409D42E9D0069B002BC3
:1048F000F5D0434680215A1E9341C9041B06194333
:10490000069A2943301D01F0DDF901F029F800284D
:104910001CD001F06FFC0400830107D52402240A97
:10492000D6E741464B1E99410906E9E7FFF7C0FD6E
:104930003468002F0DD12C4205D04346002B02D005
:104940002300AB433360FFF7BFFDE7E7FFF7A4FDAC
:10495000DFE723002B409D42F5D1EEE7F0B5DE46C0
:1049600057464E4645460400E0B583B00D000600AC
:10497000019000F0EDFF2200136824690C361D43FE
:1049800037001560A6422BD0002399468023DB0414
:10499000984680235B049B4680239B049A460FE045
:1049A00000290BD059460A4202D04A461A43914682
:1049B0005146294301F0C8FA019B1D68A7420DD05A
:1049C0002000290046460268646813021B0A194049
:1049D0003242E5D08B42E5D0A742F1D14B469D4310
:1049E000019B1D6000F0BCFF280003B0F0BCBB467B
:1049F000B246A946A046F0BD10B5044C13000A000B
:104A00000100200001F02CFE10BDC046FD47001043
:104A10000300083301224360C36003610023524254
:104A2000826003607047C046002303617047C04640
:104A3000030030B50D6808336A1C0DD01C005B689C
:104A40001A68AA42FAD94B60996003688C600133F6
:104A500061600861036030BD04696368F3E7C046C4
:104A60000369416882688A6051605968814205D053
:104A70000022026118680138186070475A60F7E731
:104A8000F0B5DE464E4657464546E0B585B00600D1
:104A9000FFF70EFD4523F45C64B2002C21DD213BC1
:104AA000994621339A46B14409E0AA6BEB6B039611
:104AB0009A4245D3013CE3B264B2002B11D0B56CED
:104AC000002DF2D1736A002B0BD0484601F0D6F9C5
:104AD0000028EFD001F0C8FA013CE3B264B2002B29
:104AE000EDD14523FF22F254FFF7EEFCFFF7E0FC87
:104AF00044233500F45C103564B2002C05DC13E06F
:104B0000013CE2B264B2002A0ED03369002B0BD014
:104B1000280001F0B3F90028F2D0013C01F0A4FA1A
:104B2000E2B264B2002AF0D14423FF22F254FFF72C
:104B3000CBFC05B0F0BCBB46B246A946A046F0BDD2
:104B400053462A6CEF5CAB6B7FB29846002A16D1B5
:104B500001239C462B68E0449B46002B2BD0434608
:104B6000AB637B1C1DD16B6A002BA3D028002430C3
:104B700001F084F900289DD001F076FAACE703A992
:104B80006868FDF715FD41466B682A6C01319B187A
:104B9000AA686B60934201D32B686B60A9637B1C8E
:104BA000E1D000F0E9FFB84200D883E745230137A0
:104BB0007FB2EF547EE7A86801F0ACFA5B46AB60C9
:104BC00043460190AB637B1C09D16B6A002B0FD16C
:104BD000019B002B00D16DE701F046FA7CE700F065
:104BE000CBFFB842F4D9534601377FB2EF54EFE719
:104BF0002800243001F042F90028E9D06AE7C046D5
:104C0000F0B5C64600B5846C82B0A26BE36B00259C
:104C100001909A4204D3280002B080BCB846F0BD8F
:104C20004523226CE65CA76B76B2002A1CD0606834
:104C300001A9FDF7BDFC6368226C9B18A268636044
:104C4000934201D32368636000250137A763731C77
:104C500015D1636A002BDED02000243001F00EF95C
:104C60000028D8D00125D6E723689846002BEBD141
:104C7000A06801F04FFA43460500A360E5E700F0A5
:104C80007BFF8642C7D24523013676B2E654C2E79F
:104C9000F8B505000E001700002841D0030C0A0CDF
:104CA000002B42D1002A30D1300068430300553335
:104CB00036D8543001F00CFD041E31D00300002E14
:104CC00031D12360E5632664FFF7F2FB216CE36BCF
:104CD00022684B43D0185B1A6260D218E260FF234F
:104CE00000254422A0602000A563A3540132A354F0
:104CF0001030FFF78DFE20002430FFF789FEFFF70C
:104D0000E3FB5023E754A5640BE0131CA9B2B2B235
:104D10004A4380B29BB24343120C9B181B0CC3D076
:104D200000242000F8BD5433CBE7002AF8D1301C12
:104D3000ECE7C046F0B5CE46474680B585B00400E6
:104D4000884699460192022B00D19DE0FFF7B0FB07
:104D5000A36BE26B0027442500269A4232D8019BC0
:104D6000002B64D0002F5ED0FFF7AEFB00F0F0FD0B
:104D7000FFF79EFB635D5BB2013300D166554523AF
:104D8000E25C52B2013200D1E654FFF79DFB01A96B
:104D900002A801F02FF9002800D06FE0FFF788FB90
:104DA000A26BE36B9A422CD0FFF78EFB2000FFF73B
:104DB00067FE00F0D5FD0127FFF77AFBA36BE26BDE
:104DC0009A42CCD9226CA66BA56B002A37D12368F6
:104DD00000209846002B00D184E0A36C0135A56328
:104DE000002B00D170E04B46022B01D1002E04D1E4
:104DF0002000FFF705FF00283DD1FFF765FB0120EC
:104E000018E0FFF761FB20000199103000F00AFF65
:104E10002000FFF735FE00F0A3FD0028CBD1FFF7FF
:104E20003BFB0127C8E702A801F0D8F89CE7FFF791
:104E30004BFB002005B0C0BCB946B046F0BD4B46A8
:104E4000002B29D141466068FDF7B2FB6368226CF4
:104E500001359B18A268636093423BD2A36CA563A3
:104E6000002BC5D1636A002BC7D02000243001F08D
:104E700005F80028C1D0FFF70FFBBEE72000FFF7C1
:104E8000FFFD00F06DFDD4E7FFF712FB226CA36B72
:104E9000A66BA56B002A9AD04146E068FDF788FB17
:104EA000226CE36851429B1A2268E360934202D26B
:104EB000A3685B18E3604A46A36C022A18D0013548
:104EC000A563002B94D1CDE7636A002BCDD10028D8
:104ED000D1D192E72368A5636360A36C002B00D057
:104EE00086E7BFE7A06801F015F94346A36074E7C1
:104EF000002D04D0A563002B00D077E7B2E7012294
:104F0000A263002B00D071E7ACE7C04670B5060085
:104F1000542001F0DDFB041E2CD00025012300608D
:104F2000C3630564FFF7C4FA216CE36B22684B434B
:104F3000D0185B1A6260D218E260FF234422A0609E
:104F40002000A563A3540132A3541030FFF760FD85
:104F500020002430FFF75CFDFFF7B6FA5023002253
:104F6000E654002100232000A564A5602560E560CB
:104F7000FFF7E0FE200070BDF8B54E46DE4657460E
:104F800045460400E0B591461D000F00FFF7A6FA64
:104F9000A26BE36B06009A422DD300239846022DA4
:104FA00009D03000FFF79EFA4046F0BCBB46B2463F
:104FB000A946A046F8BD4533E35C226C5BB2984637
:104FC000A36B9B46A36B9A46002A3BD157462368A6
:104FD00001379A46002B63D04346A763013327D19C
:104FE000A36C002B42D0022D4AD15B46002B47D048
:104FF00001239846D5E74523E35C226C5BB29846D3
:10500000A36B9B46A36B9A46002ADFD0002D19D1D3
:10501000390057466068FDF7CBFA6368226C0137A8
:105020009B18A26863609342D6D323686360D3E77A
:1050300000F0A2FD8045DBD24346452201335BB23E
:10504000A354D5E73900E068FDF7B2FA226CE368B3
:1050500051429B1A2268E360934202D2A3685B1814
:10506000E3605746022D17D00137B5E7636A002B7E
:10507000BED02000243000F001FF002805D1B7E7A2
:105080002000FFF7BDFD0028B2D04B46002BAFD06B
:1050900001234A461360ABE7002F9DD101379BE700
:1050A000A06801F037F85346A36095E7F0B547468E
:1050B000CE46040080B585B088460192FFF7F8F926
:1050C000A76B002F5ED1019B002B3BD002A800F004
:1050D00085FF0023442699464525FFF7F5F900F0A2
:1050E00037FCFFF7E5F9A35D5BB2013301D14B4615
:1050F000A355635D5BB2013301D14B466355FFF7A6
:10510000E3F901A902A800F075FF002822D1FFF7FA
:10511000CFF9A36B002B2AD1FFF7D6F92000019914
:10512000243000F07FFD2000FFF7AAFC00F018FCFF
:10513000002824D0FFF7BCF9A76B002F22D1019BD8
:10514000002BCAD1FFF7C0F9002005B0C0BCB9469A
:10515000B046F0BD2000FFF793FC00F001FCFFF724
:10516000A7F9A36B002BEDD0FFF7AEF9E2E7FFF74D
:10517000ABF92000FFF784FC00F0F2FBDAE7FFF761
:105180008BF9D7E7226C002A08D0E168A368891858
:10519000E16099420BD24046FDF70AFA7B1EA363F9
:1051A0002369002B06D1FFF78FF90120CDE7216895
:1051B000E160F0E72000103000F060FE0028F2D03F
:1051C000FFF76AF9EFE7C046F0B5C64600230400D2
:1051D00000B584B098460191FFF76AF9A36B0027E8
:1051E00044250026002B3AD1019B002B00D16FE013
:1051F000002F54D0FFF768F900F0AAFBFFF758F929
:10520000635D5BB2013300D166554522A35C5BB29E
:10521000013300D1A654FFF757F901A902A800F005
:10522000E9FE002827D1FFF743F9A36B002B3ED1FD
:10523000FFF74AF92368002B56D02000019924304B
:1052400000F0F0FC2000FFF71BFC00F089FB0028B9
:1052500041D00127FFF72CF9A36B002BC4D0013BF1
:10526000A3632368002B51D02369002B45D1FFF79E
:105270002BF901200FE02000FFF702FC00F070FB8B
:10528000FFF716F9A36B002B0DD1FFF71DF943466D
:10529000002B15D1002004B080BCB846F0BD02A898
:1052A00000F09CFEA6E7FFF70FF90127D2E7FFF712
:1052B0000BF92000FFF7E4FB012700F051FBC9E7E1
:1052C000FFF7F6F8616A002909D1A06800F054FFE1
:1052D000FFF7FAF8DEE7FFF7DFF80127BAE720214A
:1052E000236B1B68C91AF0E7FFF7E2F8A06800F02B
:1052F000C7FE8046FFF7E8F89FE72000103000F077
:10530000BDFD0028B3D0FFF7C7F8B0E700F07EFF7F
:10531000A060A9E710B5002933D0424B5A689042EB
:1053200000D173E01A68002A2CD0DA68904200D1CC
:1053300076E09A68002A3ED05A69904200D16DE02A
:105340001A69002A3DD0DA69904261D09A69002A30
:105350003DD05A6A904242D01A6A002A43D0DA6A93
:10536000904257D09A6A002A43D05A6B904253D049
:105370001A6B002A43D0DA6B904245D09A6B002A10
:105380002AD010BDDA6890424AD05A69904245D07E
:105390001A00DC69A0423BD05C6AA0421FD0DC6AE4
:1053A000A04237D05C6BA04236D0DC6BA0422BD041
:1053B00011605060E5E75A6990422FD01A00083218
:1053C000E7E7DA69904223D01A001032E4E75A6A1C
:1053D000904204D0144AE2E738331A00E8E7042286
:1053E000D2009A18E4E7DA6A904213D01A00203209
:1053F000D8E75A6B90420FD01A002832D5E71A002E
:10540000DC6B3032A042D3D10722E9E70022E7E784
:105410000322E5E70522E3E70622E1E70222DFE7D0
:105420000122DDE7D0120020E812002070B5040050
:1054300016000D00FFF73CF84422A35C5BB2013379
:1054400001D10023A3544522A35C5BB2013301D1F7
:105450000023A354FFF738F8A36B002B03D02000E0
:10546000FFF70EFB70BD200032002900243000F051
:105470008BFCF4E7F0B5C64600B50400FFF718F85A
:10548000384A394F1368013313603B68002B35D01D
:10549000364BE26A98461B68002B29D0344E3549BA
:1054A0000B6801330B606364334B1968914200D27F
:1054B0001A6093009B189B00F1184A689068A260DC
:1054C00084466546E060201D68609060F258616126
:1054D0000132F250FEF7F8FF43461B68002B04D060
:1054E0003B68DA6AE36A9A4211D380BCB846F0BDE1
:1054F0003B68DB6A9342D1D83C60CFE73C601368DD
:10550000012B07D0194BE26A9846194EC7E7FEF700
:10551000C3FFEAE7A023164E9B0098463500B0442F
:1055200028001435FFF774FA4545F9D1134B984616
:105530001800FFF76DFA124D2800FFF769FA1148BD
:10554000FFF766FA1048FFF763FA1048FFF760FAB2
:1055500042460F4B1A600F4BE26A1D60034B9846A0
:105560009DE7C046C8230220F41F00206C240220BF
:105570000C200020D4230220D8230220042402205F
:105580001824022054240220902402207C2402208B
:10559000FC1F002004200020F8B5CE4647469600A8
:1055A00080B5804630000D00994601F091F8071E45
:1055B00000D187E0702001F08BF8041E00D17EE05E
:1055C00070220021FCF7EEFF3200A521380027638E
:1055D000FCF7E8FF236B043E9E1907239E43002D32
:1055E0004BD034222B78A354002B43D06B7801325C
:1055F000A354002B3ED0AB780132A354002B39D0FA
:10560000EB780132A354002B34D02B790132A35410
:10561000002B2FD06B790132A354002B2AD0AB7909
:105620000132A354002B25D0EB790132A354002B77
:1056300020D02B7A0132A354002B1BD06B7A01327D
:10564000A354002B16D0AB7A0132A354002B11D0F7
:10565000EB7A0132A354002B0CD02B7B0132A354E4
:10566000002B07D06B7B0132A354002B02D04223C6
:10567000AA7BE25443230022E254089D1F2D1CD82C
:10568000201DE562E564FFF7CFF920001830FFF731
:10569000CBF920235B1BA3614A46414630002461BD
:1056A0006462FEF7E9FE099B2060002B00D01C60BD
:1056B0002000C0BCB946B046F8BD1F25E0E7380061
:1056C00001F098F80024F3E7F0B5C646124B00B598
:1056D0009846124D124F134E14E0FEF7E9FEFB6898
:1056E000DC68201DFFF7BCF93368013B33602B6891
:1056F000013B2B60FEF7E8FE206B01F07BF82000F9
:1057000001F078F82B68002BE7D143461B68012B8A
:10571000F8D9FEF7C1FEF5E70C200020CC230220CB
:1057200090240220C8230220F0B5DE4657464E469C
:105730004546584BE0B51A6883B0013294461A606A
:10574000002A5ED0544B1A6894456ED3534A904653
:1057500012681268002A00D195E000220092504A97
:10576000504D9346002291464F4A0193924636E0AF
:10577000494659611168013911609A6A002A0DD0B1
:10578000D969186A566888604160190018318E42DC
:105790006FD0494699621168013911605246D96A41
:1057A0001268914201D9524611608A005218920043
:1057B000AE18706887689860DF607C6084605E61A6
:1057C000AB580133AB505B461B68DB6A994201D989
:1057D0000123009343461B681B68002B4ED04346B1
:1057E0001B68DB68DB685A68944544D35A6998683B
:1057F000D9681C1D816048605068A042B8D15160D2
:10580000B6E7264B294A19681068186011602849C4
:105810000A6801320A601A681268002A23D11E4BF6
:10582000013A1A601A68944590D2002300931C4BE9
:105830001C4D9B465B461B68DA6A93009B189B00D5
:10584000EB58012B01D9012300931A4B1B68002B45
:1058500001D001230093009803B0F0BCBB46B246D0
:10586000A946A046F0BD1B68DB681A680A4B1A609F
:1058700069E750608DE7019B1A60DBE7019B01221D
:1058800052421A60D6E700220092054A054D93461F
:10589000F5E7C046A424022040240220FC1F00207B
:1058A000F41F00200C200020D82302200420002018
:1058B00044240220B024022010B582B0059C01943B
:1058C000049C0094FFF768FE002804D0FFF7D2FD87
:1058D000012002B010BD01204042FAE710B586B0A9
:1058E0001022002102A8FCF75DFE00248022114B4B
:1058F00011480293114B009401935200002302A916
:10590000FFF74AFE002805D0FFF7B4FD00F062FE65
:10591000012803D00A4B1B6806B010BD72B60122E5
:10592000084B52421A60084B1860084B1C60FEF787
:1059300009FEEFE749444C45C956001034240220C3
:1059400040970010402402206C240220A42402204E
:10595000024A1368013313607047C046D023022007
:10596000F0B5DE4657464E464546E0B583B0FEF7F5
:105970009FFD534C2368013B23602368002B00D01C
:1059800081E0504B1B68002B7DD04F4B9C461B6821
:10599000002B00D190E04D4B4D4D98464D4B01945E
:1059A00099464D4B9A4600239B466346DB68DB686D
:1059B000D869196A9A6A8160486018005668183078
:1059C000864200D172E0594699621168013911602E
:1059D0005A699868D968566881604860181D86427F
:1059E00062D01168013911604146DA6A09688A4259
:1059F00001D941460A60910089188C002E197168FE
:105A00008F689960DF60786088605E612B59013330
:105A10002B514B461B68DB6A9A423FD95346012201
:105A20001A6063461B68002BBFD12C4B019C1A687F
:105A30001268002A3CD01B68DB681A68284B1A6081
:105A4000284E3568002D14D0012708E0FFF76CFEC2
:105A5000002801D053461F60013D002D08D0236867
:105A6000002BF3D03368013D01333360002DF6D1B4
:105A7000356053461B68002B05D0164B01241B686C
:105A8000FEF70AFD00E00024FEF71EFD200003B033
:105A9000F0BCBB46B246A946A046F0BD63461B68B3
:105AA000002B00D081E7C0E751609AE751608AE798
:105AB0000B4B013A1A60C3E7074B9A46C0E7C04652
:105AC000D0230220C823022054240220D8230220FD
:105AD0000C200020F41F0020B0240220FC1F002016
:105AE0004024022050240220F0B5C646040000B530
:105AF000002821D0174A136801331360164B002188
:105B00001E68164B164D1F68164BA4191B682A6891
:105B100098466D232868D1540430FEF7A1FF2B6806
:105B200029685C600431A6420BD94046FEF780FF2D
:105B3000FFF716FF002801D1FEF7AEFC80BCB84687
:105B4000F0BD3800FEF774FF074B1A689442EFD29D
:105B50001C60EDE7D0230220A4240220FC1F0020BB
:105B6000F41F00200420002040240220014B18686C
:105B70007047C046A4240220014B18687047C046F5
:105B8000C8230220064B10B51B68002B02D1FFF77B
:105B9000CBFD10BD034A0020136801331360F8E702
:105BA000D023022050240220194B30B51B68002B53
:105BB00003D00122174B1A6030BD164A164C1360F1
:105BC0002268164891008B189B00C558002D07D1FC
:105BD000143BC3181968143B013A0029FAD091000C
:105BE0008918890045186B6808315B6840186B603C
:105BF000834205D0D9680A4B196022601B68DBE735
:105C0000EB68D9686B60064B196022601B68D3E7AC
:105C1000D0230220B0240220D82302200C20002010
:105C2000F41F0020F0B5C646204D0C00296800B5D1
:105C30001831FEF7FDFE1E4B00211E681D4B1F682C
:105C40001D4B1B682A6898466D232868D154043080
:105C5000FEF706FF631C15D02B682968A4195C6049
:105C60000431A64205D94046FEF7E2FE80BCB846A4
:105C7000F0BD3800FEF7DCFE104B1A689442F5D2F6
:105C80001C60F3E70E4B29685A688A60906829689F
:105C9000C8602968043141602968043191602A682C
:105CA00053611A6801321A60E0E7C046F41F002011
:105CB000A4240220FC1F00200420002040240220F5
:105CC0007C2402208023F0B5C646294C15001B0613
:105CD00022680B4300B59361226843689968D361D9
:105CE00022681162226818324A6022680021183244
:105CF0009A60236898620368013303601D4B1E6835
:105D00001D4B1F681D4B1B68226898466D23206839
:105D1000D1540430FEF7A4FE6B1C15D02368216813
:105D2000AD195D600431AE4205D94046FEF780FEF4
:105D300080BCB846F0BD3800FEF77AFE104B1A68FA
:105D40009542F5D21D60F3E70E4B21685A688A60D0
:105D500090682168C860216804314160216804317D
:105D60009160226853611A6801321A60E0E7C04608
:105D7000F41F0020A4240220FC1F00200420002087
:105D8000402402207C240220F0B5C646354C4368EE
:105D90000D00216800B59E68CB6121680E62216804
:105DA000183171602168183199602368986203681E
:105DB000013303602C4B002A21D01B682B4B0021A0
:105DC0001B682B4B1B686D2322682068D15404305C
:105DD000FEF746FE274B21685A688A609068216862
:105DE000C8602168043141602168043191602268F3
:105DF00053611A6801321A6080BCB846F0BD1E6853
:105E00001A4B1F681A4B1B68216898466D2320683F
:105E1000CA540430FEF724FE6B1C15D02368AD195C
:105E20005D60AE420AD8216838000431FEF700FEFA
:105E3000114B1A689542DFD21D60DDE721684046AC
:105E40000431FEF7F5FDD7E72268731E53609E42CA
:105E5000F4D8216838000431FEF7EAFD064B1B68D0
:105E6000CAE7C046F41F0020A4240220FC1F002023
:105E7000042000207C24022040240220C368F0B5C6
:105E8000DB68D869196A9A6A8160486018005468AA
:105E90001830844241D000219962116801391160A3
:105EA000234AD96A1268002A29D15A699C68D8689D
:105EB0001D1DA06044605468AC4230D010680138A9
:105EC00010601C4A1068884225D38A001A4852186C
:105ED000920086187468A7689C60DF607D60A5608A
:105EE0005E61835801338350144B00201B68DB6ACA
:105EF0008B4203D20122124B01301A60F0BD114ACD
:105F00005468A568DC611D626860A0609A621368CD
:105F100001331360E8E71160D7E75160BBE75060D9
:105F2000106801381060034A10688842CDD2F2E749
:105F3000D0230220D82302200C200020F41F0020B0
:105F4000B02402205424022080231B06F0B50269ED
:105F500044680B4381680360C368A1604C60546867
:105F600084422ED0002101611168986801391160C6
:105F70005A69D9681D1D816048605068A84222D0C6
:105F8000116801391160114AD96A1068814200D93B
:105F900011608A000E485218920086187468A7682B
:105FA0009C60DF607D60A5605E6183580133835033
:105FB000084B1B68DB6A994202D90122064B1A6022
:105FC000F0BD5160CEE75160DAE7C046D823022029
:105FD0000C200020F41F0020B0240220034B1B687B
:105FE0000360034B1B6843607047C0464424022093
:105FF000A4240220F0B5C64600B504000E00FEF74A
:1060000057FA6D231548164A076815686168ED5CF4
:10601000002D09D000211268D1540124FEF754FA52
:10602000200080BCB846F0BD33685A1C14D00D4A1D
:106030001568A8462568454504D0B94202D8002312
:106040003360EAE77D1AAB42F9D9DB1B5B1833609A
:1060500013682360036863600024DFE7A424022040
:10606000F41F0020442402200122014B1A607047D3
:10607000B0240220014B18687047C046F41F00206E
:10608000F8B5041E21D0204DC26A2B68DB6A9A4203
:1060900014D28369002B04DB2B68D96A20235B1A96
:1060A000836193009B18194E9B006269F3189A4212
:1060B0000DD02B680120DB6AE36205E02B68C06C21
:1060C000DB6A984280414042F8BD0020FCE7271D72
:1060D0003800FEF7C5FC2B68DA6A0D4BE2621968DE
:1060E0008A4200D91A6093009B189B00F1184A68F5
:1060F0009068A260E06047609760F2586161013289
:106100000120F250E0E7C046F41F00200C200020E0
:10611000D823022070B5041E08D0036DC16AC26C7A
:10612000013B0365914201D0002B01D0002070BDDE
:10613000051D2800FEF794FC2023E26C9B1AA36146
:106140000B4BE26219688A4200D91A609300094930
:106150009B189B00C81842689668A260E66075604C
:106160009560CA58606101320120CA50DFE7C0461D
:10617000D82302200C20002070B5041E08D0C36C68
:106180008B4206D3E26A9A4202D0216D012905D0E2
:1061900070BDE26A0B009A42F7D1F9E7A169E362A8
:1061A000002902DB2021CB1AA36193009B180F4D1D
:1061B0009B006269EB189A42EAD1261D3000FEF777
:1061C0004FFC0B4BE26A19688A4200D91A609300AF
:1061D0009B189B00E9184A689068A260E0604660DE
:1061E0009660EA5861610132EA50D1E70C20002044
:1061F000D8230220044B1A68196890691A68202372
:10620000C96A5B1A93617047F41F0020034B18683A
:10621000002802D0036D013303657047F41F00208E
:10622000F0B5C94A57464546DE464E469046E0B56B
:10623000C64FC246B846C64BC64A1F0043468BB03F
:10624000019228221B6893461D68C34C002D69D01B
:10625000DB681D68FFF77CFBFFF788FC3B68814625
:10626000984200D2F6E03860854200D876E10022FC
:106270004B462068E91AFFF7D9F8FFF771FB0028B1
:1062800000D13BE11022002106A8FCF78BF93D006C
:106290000022206806A9FEF709FF00283CD0069BD3
:1062A0000898002B75DB089E002EF1D07369002B37
:1062B00002D0301DFEF7D4FBFFF758FC2B68070017
:1062C00098426ED3069B2F60092BE1D8019A9B0060
:1062D000D3589F465B46F05C01235A460343B354B0
:1062E0000799B26936618B187360BB4200D9A6E08A
:1062F000791A8A4236D8410700D502E10123984332
:106300005B46F0543000336A98470022206806A9A3
:10631000FEF7CCFE0028C2D143461B682F001D6843
:10632000002D95D1FFF714FBFFF720FC3B68814659
:10633000834200D98EE04B463B6053461B681A6887
:1063400053425A4194E75B460122F35C13435A4699
:10635000B354079B3661DA19B3617260BA4273D8DD
:10636000002B95D05346311D1868FEF761FB8FE76F
:106370005B460122F35C93435A46B35488E75B467D
:10638000F35C9A0700D4B5E0012293435A46B35414
:106390007EE7079B09999847069B002B00DA77E771
:1063A00081E743461B681A68002A41D004220296FE
:1063B00091460390049505940BE0012293435A46BD
:1063C000A354236A2000984743461B681A68002A92
:1063D0002AD0DB68DC681E68271D3800FEF740FB0A
:1063E0005B464A46E35C1A42E7D0A3692461F5188C
:1063F000F6436560B3420AD82E00F643236A2000B4
:106400009847A3692461ED186560B342F4D95346F7
:1064100039001868FEF70CFB236A200098474346B2
:106420001B681A68002AD4D1029E039F049D059C14
:106430005246414612680A605246136042E7B9422A
:1064400002D9994200D856E74346311D1868FEF735
:10645000EFFA1DE743461B681A68002A3FD04A46F8
:106460000397A14602920BE0012293435A46AB5494
:106470002B6A2800984743461B681A68002A2AD0CE
:10648000DB68DD681F682C1D2000FEF7E9FA5B461B
:106490000422EB5C1A42E7D0AB692D61FE18FF4382
:1064A0006E60BB420AD83700FF432B6A280098472A
:1064B000AB692D61F6186E60BB42F4D953462100DA
:1064C0001868FEF7B5FA2B6A2800984743461B6800
:1064D0001A68002AD4D1029A4C469146039F52462C
:1064E000414612680A60524613604B463B60FFF714
:1064F00037FAC7E6300000F07DF9C9E6FDF7CCFFBA
:10650000C0E6A1463C0007E0E31A9A4214D8336A79
:10651000300098473B00B269D71877603661BC42BB
:10652000F2D29C4201D2BB42F1D94346311D1868D8
:106530004C46FEF77DFAE5E65346311D18684C4699
:10654000FEF776FADEE6C04608200020F81F00209D
:106550003824022044970010A8240220FFF700FAF4
:1065600043461B68DB68DE68331D18000293FEF7A4
:1065700077FA5B46F35C5A0707D4012293435A46E5
:10658000B3543000336A98477CE622002B004C4617
:10659000914606E0E31A9A4214D8336A30009847CD
:1065A0002B00B26936619D187560A542F2D9A342ED
:1065B00001D9AB42F1D94346029918684C46FEF71F
:1065C00037FADEE75346029918684C46FEF730FA70
:1065D000D7E7C04670B582B0FDF76AFF174C236855
:1065E000002B12D0FDF770FF23680020002B0AD08B
:1065F000134B802201931F2312490093124800235A
:10660000D200FFF759F902B070BD104E3000FEF70E
:10661000FFF90F4D2800FEF7FBF90E4B00221E601C
:106620000D4B10210A201D60FEF732FB2060002870
:10663000D8D00A49FEF76EFED4E7C046A82402204F
:10664000AC2402202894001021620010DC230220D8
:10665000F0230220F81F00200820002020940010C2
:1066600010B514001A00022384B05B420093054B5E
:10667000019002911868694600230394FEF77CFCA0
:1066800004B010BDA8240220F8B50E00EFF3108767
:1066900072B60C4B84009B681D59A94204D00A4B6A
:1066A0009D420AD2FBF736FA064B9B681E51BFF398
:1066B0005F8F87F310882800F8BD044B9D42F3D309
:1066C000F0E7C04600ED00E0C0010010CC01001072
:1066D000F0B5C646431E00B50A3314D8072304009C
:1066E0001A000834224023426CD01300093BA34215
:1066F00009D31030841AFFF72BF9374A27001568A1
:10670000002D28D10EE0FFF723F9334A1368002B40
:1067100006D00025FFF724F9280080BCB846F0BD5C
:106720000027002407202D4D2B002900284245D1A9
:1067300000202B4E706031602A4EB4460726654417
:10674000B5431560284AEB1A1360284A6860286030
:1067500013604B600D60002FDBDD244F3E68A642C6
:10676000D7D31F48036804E01A68002A04D0180031
:1067700013005968A142F7D3AB42CAD01D001A6872
:106780000835904602600A1B102A05D919194A607B
:1067900042460A6001602100134A761A10683E6082
:1067A000864200D21660802212060A435A600022F6
:1067B0001A600F4A136801331360ABE7EB1D834384
:1067C0001900B5E7FFF7C4F8034A27001568002D44
:1067D000A8D0002CC1DA9CE700200020AC230020C8
:1067E00074240220F8FF01003C24022030240220FF
:1067F0004824022070B5002804D0083843680400FB
:10680000002B00DB70BD0268002AFBD15B005B0837
:1068100043600500FFF79CF8184A616813685B182D
:106820001360174B1A001B689C42FBD8506816185F
:10683000B4420DD0601883421AD02360AA4200D01F
:106840001560104A136801331360FFF789F8D9E720
:106850000918501851608342F3D10B4815000068A5
:106860008342EED058681B68411869602B60E5E7E9
:10687000054800688342F5D1DFE7C0463024022096
:10688000742402204C2402200020002010B502486D
:1068900000F0D8F810BDC0468C22002030B54B1E49
:1068A000012900D1A7E0664A11780D092C00303487
:1068B0009F2900D9A2E00470012B00D1BEE00F2176
:1068C000147821400C003034092900D998E0447034
:1068D000022B00D1B2E054782509290030319F2CD9
:1068E00000D990E08170032B00D1A7E00F21214057
:1068F0000C003034092900D987E0C470042B00D182
:106900009CE094782509290030319F2C00D97FE044
:106910000171052B00D191E00F2121400C00303492
:10692000092900D976E04471062B00D186E0D4789D
:106930002509290030319F2C00D96EE08171072B89
:1069400000D17BE00F2121400C003034092966D8AA
:10695000C471082B00D171E0147925092900303168
:106960009F2C5FD80172092B68D00F2121400C00A9
:106970003034092958D844720A2B5FD0547925093C
:10698000290030319F2C52D881720B2B56D00F2109
:1069900021400C00303409294BD8C4720C2B4DD047
:1069A00094792509290030319F2C00D907310173D2
:1069B0000D2B43D00F2121400C003034092901D97F
:1069C00037310C0044730E2B38D0D1790C092200DA
:1069D00030329F2900D9073282730F2B2ED00F221D
:1069E0000A4011003731092A01D830321100C17331
:1069F000102B23D010300023037030BD07345AE72A
:106A000037310C0063E707316CE737310C0074E76E
:106A100007317DE737310C0085E707318EE73731E5
:106A20000C0095E707319DE737310C00A3E70731EC
:106A3000AAE737310C00C4720C2BB1D1C018DAE7C9
:106A40008C22002010B588B004000D220021684679
:106A5000FBF7A8FD0D22002104A8FBF7A3FD4B23A3
:106A60006A466846137004A90D2202F0A5FB1521A1
:106A7000082220006944FBF79BFD08B010BDC0460A
:106A80007047C0460022014B1A707047B92402209B
:106A90004B790020FF2B0BD18B79002B08D1CB79C0
:106AA000012B05D1082A03D9024B8A7809301A70C4
:106AB0007047C046B92402200120704710B5012953
:106AC00001D0012010BD13495379107909781B02B8
:106AD000034300209942F5D15378012B08D0022BB3
:106AE000F0D1002064220021FAF762FF0120E9E7DB
:106AF000D37891781B021943DB0507D54A0A1000A9
:106B000001231A407E331940FAF7DAFF01204A0ABE
:106B10004042F5E7B924022000487047349800103D
:106B200070B5050014000120012909D15378002017
:106B3000012B05D1637912791B021343072B00D077
:106B400070BD21002800024A9F3301F065F9F7E784
:106B50008C97001001230370004870476C97001059
:106B60004B780A781B0213438A7810B512041A4333
:106B7000CB781B0613439622D200934200D010BD5F
:106B80000022012011004042FAF79AFF024B1860E0
:106B9000024B19607047C0465C1B0020641B00203C
:106BA00010B5024B1878F9F75DFE10BDBA2402202B
:106BB000154B70B51A68002A22D0EFF3108172B617
:106BC00010680028FCD0BFF35F8F00200F4A596087
:106BD00010701B68BFF35F8F186081F3108800246A
:106BE00000250B4E3078F9F731FE002804D100243F
:106BF00000252900200070BD3078F9F733FEF8E752
:106C0000FA240025A400ECE7D81F0020BB240220B2
:106C1000BA24022070B5040000200E0001F01CFA16
:106C2000002836D0002001F02DFA002831D0FAF7E4
:106C3000ABFC0023184A12184B41802109068B42F5
:106C400016D2164D280002F0EFFA002821D00020BD
:106C500001F002FA00280FD101200021404200F08B
:106C60000FFC03246442280002F0AEFA200070BD3D
:106C700001220B4B5242E4E7002001F003FA002806
:106C8000EAD021003200002001F006FA041EEAD109
:106C9000E7E703246442E9E740420F009C23002019
:106CA000FFFFFF7F10B5FAF76FFC00230E4A1218A2
:106CB0004B41802109068B4202D301220B4B5242E9
:106CC0000B4C200002F0B0FA00280CD0012000216B
:106CD000404200F0D5FB002001F028FA0028F5D151
:106CE000200002F071FA10BD40420F00FFFFFF7F4D
:106CF0009C230020F8B5DE46574680B505000C0001
:106D0000FAF742FC0023374A12184B41802109064A
:106D10008B4202D30122344B5242344908008A4646
:106D200002F082FA002803D1C0BCBB46B246F8BDCF
:106D3000002001F091F900284AD00026002C43DD04
:106D40002B4B9B4614E0A919002001F029FA0700FB
:106D500001200021404200F093FB002001F0E6F901
:106D6000FAF712FC224BF61918605960B4422BDD79
:106D7000002001F035FAA71B0200B84200DD3A00FE
:106D8000002AE0D101200021404200F079FB0020E0
:106D900001F0CCF9002001F05FF9002814D00020A8
:106DA00001F01EFA0028E1D1FAF7EEFB5B460F0076
:106DB0001A685B68002184460E4812184B419F42B6
:106DC00002D8D3D19445D1D9504602F0FDF9ABE7B2
:106DD00000200021064B18605960504602F0F4F97B
:106DE000A2E7C04640420F00FFFFFF7F9C23002028
:106DF000C811002020A1070030B52B4C85B0002120
:106E0000200002F001FA00281CD1284B1A68002A41
:106E100016D0EFF3108172B610680028FCD0BFF3D3
:106E20005F8F01242248596002781B68D2B2047037
:106E3000BFF35F8F0020186081F31088002A17D0FD
:106E400005B030BD01200021404200F019FB0020B8
:106E500001F018F90500200002F0B6F9002DEFD07E
:106E6000144B1B68002BEBD0134A10689847E7E7D8
:106E7000FAF7FAF90400FAF787FBFA2200239200E6
:106E800012184B41802109068B4202D301220B4B81
:106E900052420121029100210191094920000091F3
:106EA000FAF7E6F9CCE7C0469C230020D81F002063
:106EB000BB2402205C1B0020641B0020FFFFFF7F1F
:106EC000B16B0010D02310B51B0684B01C68FAF714
:106ED000CBF9FAF7C9FAA04202D0002004B010BDE5
:106EE0002A4B002100201B7801F076FC284803681B
:106EF000002B47D00120F9F74BFFFF23254C2649F3
:106F000020701840F9F7C8FC20780121F9F78CFCB3
:106F10000520F9F7AFFC002826D1082200211F48E0
:106F2000FBF740FBFAF7A0F90400FAF72DFBFA2271
:106F30000023920012184B41802109068B4202D394
:106F40000122174B52420121029100210191154962
:106F500020000091FAF78CF90028BEDB12480121CD
:106F6000FCF7FAFF0120B9E70120F9F72BFC0B4BE6
:106F700001001800F9F770FF002205200B49F9F70E
:106F8000B5FCEBE7F9F74CFFB4E7C046F499001005
:106F90009C230020BA240220F96D0010D81F002085
:106FA000FFFFFF7FB16B0010FC0F0020A16B0010F2
:106FB00000487047D0980010004870477C98001037
:106FC00010B5040017480378002B20D0002C06D100
:106FD000154B16484380063BFF3B038010BD052C34
:106FE00019D8134BA400E05812490123013804E0DA
:106FF00001330A800231142B0FD0C25C002AF7D172
:10700000C022DBB25B00920008481343E5E7112180
:10701000FFF744FCDAE70020E0E7CA2303489B00BF
:10702000DBE7C046AC23022009040000981B0020C7
:10703000649800109A1B0020F8B500F043F90C2367
:10704000194DFF22AB6705201849F9F74FFC184C82
:10705000402200212000FBF7A5FA4027002301264B
:107060002121144A66702783A260136063545F3144
:10707000618445396354104A10496360E260278790
:10708000A1620B606362E26202F08EF880239B05CE
:107090002E64EB6490230A4A0120EA508022094BB7
:1070A0005202DA64F8BDC046000011507504002099
:1070B000CC1B0020840010500001105080001050A4
:1070C00010D001000020115010B501210520F9F762
:1070D000ABFB10BD10B500220021024800F012F9F0
:1070E00010BDC046EC1B0020044B1970002904D0D1
:1070F00080219023024A8902D1507047B524022092
:10710000002011500B785B0602D14B78052B00D084
:1071100070478A78014B1A60FAE7C04600001150A8
:10712000F0B5C646C87800B58007830F1800012B5C
:1071300060D08F780A794B797F213940FC091B0296
:107140004E001343334D32195201AA18977001278C
:107150006740577000275B055B0DD7701383D076AF
:10716000B846CA00012C32D02B4FBC468F01624476
:10717000BC46AC446746BA6047461760002932D027
:10718000264AC90090466246414451603F223F333F
:107190009343022837D0224937190A687F01D31850
:1071A0000B602049EF19FA608B422ED83619760110
:1071B000AD19EB7E1C499B064A4013438022120600
:1071C00013436A681360012080BCB846F0BD174FB6
:1071D000BC468F016244BC46AC446746BA6247462F
:1071E0001760002908D1002364012C196360104B3B
:1071F000E360E8E70020E7E70B4AC90090466246F3
:1072000041445162C2E75B00C5E7FAF783FCFA68C4
:10721000CCE7C046CC1B0020840010500400105066
:10722000D41F0020FF0F105000001050800010509D
:107230000001105010B501F0B7FF10BD10B57F2050
:107240000C0020404000E409110000191A00034B13
:107250004001C01800F056F8012010BDCC1B0020E2
:107260007F23180010B50840CA090B4203D1074913
:107270007D3B9B1A8B66400080188022044B4001A6
:107280000021C018120101F0DFFF10BD00201150D5
:10729000CC1B00207F22130010B50B400A4200D106
:1072A00010BDC9095B005B1804485B01C0180023CE
:1072B00000220349C37001F0C7FFF1E7CC1B002097
:1072C000FFF7FFFF80220A4B520410B51A60094BEA
:1072D00009491A6010000B689843FBD180220021F5
:1072E00052010648FBF75EF90922054B5A6710BDAB
:1072F00000E0004000F0004008C0004000001050D6
:1073000000001150002310B5C382013382828376BE
:107310000161040001F060FF002804D08021902367
:10732000074A8902D150200001F036FF002802D020
:107330000123237710BD200001F07EFFFAE7C0464D
:10734000002011507047C0467047C046002070476B
:10735000002070477047C0467047C0467047C0461F
:107360007047C046024B5878431E9841C0B27047E0
:1073700070160020024B18784007C00F7047C046B7
:1073800070160020F0B5D6464F464646C0B5314B84
:1073900007009A461B780E00FF2B01D0012044E025
:1073A000002941D0002154222B48FBF7FBF8002292
:1073B0002A4C2B4B20001A70F9F732FD294B1C6028
:1073C000294C2000143CF9F739FD200001F00CFE97
:1073D000264B274D1C60274B002B2BD02800FFF796
:1073E000B9FB254B2A781860244900248946224994
:1073F0000023884610E043461B6862019B18002B5F
:1074000012D05B68002B0FD098472A780134E4B281
:10741000511C2300A1420FDBA242ECD89B1A5B0156
:107420004B445B68002BEFD10020E0BCBA46B1466C
:10743000A846F0BD2A78D7E75346310038001F70C0
:10744000FFF7FAFD0028EFD03800FFF73DFE0120DE
:10745000EBE7C046301000207016002068160020B0
:10746000B6240220C416002028100020C8160020D0
:10747000B4240220556B0010C01400208C99001019
:10748000F0B5DE4657464E464546E0B5C84B91B08E
:1074900002931B78FF2B00D13EE1C64BC64E9B46A4
:1074A0005F46C64B0DAC0193C54B009335686A69C6
:1074B000EFF3108172B61368002BFCD0BFF35F8F1F
:1074C000A9612800210001F0BDFB6A69AB69BFF327
:1074D0005F8F0021116083F31088002800D11BE129
:1074E0006378082BE2D89B00FB589F466368002B0B
:1074F000DCD0A0689847D9E77F222179AF4D0A40B8
:107500005300EB189846C8098044404601233030A8
:1075100005799D430571057903339D430571002A63
:1075200000D100E14346A74A1B7D1278934200D365
:10753000EFE0A54A5B011568ED18002D00D1EBE0E6
:10754000A36862792078AD69A847AFE79F4A1378AE
:10755000002B00D1E0E01378013BDBB2137013780D
:10756000002BA3D10122954D01212B780420134338
:107570002B703423EA5C8A43EA54EA5C8243EA547F
:107580000133EA5C8A43EA54EA5C8243EA54237892
:1075900000209B4600F0A0FC602223791A40602A5C
:1075A00000D1EFE0402A00D1F5E0DB06DB0E012B35
:1075B00000D113E1022B00D1C7E0002B00D0E1E0A5
:1075C000202A00D11CE2002A00D0DBE06379092BDD
:1075D00000D9D7E07E4A9B00D3589F46774D2B7841
:1075E000DB0700D462E7FFF7BBFE5FE7019BDB78B8
:1075F000DB0700D45AE76068FFF7A6FE56E76F4D39
:107600002B78DB0700D451E728780007C00FFFF77D
:10761000A5FE4BE723786A4999468B46694B6A4930
:1076200098468A4639001A7847460023B046002516
:107630004E46894610E053461B686A019B18002B92
:1076400000D176E0DB68300098473A780135EDB23A
:10765000511C2B008D4244DC9542ECD39B1A5B01FC
:107660005B44EFE7237858499946564B8A4698463B
:107670003100BB464E461A7800250023474689460E
:107680000FE053461B686A019B18002B55D0DB683E
:10769000300098473A780135EDB2511C2B008D42ED
:1076A00007DC9542EDD39B1A009A5B019446634434
:1076B000EDE7019D542200212800FAF773FF102204
:1076C000FF214448FAF76EFF28002022FF211430E2
:1076D0004E465F46FAF766FF00F0F4FBFFF73CFE0C
:1076E000E4E6364D542200212800FAF75BFF102211
:1076F000FF21281DFAF756FF28002022FF21143011
:1077000046464F46FAF74EFF00F0DCFB2379AB709C
:10771000CCE6501C984213DA11B0F0BCBB46B2461E
:10772000A946A046F0BDA3686279207800F0E8FB86
:10773000BCE646464F46214DE6E74E465F46CBE760
:107740001F4D9B1A5B015D19FAE67023217A0B42EB
:1077500018D1C80982460F330B405B009846194880
:10776000EB1853441B7D00789946834266D2164835
:107770005B01006881469944002A00D15FE14B46D5
:10778000002B68D120780021FFF76AFD8021207846
:10779000FFF766FD8AE6104800F09EFB012158467F
:1077A0000EAAFFF7BDF9002800D07FE6EAE7C04641
:1077B00030100020E4980010C81600207016002039
:1077C0008C990010B4240220C0140020B62402209A
:1077D0000899001074160020216B0010237A0F2BDB
:1077E000D0D8CF4AEB181B791578AB423ED3691C31
:1077F0009942C7DB5D1BCB4B6D01ED18686900F04A
:107800006BFB012158466B690EAA9847002800D0EF
:107810004CE66022150023791D401A42B2D16379EB
:107820000A3B012BAED800F057FB63790A2B00D13D
:1078300099E158460EA900F0D9FA37E6431C4B45AA
:1078400000DAF7E04B461B1A5B019946B5488144C4
:10785000002A00D1F3E04B46586900F03DFB4B464F
:10786000012158465B690EAA98479CE7AE4A5B0126
:107870001568ED18002DC1D184E7A37999466B787E
:107880009945D6D06B78002B00D033E14B466B7016
:10789000002B00D12BE148460138C0B2FFF78CFB2A
:1078A000002800D17EE143780793022B00D079E1D4
:1078B0000122C179B1468B11491113400A40302190
:1078C00012015B0113432A78A8468A4313432B70A5
:1078D00009239A4682445646BA46C37882781B02E8
:1078E0001343C31805938E4B04938E4B08938E4B12
:1078F00009938E4B0A93059BB34200D855E17378E8
:1079000001220B2B03D13378F278F6187378042B0D
:1079100000D044E1059B00279B1B9BB20693049B70
:107920000B921D78002303931BE0099A7B011568D5
:10793000ED18002D00D132E1310058462B69069A2E
:1079400098478446082803D9069A824200D313E157
:10795000049B01371D78FFB26B1C03979F4200DD2B
:107960001DE1BD42E1D8039B5D1B089B6D019C4658
:107970006544E1E76B780CAA023213705846012384
:107980000EA900F049FA91E5E3881A0AD8B20F2A45
:1079900000D9F7E666499300CB589F460EA800F041
:1079A000A1FA5846A179FFF795FB02222B781343E1
:1079B0002B707BE5E388012B00D0E3E608222B78CF
:1079C000584693430EA92B7000F010FA6EE5022082
:1079D00029780CAB9A1C8B068908DB0F01400B43FE
:1079E0001380584602230EA900F016FA5EE5E388DC
:1079F000012B00D0C6E608222B7813432B7018E722
:107A0000237A0F2B00D9BDE6EB181D79444B1B7868
:107A10009D4228D2444B6D011B685D19002D00D199
:107A2000B0E6686900F058FA012158466B690EAA61
:107A30009847B8E6002A00D0A4E600239946627968
:107A40000220130003928343012B15D0002A00D09B
:107A500098E62B004344534430331B790CAA9B0710
:107A6000DB0F0232BCE75A1CAA4200DA8AE6ED1AA2
:107A70002C4B6D01ED18D4E7E388002B12D1029B4B
:107A80001878039B012B23D0FFF7EAFB4346022122
:107A9000EB18534430331A790A4301211A711A79C9
:107AA0000A431A714B46002B00D1FFE4586900F0DD
:107AB00013FA4B4601215B690EAA584698470020ED
:107AC00000F00AFA3523EB5CDB0700D5EEE4B0E604
:107AD000FFF7E0FB43460221EB18534430331A7999
:107AE0008A431A711A7903998A431A71DAE7FFF700
:107AF00033FC9EE600215846FFF7F6FA5846FFF79A
:107B000099FBAB78074903930491054B06499846C6
:107B10001A780591002329001D008A461BE0C04603
:107B2000B42402208C990010C01400208416002078
:107B300030990010059B6A011B689B18002B4DD0E3
:107B4000DB685846984743461A780135EDB2511C18
:107B50002B008D422EDC9542ECD39B1A049A5B01DC
:107B600094466344ECE70CAB9A1C584601230EA9DB
:107B7000157000F051F999E40B9A012A4FD0002AB0
:107B80003CD00023B07804E00133DBB20F719342A4
:107B900034D2C118C9B241440D79FF2DF4D04E46FC
:107BA0004546574600236B70ECE54E465746FFF7B7
:107BB000D1FB3EE65546542200212800FAF7F2FC9C
:107BC0001022FF21281DFAF7EDFC28002022FF21BA
:107BD0001430FAF7E7FC039BAB7057E65546FAE71B
:107BE000FEF79AFF021E00D1CCE5D37891781B02F4
:107BF0000B4358460EA900F00FF9D4E565463B004B
:107C00002A0031000A9800F08DFEAC46049B039ACE
:107C10001B7866440133934200DB6CE6BFE7174BE9
:107C200029699942ADD1079AABE7FFF78FFB021E96
:107C300000D1A7E5584613780EA900F0EDF8B2E59B
:107C40002189FFF7BDF9021EF4D19BE5022A0FD06E
:107C5000FFF77EFB021EC8D194E5FFF7A9F9021ECB
:107C600000D18FE5122358460EA900F0D5F89AE509
:107C7000FFF7A2F9021EB8D184E5C046E5820010E4
:107C8000F8B557464E46DE4645460C00E0B51600B0
:107C90001F00002A3CD01F4B00259A4670239946AE
:107CA0001D4B9B4617E05B462000997800F0FCFDD9
:107CB00000281FD021004046FFF732FA002819D0D3
:107CC000A378DA09012A1CD00A9A013513702378A7
:107CD000E418B5421CDA6378052B0BD1E3789B07D7
:107CE0009B0FBB4206D153464A461B789846A37861
:107CF0001A42D8D00020F0BCBB46B246A946A046E6
:107D0000F8BD0B9A013513702378E418B542E2DB15
:107D10000120F0E73010002070160020702270B5AE
:107D2000094B0C001D788B781A4201D0002070BDE1
:107D3000064B2000997800F0B7FD0028F6D021000E
:107D40002800FFF7EDF9F2E7301000207016002050
:107D50000B007F2010B51840DB0934334000044A83
:107D6000C018044B1168C01800F05AFD10BDC04681
:107D7000C4160020701600200B007F2010B518409C
:107D8000DB0934334000044AC018044B1168C018A2
:107D900000F06EFD10BDC046C41600207016002015
:107DA00070B57F240F480C4064000419CD09641994
:107DB00030342079C00701D5002070BD0126257917
:107DC0000948354300782571FFF738FA0028F4D1C7
:107DD000012223799343237123790332934323713F
:107DE000EAE7C046701600203010002070B5094C3C
:107DF0000600082220000D00FAF7DAFB002380219C
:107E0000E360A3602B783000994300220023FFF742
:107E1000C7FF70BD50160020F8B5CE4647469046C5
:107E2000264E80B58146082230000D001F00FAF76B
:107E3000BFFB4346B3600023F381EC79AB792402A6
:107E40001C43231CBC4200D93B1C9FB2B381002CB5
:107E50000ED0002F18D04346002B2CD03B1C402FB7
:107E60001BD89FB233787F2B1CD80021144A0FE017
:107E700080212B780022994348460023FFF790FF8A
:107E8000C0BCB946B046F8BD7F2300223178994383
:107E90003B004846FFF784FFF2E740239FB2337868
:107EA0007F2BE2D9064C3A0041462000FAF780FBCE
:107EB00080212200ECE70020E2E7C04650160020B7
:107EC0001016002010B5142200210248FAF76AFBB0
:107ED00010BDC04650160020014B18617047C046C7
:107EE0005016002010B5054C010008222000FAF7BA
:107EF0005FFB0023A360E36010BDC0465016002066
:107F000070B5384C1D0023780600DA09C9098A4289
:107F100010D00020002D00D070BD21003000FFF7F0
:107F2000F1F82369002B03D0220003213000984789
:107F30000120F1E7A0687F2B05D8002834D02A0063
:107F40002949FAF735FBE289A1685219E38892B210
:107F50004919E281A160934214D03F2D12D9A3891F
:107F6000981A051C80B240282AD82078ADB27F2804
:107F700028D800219A4232D01B4A2B003000FFF74C
:107F80000FFFC9E72369002B05D022000221300032
:107F9000984700280AD08021237800229943300096
:107FA0000023FFF7FDFEB7E70020B5E70021300012
:107FB000FFF756F930008021FFF752F90120ABE7B7
:107FC0004025D2E79A4207D0074C2A002000FAF752
:107FD000EFFA80212200D0E780210022CDE70022A5
:107FE000CBE7C046501600201016002070B50500E3
:107FF000FFF7B8F9002800D170BDFFF7BBF90028E2
:10800000FAD1C8236B43124CE618F1780029F3D05B
:1080100010331C19200000F0FFFD3F28ECD9002090
:10802000F178FFF795FE0028E6D0200000F0F4FD7F
:108030003F2808D9074BEA01D218F17840230020E5
:10804000FFF7AEFED8E7F1780020FFF795FED3E703
:1080500048150020C414002010B50400FFF782F971
:10806000002801D1002010BDFFF784F90028F9D1C4
:10807000C8226243024B01309B181B791840F2E77B
:1080800048150020C82310B543430248181800F0D3
:10809000A5FD10BD58150020F0B5C824C6468023A4
:1080A00044431F4F1034050000B53C195B029A424F
:1080B00000D31C4A200092B200F012FE8046FFF767
:1080C00051F9002803D1404680BCB846F0BDFFF707
:1080D00051F90028F7D1C8266E43BE19F378002B5A
:1080E000F1D0200000F098FD3F28ECD90020F17875
:1080F000FFF72EFE0028E6D0200000F08DFD3F287F
:1081000008D9094BEA01D218F17840230020FFF783
:1081100047FED8E7F1780020FFF72EFED3E7C046F0
:1081200048150020FFFF0000C4140020F8B5060029
:10813000FFF718F9002801D10020F8BDFFF71AF960
:108140000028F9D1C82474432500134F2435ED19B4
:10815000280000F043FD0028EED03F190020B97838
:10816000FFF7F6FD0028E7D00C4BF401E4182100DE
:108170002800402200F0B4FDB978051E08D00300A5
:1081800022000020FFF70CFE0028D5D02800D4E7FD
:108190000020FFF7F1FDCFE748150020041500206F
:1081A00070B5C82444430C4B0500E41880235B02DF
:1081B0009A4200D3094A200092B200F059FE06000C
:1081C000200000F00BFD3F2801D8300070BD2800D2
:1081D000FFF7ACFFF9E7C0466C150020FFFF000079
:1081E000C82310B543430248181800F015FD10BD10
:1081F0006C150020F0B50025184C83B0C822002172
:108200002000FAF7CFF9164B21001D70FF23637190
:10821000E1235B02A360200008234022A3733831CE
:108220000095073B103000F0A3FC2700012321003C
:1082300020002600402278310093B837243000F027
:1082400097FCC0363800F8F7EBFD3000F8F7E8FD92
:10825000E56127622663656303B0F0BD4815002021
:10826000441500200B4B196B00290AD01A6A002A0A
:108270000DD000221A621A63DA6100225A630120CB
:1082800070471A6A002AFAD0D9611962F7E71A63AF
:10829000F3E7C0464815002070B50F4C05220021B9
:1082A0002000FAF77FF90D4D2B78DA0707D50C4C33
:1082B0009B070CD50121200000F0B6FE70BD200008
:1082C000103000F091FE2B78054C9B07F2D4200073
:1082D00000F08AFEEEE7C046481500204415002055
:1082E0006C150020F0B54B79060083B0022B02D14B
:1082F0008B79022B03D00025280003B0F0BD214F5D
:10830000BB78002BF7D18B7809253B700C780C19C2
:108310006378242B0BD1082A02D80FE0AA420DD390
:108320002378E4185D196378ADB2242BF6D0052BC1
:1083300008D0042B02D163790A2B11D00020FFF75B
:1083400055FED9E721003000FFF7E8FC0028D2D025
:10835000A3787B7023785D19E4186378ADB2E8E701
:10836000094B277801930133009302220223300046
:10837000E119FFF785FC0028BDD00E35ED19ADB22F
:10838000DCE7C046481500204A150020F8B56023F8
:1083900014001278050013400020202B07D1304A2A
:1083A0006379277916781B023B439E4200D0F8BDC3
:1083B0006378222B1AD007D8202B34D0212BF6D16A
:1083C00001293ED00120F2E7232BF0D1012940D032
:1083D0000329F7D1234B002BF4D0E178A3780902CD
:1083E0000020194300E000BF0120E0E7012930D060
:1083F0000329E7D101252E00A378E478023924026D
:108400001C431471264024321000714000F00CFE11
:10841000154B002BD6D06208002031002A4000E026
:1084200000BF0120C3E701290BD00329CAD10F4B9C
:10843000002BC7D0083200201100FEF791FB01206D
:10844000B5E7072321002800094AFFF7E5FC0120D2
:10845000ADE721002800FFF7C9FC0120A7E7C046CF
:10846000481500200000000000000000616B0010B3
:1084700050150020F0B54F464646D646364DC0B59D
:10848000EA781F0080460C00AB788A423BD08B42D2
:1084900010D00020E0BCBA46B146A846F0BD2F4B34
:1084A000002B04D02E4800F0AFFB002851D0002054
:1084B000FFF79CFDAB78A34201D00120EAE7294BEE
:1084C000002B02D0002000E000BF0020FFF72EFEAE
:1084D0000028F2D1244C200000F080FB0028ECD1D1
:1084E000002FEAD0BF06E8D1243C4046A178FFF730
:1084F0002FFC0028E1D0002300224046A178FFF79E
:108500004FFC0120C6E710239A46184EAA443100BA
:108510005046BAB200F0ACFC154B002BBFD06B79C3
:10852000FF2BBCD0002FBAD0F219914603E00136E0
:10853000B145B4D06B7932789A42F8D1504600F008
:1085400063FB0028F3D15346103B597900E000BF8C
:10855000EDE700E000BFAAE748150020000000009A
:1085600058150020000000006C150020C4140020E5
:10857000000000009322F0B5134C85B000212000CC
:108580009200FAF70FF823002000802640270F4DB5
:108590004D337600FF3329300295009300220023EB
:1085A000002103970196FF3000F0D6F94035201DD9
:1085B000283400230122002103970295019600949C
:1085C00000F0CAF905B0F0BD0C1800208C1700208F
:1085D00010B5054C200000F0F5F920002538FF38D3
:1085E00000F0F0F9012010BD3419002070B5084CDE
:1085F000002520003130FF30257000F0F5FC200010
:108600000C3000F0F1FC2A23FF33E554657170BD96
:108610000C180020F8B557464546DE464E46E0B5F4
:108620004B7980460F00FF2B27D1424B0C7899469F
:108630002A234946FF33CB5C002B1ED14E79002EF6
:108640001BD1BB783C190B703B79002B12D09823BF
:108650005B004B449A460C234B449B46A518637819
:10866000052B05D110E02378E4186378052B0BD097
:10867000A542F8D8E01B80B200E00020F0BCBB4669
:10868000B246A946A046F8BDA542F3D9210040460E
:10869000FFF744FB0028F0D0A3780136F6B2DB09DF
:1086A000012B29D0504600F09FFC2A234946A2788E
:1086B000FF33CA54637922791B0213431E4A5B05B8
:1086C00094465B0D942163445A4253414A4602202A
:1086D0004900525C5B00824313434A46535451465F
:1086E0004046083900F0D6F90028C6D02378E418AF
:1086F0003B79B342B3D8BDE7584600F075FC5A4603
:10870000A3780C3A5371637921791B020B430A4910
:108710005B058C465B0D634459424B410220117945
:108720005B0081430B43594600200839137100F068
:108730007FF9DBE70C18002000FEFFFF70B5050095
:108740002A201F4CFF30205C1E006379884203D032
:1087500000208B421DD070BD9A235B00E35A002B92
:108760000DD1184B002B04D000201749B2B200E005
:1087700000BF2800154900F08DF90120EBE720002B
:10878000962331305B00E158B2B2FF3000F070FB4D
:10879000E7E70F4B002B04D031040020090C00E068
:1087A00000BF0C4C2800210000F042F90028E4D161
:1087B00032002100280000F007F90120CBE7C04675
:1087C0000C180020000000008C1700203419002035
:1087D000000000001018002000B5030083B000293D
:1087E00010D00020012B07D80A78002A04D00B48AB
:1087F000C2540120012A01D003B000BD1800FEF7C9
:10880000C1FDF9E7012301A900200B80FEF7BAFDA5
:108810000028F1D00122014B1A70EDE76416002008
:10882000037870B5DB0704000E00DD0F002B17D1B5
:1088300003785B0701D5280070BD01213000494253
:1088400000F0EAFC2378DB07DD0F002B0AD1237848
:108850005B0708D40422237801251343237002E028
:108860000025E8E70025300000F0AEFCE3E7C04655
:1088700070B50C00012106004942200000F0CCFC3C
:1088800033785B07DD0F002B04DB200000F09CFC3D
:10889000280070BD3378DB0704D404223378934377
:1088A0003370F2E70025F0E7437902791B021343A6
:1088B000C2785B0592075B0D920F022A1DD0032A36
:1088C0000CD00020012A08D102394A425141124AF3
:1088D0009446614499424041C0B2704702394A1EF1
:1088E00091410E4A494211408022D2009446002014
:1088F000614499424041C0B2EFE7022905D000200F
:1089000040229A424041C0B2E7E7054A98184342E4
:108910005841C0B2E1E7C046FF03000040FCFFFF42
:1089200000FEFFFF8A1870B5914207D27F264C786F
:10893000052C04D00C7809198A42F8D870BD34008F
:108940008D782C4064000419ED0963550C780919E1
:108950008A42ECD8F2E7C046F0B5C64600B582B010
:10896000150008AA40CA040017880BAA1288012023
:1089700090460A0021780240814320001143217073
:108980003A00009331000123083000F0F1F8002E86
:1089900001D0002F08D10A9B012063604346638009
:1089A00002B080BCB846F0BD26001C363000F8F797
:1089B00037FA0023002D01D0330000266361A66141
:1089C000E9E7C04601207047F8B502240B7807009C
:1089D0001C4063425C41144B64421C40134B080032
:1089E0009C4608300D001600644400F0F7F800289B
:1089F00007D1002E05D0344203D101242B781C422C
:108A000001D00020F8BD38006978FFF7A1F90028EF
:108A1000F7D02B781C42F4D100230022380069786B
:108A2000FFF7BEF9EEE7C04640FEFFFFFF01000082
:108A3000F8B50D000835060028000C0000F0CEF84F
:108A4000002803D0012723781F4201D00020F8BD61
:108A500030006178FFF77CF90028F7D028006288A1
:108A6000616800F03DF92378051E0BD01F42EDD15F
:108A70000300626830006178FFF792F90028E5D0C2
:108A80002800E4E71F42E1D130006178FFF774F974
:108A9000DCE7C046F8B5CE46474680B58A89050072
:108AA0000C000B78002A07D101261E423FD000207F
:108AB000C0BCB946B046F8BD9B0734D5FE2380261E
:108AC0001B029946B60027000837380000F0A4F8CA
:108AD0008642ECD80122237890461A42E7D128003A
:108AE0006178FFF735F90028E1D0380000F094F8FC
:108AF000864231D84146237862881942D7D14B4605
:108B00001840061C904200D9161CB6B200226178AB
:108B1000002E00D0626833002800FFF741F90028DA
:108B2000C5D03000C4E7114B40269946CBE74978C1
:108B3000FFF70EF90028BAD0227863881642B6D122
:108B400000226178002B00D062682800FFF728F926
:108B50000028ACD06088ABE7424623781A42A6D101
:108B600028006178FFF708F9A1E7C046C0FF0000C0
:108B7000F0B5C64600B5040006A8057880208846F2
:108B800017001E000002824226D8E068002803D0A9
:108B90000121494200F040FB2069002803D0012157
:108BA000494200F039FB4346236073045B0CED033C
:108BB0001D430023E0686381A780E58023810028AE
:108BC00001D000F001FB2069002801D000F0FCFA80
:108BD000012080BCB846F0BD0020FAE710B504893A
:108BE00041898288A3B288B28C4207D31B1A9BB2F8
:108BF000101C9A4200D9181C80B210BD5100091AED
:108C00005B189BB2F4E7C04603894089181A4342B7
:108C10005841C0B27047C04610B504894189828866
:108C2000A3B288B28C4207D31B1A9BB200209A428F
:108C300001D9D21A90B210BD5100091A5B189BB22B
:108C4000F4E7C04670B5040000690E00002803D0A8
:108C50000121494200F0E0FA25896089A288A9B281
:108C600083B285422CD3CD1AADB2002D2ED0AA42AC
:108C700008D2914230D3891A8BB263819A4203D8C9
:108C80009B1A9BB29A42FBD9E28821685204520C8B
:108C900053433000C918F9F78BFC63890125591C2F
:108CA00089B2A2888B4213D900215200891A89B255
:108CB00020696181002801D000F086FA280070BD8B
:108CC0005500ED1A4D19ADB2002DD0D1618989B290
:108CD00052009142ECDBE9E789188BB26381CDE762
:108CE000F0B546464F46D646C0B5060000698946EF
:108CF0009046002803D00121494200F08DFA3189C5
:108D00007289B5888BB294B2914254D31F1BBFB203
:108D1000002F4AD0BD4205D2AB4251D25B199CB262
:108D20002F0074814346B8453DD89FB2A54203D871
:108D3000641BA4B2A542FBD9F28831685204520CDC
:108D4000904662432B1B9BB2891842469F4225D90D
:108D500053439BB21A0048469A46F9F729FC43460A
:108D600048467D1B64195C4331685044A2B2F9F750
:108D70001FFC7189B588CB199BB26A00994216D93C
:108D80009B1A9BB230697381002801D000F01CFA55
:108D90003800E0BCBA46B146A846F0BD48467A4322
:108DA000F9F706FCE5E73B1CBFE773899BB26A0055
:108DB0009342E7DBE4E76F003F1BDF19BFB2A7E791
:108DC0005B1B9CB2ACE7C046F8B50400C0680E005F
:108DD000002803D00121494200F01EFA258920898C
:108DE0006189A288ADB283B28FB2884229D3DB1BDE
:108DF0009BB29A4209D8E779FF0906D1E0680028BA
:108E000001D000F0E1F93800F8BD95421ED32B00E7
:108E10009B1A9BB29342FBD2E28820685204520C08
:108E200053433100C018F9F7C3FB6B1C9BB2A288F7
:108E30009D4218D9002352009B1A9BB2012723811F
:108E4000DCE75100C91B5B189BB2D2E72B00E2881C
:108E500020685204520C53433100C018F9F7A8FBA4
:108E60000135A288ABB252009342E7DBE4E7C0468B
:108E7000F0B557464546DE464E46E0B514000500BF
:108E80000F0083B0002A75D0C068002803D00121EC
:108E9000494200F0C1F92E89E9796A89AB88B6B2F6
:108EA00092B2C90945D1964200D36DE059008A1AA1
:108EB000B21892B2002189469A4234D29A1A111CF1
:108EC00092B2A24200D9211C8AB29146EA88520489
:108ED000520C90464A46B21892B292464A46D21A6C
:108EE00092B2934634009E4203D3E41AA4B29C4249
:108EF000FBD24246624328681B1B9BB28018424645
:108F00004B4554D34B4639005A43F9F751FBAB88D4
:108F10005B00564501D89A4503DB5246D31A9BB2F3
:108F20009A4653462B81E868002825D000F04CF97A
:108F300022E0E9884904490C88469C4227D296429F
:108F400047D3B11A89B28C465800E11A89B28B46D0
:108F500061460919814208DBD11889B20E1BB6B2ED
:108F60008A46B2423BD9361AB6B2A21992B292469A
:108F7000A146B7E700239946484603B0F0BCBB467C
:108F8000B246A946A046F0BDB21A92B292E70021BD
:108F90008946002BC7D04146E41A4C431600D1182D
:108FA000002289B28A46994693463F199AE753436D
:108FB0009BB21A0039005C440193F9F7F9FA414673
:108FC00022004A43019B286892B2F918F9F7F0FA97
:108FD0009DE75800811A711889B28C46B5E7A14601
:108FE000B04200DD7EE7BEE710B50400C06800288F
:108FF00003D00121494200F00FF92069002803D075
:109000000121494200F008F90023E06863812381CF
:10901000002801D000F0D8F82069002801D000F025
:10902000D3F8012010BDC04670B50400C0680D0023
:10903000002803D00121494200F0EEF82069002801
:1090400003D00121494200F0E7F87F21E379ED01E7
:109050001940E0682943E171002801D000F0B4F81C
:109060002069002801D000F0AFF8012070BDC04693
:1090700010B5010000230022002000F043F810BDCD
:1090800010B583070AD00300032102E001330B422D
:1090900005D01A78002AF9D1181A10BD03001968F2
:1090A0000C4A0D4C8A188A4322420FD15968094A4A
:1090B00004338A188A43224208D15968054A043386
:1090C0008A188A432242F1D000E001331A78002A3C
:1090D000FBD1E1E7FFFEFEFE8080808070B5074C8B
:1090E000074D641BA41005D0013CA300EB58984722
:1090F000002CF9D100F04EF870BDC046A4920010CB
:10910000A4920010F0B5C6461A4C00B52568002D93
:109110002AD06C681F2C2ADC002808D10020631C90
:109120000234A4006B60615180BCB846F0BD882752
:10913000A600AE19F2510137FF37BC460122AC44FC
:109140006746A2403F6890461743624617608427EF
:109150007F00F3510228E1D1280042468D30FF30D4
:10916000036813430360D9E7034D2560D1E701206D
:109170004042D9E7BC1400202C130020034B10B54B
:10918000002B02D00248FFF773FF10BD0000000063
:10919000DD900010F8B5C04601B40248844601BC19
:1091A000604700BF910B002001B40248844601BC17
:1091B000604700BF6D03002001B40248844601BC33
:1091C000604700BFAD02002001B40248844601BCE4
:1091D000604700BF1902002001B40248844601BC68
:1091E000604700BF690B002001B40248844601BCFF
:1091F000604700BFB10E002001B40248844601BCA4
:10920000604700BFB10E002001B40248844601BC93
:10921000604700BFC100002001B40248844601BC81
:10922000604700BFA101002001B40248844601BC90
:10923000604700BF0101002001B40248844601BC20
:10924000604700BF210C002001B40248844601BCE5
:10925000604700BFD10B0020491B0010751B001098
:10926000C11C00109525001039230010392500106D
:10927000E91B0010911B0010B11B0010C51B001052
:10928000CD0D0010CD1B00108D110010111B001012
:10929000050800107D910010FD020010D547001058
:0492A0008D680010C5
:1092A800E29EA1EFB88F204672656E7465202D206E
:1092B80056656C6F6369646164653A2045737175BE
:1092C8006572646F203D2025642C204469726569AD
:1092D800746F203D2025640A0000000053656E73FA
:1092E8006F725461736B00004D6F746F72546173C9
:1092F8006B0000000A2A2A2A2050414E4943202A9E
:109308002A2A0A000A0000006E6F742073757070B4
:109318006F727465640000004E6F207370696E6C24
:109328006F636B732061726520617661696C61623D
:109338006C6500004E6F2075736572204952517339
:109348002061726520617661696C61626C650000FC
:10935800486172647761726520616C61726D202565
:109368006420616C726561647920636C61696D6504
:109378006400000048617264206173736572740050
:109388006D697373696E6720646F75626C652066BA
:10939800756E6374696F6E0052656C656173650004
:1093A800626F6F74325F7732357130383000000089
:1093B800322E312E310000007069636F5F77000034
:1093C80068637372303400004A756C203239203279
:1093D80030323500666E692B00000000666E690049
:1093E8006E616E00666E692D000000005541525492
:1093F80020737464696E000055415254207374647C
:109408006F7574005541525420737464696E202F2F
:10941800207374646F757400546D725100000000FD
:10942800546D7220537663005553422073746469F7
:109438006E202F207374646F75740000526173700E
:109448006265727279205069000000005069636F8C
:1094580000000000426F6172642043444300000032
:109468005265736574000000556E68616E646C65C2
:10947800642049525120307825780A0065702025EB
:109488003032582077617320616C7265616479208D
:10949800617661696C61626C6500000043616E27EA
:1094A8007420636F6E74696E7565207866657220C6
:1094B8006F6E20696E61637469766520657020251A
:1094C80030325800050000000600000007000000C8
:1094D800080000000900000006005250D3F0754251
:1094E800A093001006005250E182887FA8930010D4
:1094F80006005250ABB36053B893001006005250A8
:10950800BBFF3CB6C093001006005250861C0302F5
:10951800C8930010060052505422A29DD093001008
:1095280005005250DE65F4687CA90010D83100109F
:109538008831001088310010D031001088310010B7
:1095480088310010883100108831001088310010EF
:109558008831001088310010C8310010883100109F
:10956800C03100108831001088310010B831001067
:109578008C340010EE31001086340010EE310010EB
:1095880070340010EE310010EE310010EE31001092
:10959800EE310010EE310010EE310010EE31001007
:1095A800E0310010EE310010EE310010EE31001005
:1095B800EE310010EE310010E031001014350010CB
:1095C8004231001042310010423100104231001087
:1095D8004231001042310010423100104231001077
:1095E8004231001042310010423100104231001067
:1095F8004231001042310010423100104231001057
:109608004231001042310010423100104231001046
:109618004231001042310010423100104231001036
:109628004231001042310010423100104231001026
:10963800423100104231001042310010A0340010B5
:10964800E0340010A0340010423100104231001004
:1096580042310010423100104231001042310010F6
:1096680042310010423100104231001042310010E6
:1096780042310010423100104231001042310010D6
:109688004231001042310010B4360010423100104F
:1096980042310010423100104231001042310010B6
:1096A80042310010423100104231001042310010A6
:1096B800B436001026350010B4360010A03400105F
:1096C800E0340010A0340010000000000000F03F5B
:1096D8000000000000002440000000000000594085
:1096E8000000000000408F40000000000088C340D8
:1096F80000000000006AF8400000000080842E414D
:1097080000000000D01263410000000084D7974198
:109718000000000065CDCD410D0A00000600525042
:1097280053B4F4A10C940010080052501200000029
:1097380008005250921000001F00000090620010B4
:10974800D4620010D46200107063001046630010E9
:109758007E630010D4620010D462001070630010A1
:109768004663001000000000816A0010000000003D
:10977800856A0010916A0010BD6A0010B96A00106D
:10978800000000000A00000000000306A600080010
:10979800020002009C001400030057494E55534232
:1097A800000000000000000000008000040001002C
:1097B80028004400650076006900630065004900E0
:1097C8006E00740065007200660061006300650049
:1097D800470055004900440000004E007B0062002D
:1097E80063003700330039003800630031002D0072
:1097F80037003300630064002D003400630062000A
:1098080037002D0039003800620038002D0039007B
:1098180031003300610038006600630061003700E2
:109828006200660036007D0000000000050F210080
:10983800011C100500DF60DDD88945C74C9CD26546
:109848009D9E648A9F00000306A600010000000098
:109858000600525053B4F4A13094001000000000E8
:109868004494001054940010AC2302205C9400101F
:109878006894001009025400030100807D080B0061
:10988800020202000009040000010202000405248B
:109898000020010524010001042402060524060015
:1098A800010705810308001009040100020A0000ED
:1098B8000007050202400000070582024000000977
:1098C80004020000FF00010512011002EF0201402E
:1098D8008A2E0A000001010203010000AC74001086
:1098E8001476001064760010EC750010FE750010F8
:1098F800DC7500104C750010F8740010EC74001042
:10990800CE790010B479001084770010EE79001039
:10991800847700109C7900108879001084770010F3
:10992800747900107A780010847700105A7C00103F
:109938004C7C0010407C0010847700108477001065
:109948002A7C00104C7C001084770010847700106B
:1099580084770010847700108477001084770010D3
:1099680084770010E07B0010F20C0020F20C00203D
:109978003C0D00205C0D0020A00D0020B20D002041
:10998800E80C002000000000F5810010658200103E
:1099980099820010E58200108D83001075840010F4
:1099A800000000000000000075850010D18500103F
:1099B800ED85001015860010216B00103D87001002
:0499C800000000009B
:1099CC00E0940010EC940010F89400100495001032
:1099DC00109500101C950010289500103897001059
:0C99EC00309700102497001058980010CD
:1099F80070B502680400EFF3108572B61368002B87
:109A0800FCD0BFF35F8F63685A1C0BD0002900D0CD
:109A18000B6000202368BFF35F8F00221A6085F374
:109A2800108870BD00F0E8FE60600120F2E7C046D3
:109A3800F0B5C646160000B504001F000268EFF333
:109A4800108872B61368002BFCD0BFF35F8F65686F
:109A58006B1C0ED02368BFF35F8F00221A6088F357
:109A6800108800F0C9FEA8420FD1002080BCB8467B
:109A7800F0BD00F0C1FE23686060BFF35F8F002275
:109A88001A6088F310880120F0E700F0B5FE8046E0
:109A980006E032003B00200000F0BEFE0028E4D1C2
:109AA8002268EFF3108172B61368002BFCD0BFF365
:109AB8005F8F65680135ECD1434663602368BFF367
:109AC8005F8F00221A6081F310880120CEE7C0461C
:109AD800F8B50D00040000F0BFFEFA2206000F00E2
:109AE800002328000021920000F07EFE8023361813
:109AF8004F411B069F4202D30126124F764200F0C7
:109B08007BFE050006E032003B00200000F084FEEA
:109B1800002815D12268EFF3108172B61368002B64
:109B2800FCD0BFF35F8F63680133ECD165602368B5
:109B3800BFF35F8F00221A6081F310880120F8BDFF
:109B48000020FCE7FFFFFF7F10B50268EFF31081EC
:109B580072B61368002BFCD0BFF35F8F01235B4202
:109B6800436000F081FE10BD10B5084C2378002B2F
:109B78000AD18023064807495B051A68C250043396
:109B88008B42FAD10123237010BDC046B7240220AE
:109B9800581A00100001001010B5014B984710BD6D
:109BA800591A0020034B1A68C0239B009343024AAA
:109BB800136070470C8001400C900140054B1A68F7
:109BC80080239B005340C02292001340024A136036
:109BD8007047C0460C8001400C9001401423F0B53A
:109BE800D6464F4646469A46814618880433C0B53D
:109BF80098460E001B8826491400984753460700CC
:109C08001888434623491B889847534605001888F7
:109C1800434621491B8898478046FFF7A5FFB84768
:109C2800A847FFF7CBFF221E20D0C021082702201B
:109C3800490511E0002C14D0131B0D2B20D9002D41
:109C48000AD02300002A05D00B6E013A33701300A6
:109C580001362343002B09D03D008B6A1D40184272
:109C6800E8D1002DEDD123001343F5D1FFF79AFF7A
:109C7800C047FFF791FFE0BCBA46B146A846F0BD21
:109C88004B461B78013C0B6601239C46E144E8E700
:109C98004946000045580000464300000022154B85
:109CA80010B59A60DA601A615A619A61DA611A62CB
:109CB8005A629A62DA621A635A639A63DA631A64B6
:109CC8005A649A64DA641A655A659A65DA651A6696
:109CD8005A669A66DA661A675A679A67DA67F032D6
:109CE80092000021044800F08FFD044B044A1A60DA
:109CF80010BDC046000010500C1C0020D41F0020CE
:109D080080011050F0B54E464546DE465746E0B550
:109D1800214B00249E6D012585B0002E22D01F4BBB
:109D28009A46012399461E4B984601E0202C19D0EB
:109D38002A00230001342F003240E4B26D00002ACB
:109D4800F4D0524697654A465B085B0022409B1850
:109D58005B01434418009B4600F030FC002808D102
:109D6800BE43E3D105B0F0BCBB46B246A946A04607
:109D7800F0BD5B46E0219A78DB8A01A88360002366
:109D8800C900018001210271437100F037FC584677
:109D980000F0B0FBE4E7C04600001150003011505D
:109DA800CC1B00209823F0B5C646C64A00B5D55846
:109DB80080232E009B02102484B01E401D4273D0C5
:109DC800C14BC24C9A6AC24B00261A603B23E35C23
:109DD800022B00D1F4E07B23E35C022B00D10CE1E1
:109DE800BB23E35C022B00D1FBE0FB23E35C022BEB
:109DF80000D135E13C23FF33E35C022B00D122E1A3
:109E08007C23FF33E35C022B00D10FE1BC23FF333B
:109E1800E35C022B00D1FCE0FC23FF33E35C022B64
:109E280000D1A6E1AB4BE35C022B00D196E1AA4B33
:109E3800E35C022B00D185E1A84BE35C022B00D147
:109E480074E1A74BE35C022B00D163E1A54BE35C13
:109E5800022B00D12AE1A44BE35C022B00D10BE1D9
:109E6800A24BE35C022B00D18FE1A14BE35C022BF8
:109E780000D1A6E1002E08D19E4B1B78002B04D1FF
:109E880080219D4A90338902D150C0228D4B01A870
:109E98009B6C92005B055B0D01218026028043606C
:109EA80000F0ACFB954CB602EB0600D57CE08023B5
:109EB8005B021D4232D01E43012302249846834F81
:109EC800BB7E002B14D000F0AFFC012800D96FE056
:109ED800C02200213800920100F012FB380000F087
:109EE80009FB00F0A1FC012802D9834B5C661C66C3
:109EF8004346FB702037012C01D00124E0E7C02342
:109F080001A8DB007E4A038002AB12CA12C30121FA
:109F180000F074FB8022784B92021A6580235B0163
:109F28001D420ED18023DB011D4221D180231B025B
:109F38001D422CD1AE4200D0C0E104B080BCB8466E
:109F4800F0BD00241E435F4B1C60FFF7A7FE802373
:109F58006A465B0093801472012101A800F04EFB51
:109F68008022654B12031A658023DB011D42DDD078
:109F78001E43802301A8DB000380012100F03EFB83
:109F880010225D4B1A6580231B021D42D2D01E434E
:109F9800A02301A8DB000380012100F02FFB802211
:109FA800554B12011A65C5E7FFF7ACFE26007EE7A0
:109FB800544B444A1C66536E2340A342FBD187E7A7
:109FC8003833E65C002E00D105E70233E25C002A54
:109FD80000D100E7200000222030E25400F0B8FA57
:109FE800F9E6B833E75C002F00D1FEE60233E25C05
:109FF800002A00D022E13E00F7E67833E75C002F24
:10A0080000D1EDE60233E25C002A00D00EE13E000A
:10A01800E6E6B933FF33E75C002F00D1FCE60233F4
:10A02800E25C002A00D0F8E03E00F5E67933FF3321
:10A03800E75C002F00D1E9E60233E25C002A00D099
:10A04800E2E03E00E2E63933FF33E75C002F00D15F
:10A05800D6E60233E25C002A00D0CCE03E00CFE630
:10A06800F833E75C002F00D1C4E60233E25C002A33
:10A0780000D0B8E03E00BDE6234BE75C002F00D1DE
:10A08800EEE60233E25C002A00D010E1174BE35CF5
:10A09800022B00D18BE0164BE35C022B00D0F4E6D8
:10A0A8001A4BE35C002B00D090E0EEE6184BE75C1F
:10A0B800002F00D1CFE60233E25C002A00D0EEE0A8
:10A0C8003E00C8E60000115000400540CC1B0020AF
:10A0D800C41B00203B0200007B020000BB02000002
:10A0E800FB0200003B0300007B030000BB030000F1
:10A0F800FB030000B52402200030115010000200BC
:10A1080000001050002011507A030000FA030000EC
:10A118003A0300006C4BE75C002F00D196E602334F
:10A12800E25C002A00D0B2E03E008FE6674BE75CB5
:10A13800002F00D185E60233E25C002A00D09EE0C1
:10A148003E007EE6624BE75C002F00D174E60233E6
:10A15800E25C002A00D08AE03E006DE65D4BE75CD9
:10A16800002F00D163E60233E25C002A77D13E007B
:10A178005DE6F933FF33E75C002F00D152E6023386
:10A18800E25C002A62D13E004CE6534BE35C002BB4
:10A1980000D16AE6EF239B00E25C002A00D17AE74F
:10A1A8000022E2541C3BE01800F0D2F973E74A4B56
:10A1B800E35C002BEED1494BE35C022B00D064E654
:10A1C8003E00474BE35C002B00D153E6FF239B0086
:10A1D800E25C002A00D158E60022E2541C3BE01859
:10A1E80000F0B6F951E620000022E030E2543E00CB
:10A1F80000F0AEF9FEE5200000222130FF30E254E5
:10A208003E0000F0A5F9FBE5200000226130FF3098
:10A21800E2543E0000F09CF9F8E520000022A1304D
:10A22800FF30E2543E0000F093F9F5E520000022EB
:10A238006030E2543E0000F08BF9D1E520000022A6
:10A24800A030E2543E0000F083F9CEE52000002261
:10A25800E130FF30E2543E0000F07AF9E2E50022F6
:10A26800E2541C3BE01800F073F93E00DFE50022E1
:10A27800E2541C3BE01800F06BF93E00DCE50022DC
:10A28800E2541C3BE01800F063F93E00D9E50022D7
:10A29800E2541C3BE01800F05BF93E00D6E50022D2
:10A2A800E2541C3BE01800F053F93E00D3E50022CD
:10A2B800E2541C3BE01800F04BF9E7E6310009488E
:10A2C800694000F0D9FAC046FA020000BA0200005C
:10A2D8007A0200003A020000BA030000FB03000003
:10A2E800FA03000070940010F0B5D6464F46464673
:10A2F800C0B50200838A008B8A46041C984200D9A4
:10A308001C1CD57880262800471EB841A4B2F60048
:10A31800264340033043012675401B1BD5705578F2
:10A328009BB29382002D37D15146D6688D01611EAC
:10A33800761988461569002C29D006293AD93300A0
:10A348002B439B0736D16B1CF31A022B32D9231FE0
:10A358009B0801339C4600270023E9580137F15038
:10A368000433BC45F9D8634641469B00ED18F618FE
:10A37800CF1A9C4209D02B783370002F05D06B7808
:10A388007370012F01D0AB78B3701569938A2D19BA
:10A398001561802212021043002B02D18023DB01B9
:10A3A80018435346002B00D00004E0BCBA46B1461F
:10A3B800A846F0BD0023EF5CF75401339C42FAD164
:10A3C8001569938AE3E7C0468368F0B51B68050002
:10A3D800002900D01B0C9B05980D6B78002B08D129
:10A3E800EB8AC318EB822B8B834201D90023AB8203
:10A3F800F0BDEB688901461EB4462A695C1800283E
:10A4080027D0062E2BD901315B18D31A022B26D957
:10A41800130023439B0722D100230021061FB608FF
:10A428000136E7580131D75004338E42F9D86346D4
:10A43800B600A41992199F1BB04209D02378137053
:10A44800002F05D063785370012F01D0A378937043
:10A458002A69EB8A1218C318EB822A61C3E7002322
:10A46800E15CD15401339842FAD12A69F1E7C04638
:10A4780010B50400836800211B68FFF7A5FF636817
:10A488001B685B0002D5238B834200D010BD0121DD
:10A498002000FFF799FFF9E7084A0300126C002033
:10A4A800920703D49A78D209012A00D07047D87E3F
:10A4B800023843425841C0B2F8E7C0460000115084
:10A4C80010B5FFF7E9FF00280CD00749074B8C4669
:10A4D800074A9B6A126863449B1A0020C6229A4264
:10A4E8004041C0B210BDC046E0FCFFFF004005403F
:10A4F800C41B002000238376436103617047C04674
:10A5080010B58368002901D01C682140002A12D0A8
:10A518008024E400114322420DD01A6822420CD153
:10A52800084A0A401A60084A126C920703D40C239E
:10A53800033BFDD28368196010BD8178034800F0A1
:10A548009BF9C046FFFBFFFF0000115084940010E8
:10A55800436870B5002180251E680400FFF7C4FE1B
:10A56800134B6D011B6C05439B070FD5A3785B0646
:10A578000FD0104B1E4080239B0533436268002197
:10A58800136020002A00FFF7BBFF70BDA378DB092A
:10A59800EFD0A38A002BECD001212000FFF7A4FE06
:10A5A800A023054ADB05324005431343E6E7C046CE
:10A5B80000001150FFFFFFAFFFFFFFDF70B5857E82
:10A5C8000400002D14D0FFF753FFA38A002B01D1FC
:10A5D800280070BD2000FFF773FF002803D0012377
:10A5E80000252377F4E72000FFF7B2FF0025EFE707
:10A5F8008178014800F040F9A4940010F0B5CE46E7
:10A60800474680B5437805000E0085B0062B08D86C
:10A618006C4A9B00D3589F466B4A13780133DBB2D0
:10A6280013706A4B1C686269EFF3108172B6136885
:10A63800002BFCD0BFF35F8FA1612000290000F040
:10A6480003F96269A369BFF35F8F0021116083F387
:10A658001088002804D105B0C0BCB946B046F0BD8A
:10A6680032006978287800F0E7F8F4E70121584BC0
:10A678001A788A431A701A7801318A431A700022AC
:10A688005A701A7802318A431A70CAE75149524FF0
:10A69800894652490024002388463A7812E0434606
:10A6A8001B6861015B18002B06D0DB69002B03D007
:10A6B8006968287898473A780134E4B2511C230035
:10A6C800A14217DBA242EAD89B1A5B014B44ECE794
:10A6D8003F4B1A78D207BED504211A780A431A705C
:10A6E8009FE73B4B1A78D207B5D504211A788A43DD
:10A6F8001A7096E7364F3B785B072BD504223B78D8
:10A70800002193433B706B460632981D00F07CF89D
:10A718002B7801AC2370052363702C4B1B6898467B
:10A728005A69EFF3108172B61368002BFCD0BFF39F
:10A738005F8F434640469961210000F085F8434603
:10A748005A699B69BFF35F8F0021116083F31088FA
:10A75800002831D1FB78DB0700D47CE76B460A225E
:10A768000021981D00F050F82B7801AC23700323CA
:10A7780063706B686360154B1D686A69EFF310813D
:10A7880072B61368002BFCD0BFF35F8FA961280055
:10A79800210000F059F86A69AB69BFF35F8F0021A7
:10A7A800116083F31088002800D154E732006178E3
:10A7B800207800F041F84EE732006178207800F008
:10A7C8003BF8C7E770990010B6240220C81600208D
:10A7D800701600208C990010B4240220C0140020A8
:10A7E8007047C0460000000001B40248844601BC1E
:10A7F800604700BF0524001001B40248844601BC2C
:10A80800604700BFE145001001B40248844601BC1E
:10A81800604700BFA525001001B40248844601BC6A
:10A82800604700BFD946001001B40248844601BC05
:10A83800604700BF8506001001B40248844601BC89
:10A84800604700BF4573001001B40248844601BC4C
:10A85800604700BFC98D001001B40248844601BC9E
:10A86800604700BF8915001001B40248844601BC46
:10A87800604700BF0D46001001B40248844601BC81
:10A88800604700BF910600101000000000000000A3
:10A8980000000100000000000000000000000200AD
:10A8A800000000000000000000000300000000009D
:10A8B800000000000000FF000000000001B548682B
:10A8C80001318E460047704609380149884701BD65
:10A8D800DD0C001000000000000000000000000077
:10A8E80000000000000000004810002000000000E8
:10A8F800503300004C330000543300005233000042
:10A908004D5300004D430000533400004334000011
:10A91800594100105D420010A5410010714200101D
:10A928000000000000010000FF000000F56C0010AE
:10A93800A56C0010156C00108D6B00100000000055
:10A9480000010000CC16002010000C0000000000E0
:10A9580000000000000000000000000000000000EF
:10A96800FF000000000000000000000000000000E0
:04A9780000000000DB
:04000005100001E9FD
:00000001FF
