
/home/arthur/2025.1/rtos/hcsr04/src/build/hcsr04.elf:     file format elf32-littlearm

Sections:
Idx Name          Size      VMA       LMA       File off  Algn
  0 .boot2        00000100  10000000  10000000  00001000  2**0
                  CONTENTS, ALLOC, LOAD, READONLY, CODE
  1 .text         000091a4  10000100  10000100  00001100  2**4
                  CONTENTS, ALLOC, LOAD, READONLY, CODE
  2 .rodata       00000724  100092a8  100092a8  0000a2a8  2**3
                  CONTENTS, ALLOC, LOAD, READONLY, DATA
  3 .binary_info  0000002c  100099cc  100099cc  0000a9cc  2**2
                  CONTENTS, ALLOC, LOAD, READONLY, DATA
  4 .ram_vector_table 000000c0  20000000  20000000  0000d000  2**2
                  ALLOC
  5 .uninitialized_data 00000000  200000c0  200000c0  0000c044  2**0
                  CONTENTS
  6 .data         00000f84  200000c0  100099f8  0000b0c0  2**4
                  CONTENTS, ALLOC, LOAD, READONLY, CODE
  7 .tdata        00000000  20001044  20001044  0000c044  2**0
                  CONTENTS, ALLOC, LOAD, DATA, THREAD_LOCAL
  8 .tbss         00000000  20001044  20001044  00000000  2**0
                  ALLOC, THREAD_LOCAL
  9 .bss          00021478  20001048  1000a97c  0000c048  2**3
                  ALLOC
 10 .heap         00000800  200224c0  200224c0  0000c044  2**2
                  CONTENTS, READONLY
 11 .scratch_x    00000000  20040000  20040000  0000c844  2**0
                  CONTENTS
 12 .scratch_y    00000000  20041000  20041000  0000c844  2**0
                  CONTENTS
 13 .stack1_dummy 00000800  20040000  20040000  0000d000  2**2
                  ALLOC
 14 .stack_dummy  00000800  20041000  20041000  0000c860  2**5
                  CONTENTS, READONLY
 15 .ARM.attributes 00000028  00000000  00000000  0000d060  2**0
                  CONTENTS, READONLY
 16 .comment      00000026  00000000  00000000  0000d088  2**0
                  CONTENTS, READONLY
 17 .debug_info   00042692  00000000  00000000  0000d0ae  2**0
                  CONTENTS, READONLY, DEBUGGING, OCTETS
 18 .debug_abbrev 0000bba9  00000000  00000000  0004f740  2**0
                  CONTENTS, READONLY, DEBUGGING, OCTETS
 19 .debug_loclists 000259f7  00000000  00000000  0005b2e9  2**0
                  CONTENTS, READONLY, DEBUGGING, OCTETS
 20 .debug_aranges 00001e68  00000000  00000000  00080ce0  2**3
                  CONTENTS, READONLY, DEBUGGING, OCTETS
 21 .debug_rnglists 00005a9b  00000000  00000000  00082b48  2**0
                  CONTENTS, READONLY, DEBUGGING, OCTETS
 22 .debug_line   000305f8  00000000  00000000  000885e3  2**0
                  CONTENTS, READONLY, DEBUGGING, OCTETS
 23 .debug_str    0000c0cf  00000000  00000000  000b8bdb  2**0
                  CONTENTS, READONLY, DEBUGGING, OCTETS
 24 .debug_frame  00004798  00000000  00000000  000c4cac  2**2
                  CONTENTS, READONLY, DEBUGGING, OCTETS
 25 .debug_line_str 00000307  00000000  00000000  000c9444  2**0
                  CONTENTS, READONLY, DEBUGGING, OCTETS

/home/arthur/2025.1/rtos/hcsr04/src/build/hcsr04.elf:     file format elf32-littlearm


Disassembly of section .boot2:

10000000 <__boot2_start__>:
10000000:	4b32b500 	.word	0x4b32b500
10000004:	60582021 	.word	0x60582021
10000008:	21026898 	.word	0x21026898
1000000c:	60984388 	.word	0x60984388
10000010:	611860d8 	.word	0x611860d8
10000014:	4b2e6158 	.word	0x4b2e6158
10000018:	60992100 	.word	0x60992100
1000001c:	61592102 	.word	0x61592102
10000020:	22f02101 	.word	0x22f02101
10000024:	492b5099 	.word	0x492b5099
10000028:	21016019 	.word	0x21016019
1000002c:	20356099 	.word	0x20356099
10000030:	f844f000 	.word	0xf844f000
10000034:	42902202 	.word	0x42902202
10000038:	2106d014 	.word	0x2106d014
1000003c:	f0006619 	.word	0xf0006619
10000040:	6e19f834 	.word	0x6e19f834
10000044:	66192101 	.word	0x66192101
10000048:	66182000 	.word	0x66182000
1000004c:	f000661a 	.word	0xf000661a
10000050:	6e19f82c 	.word	0x6e19f82c
10000054:	6e196e19 	.word	0x6e196e19
10000058:	f0002005 	.word	0xf0002005
1000005c:	2101f82f 	.word	0x2101f82f
10000060:	d1f94208 	.word	0xd1f94208
10000064:	60992100 	.word	0x60992100
10000068:	6019491b 	.word	0x6019491b
1000006c:	60592100 	.word	0x60592100
10000070:	481b491a 	.word	0x481b491a
10000074:	21016001 	.word	0x21016001
10000078:	21eb6099 	.word	0x21eb6099
1000007c:	21a06619 	.word	0x21a06619
10000080:	f0006619 	.word	0xf0006619
10000084:	2100f812 	.word	0x2100f812
10000088:	49166099 	.word	0x49166099
1000008c:	60014814 	.word	0x60014814
10000090:	60992101 	.word	0x60992101
10000094:	2800bc01 	.word	0x2800bc01
10000098:	4700d000 	.word	0x4700d000
1000009c:	49134812 	.word	0x49134812
100000a0:	c8036008 	.word	0xc8036008
100000a4:	8808f380 	.word	0x8808f380
100000a8:	b5034708 	.word	0xb5034708
100000ac:	20046a99 	.word	0x20046a99
100000b0:	d0fb4201 	.word	0xd0fb4201
100000b4:	42012001 	.word	0x42012001
100000b8:	bd03d1f8 	.word	0xbd03d1f8
100000bc:	6618b502 	.word	0x6618b502
100000c0:	f7ff6618 	.word	0xf7ff6618
100000c4:	6e18fff2 	.word	0x6e18fff2
100000c8:	bd026e18 	.word	0xbd026e18
100000cc:	40020000 	.word	0x40020000
100000d0:	18000000 	.word	0x18000000
100000d4:	00070000 	.word	0x00070000
100000d8:	005f0300 	.word	0x005f0300
100000dc:	00002221 	.word	0x00002221
100000e0:	180000f4 	.word	0x180000f4
100000e4:	a0002022 	.word	0xa0002022
100000e8:	10000100 	.word	0x10000100
100000ec:	e000ed08 	.word	0xe000ed08
	...
100000fc:	7a4eb274 	.word	0x7a4eb274

Disassembly of section .text:

10000100 <__VECTOR_TABLE>:
10000100:	20042000 	.word	0x20042000
10000104:	100001f7 	.word	0x100001f7
10000108:	100001c3 	.word	0x100001c3
1000010c:	100001c5 	.word	0x100001c5
10000110:	100001c1 	.word	0x100001c1
10000114:	100001c1 	.word	0x100001c1
10000118:	100001c1 	.word	0x100001c1
1000011c:	100001c1 	.word	0x100001c1
10000120:	100001c1 	.word	0x100001c1
10000124:	100001c1 	.word	0x100001c1
10000128:	100001c1 	.word	0x100001c1
1000012c:	100001c7 	.word	0x100001c7
10000130:	100001c1 	.word	0x100001c1
10000134:	100001c1 	.word	0x100001c1
10000138:	100001c9 	.word	0x100001c9
1000013c:	100001cb 	.word	0x100001cb
10000140:	100001cd 	.word	0x100001cd
10000144:	100001cd 	.word	0x100001cd
10000148:	100001cd 	.word	0x100001cd
1000014c:	100001cd 	.word	0x100001cd
10000150:	100001cd 	.word	0x100001cd
10000154:	100001cd 	.word	0x100001cd
10000158:	100001cd 	.word	0x100001cd
1000015c:	100001cd 	.word	0x100001cd
10000160:	100001cd 	.word	0x100001cd
10000164:	100001cd 	.word	0x100001cd
10000168:	100001cd 	.word	0x100001cd
1000016c:	100001cd 	.word	0x100001cd
10000170:	100001cd 	.word	0x100001cd
10000174:	100001cd 	.word	0x100001cd
10000178:	100001cd 	.word	0x100001cd
1000017c:	100001cd 	.word	0x100001cd
10000180:	100001cd 	.word	0x100001cd
10000184:	100001cd 	.word	0x100001cd
10000188:	100001cd 	.word	0x100001cd
1000018c:	100001cd 	.word	0x100001cd
10000190:	100001cd 	.word	0x100001cd
10000194:	100001cd 	.word	0x100001cd
10000198:	100001cd 	.word	0x100001cd
1000019c:	100001cd 	.word	0x100001cd
100001a0:	100001cd 	.word	0x100001cd
100001a4:	100001cd 	.word	0x100001cd
100001a8:	100001cd 	.word	0x100001cd
100001ac:	100001cd 	.word	0x100001cd
100001b0:	100001cd 	.word	0x100001cd
100001b4:	100001cd 	.word	0x100001cd
100001b8:	100001cd 	.word	0x100001cd
100001bc:	100001cd 	.word	0x100001cd

100001c0 <isr_invalid>:
100001c0:	be00      	bkpt	0x0000

100001c2 <isr_nmi>:
100001c2:	be00      	bkpt	0x0000

100001c4 <isr_hardfault>:
100001c4:	be00      	bkpt	0x0000

100001c6 <isr_svcall>:
100001c6:	be00      	bkpt	0x0000

100001c8 <isr_pendsv>:
100001c8:	be00      	bkpt	0x0000

100001ca <isr_systick>:
100001ca:	be00      	bkpt	0x0000

100001cc <__unhandled_user_irq>:
100001cc:	f3ef 8005 	mrs	r0, IPSR
100001d0:	3810      	subs	r0, #16

100001d2 <unhandled_user_irq_num_in_r0>:
100001d2:	be00      	bkpt	0x0000

100001d4 <binary_info_header>:
100001d4:	7188ebf2 	.word	0x7188ebf2
100001d8:	100099cc 	.word	0x100099cc
100001dc:	100099f8 	.word	0x100099f8
100001e0:	10000238 	.word	0x10000238
100001e4:	e71aa390 	.word	0xe71aa390

100001e8 <_entry_point>:
100001e8:	481e      	ldr	r0, [pc, #120]	@ (10000264 <data_cpy_table+0x2c>)

100001ea <_enter_vtable_in_r0>:
100001ea:	491f      	ldr	r1, [pc, #124]	@ (10000268 <data_cpy_table+0x30>)
100001ec:	6008      	str	r0, [r1, #0]
100001ee:	c806      	ldmia	r0!, {r1, r2}
100001f0:	f381 8808 	msr	MSP, r1
100001f4:	4710      	bx	r2

100001f6 <_reset_handler>:
100001f6:	481d      	ldr	r0, [pc, #116]	@ (1000026c <data_cpy_table+0x34>)
100001f8:	6800      	ldr	r0, [r0, #0]
100001fa:	2800      	cmp	r0, #0
100001fc:	d001      	beq.n	10000202 <hold_non_core0_in_bootrom+0x4>

100001fe <hold_non_core0_in_bootrom>:
100001fe:	4819      	ldr	r0, [pc, #100]	@ (10000264 <data_cpy_table+0x2c>)
10000200:	e7f3      	b.n	100001ea <_enter_vtable_in_r0>
10000202:	a40d      	add	r4, pc, #52	@ (adr r4, 10000238 <data_cpy_table>)
10000204:	cc0e      	ldmia	r4!, {r1, r2, r3}
10000206:	2900      	cmp	r1, #0
10000208:	d002      	beq.n	10000210 <hold_non_core0_in_bootrom+0x12>
1000020a:	f000 f812 	bl	10000232 <data_cpy>
1000020e:	e7f9      	b.n	10000204 <hold_non_core0_in_bootrom+0x6>
10000210:	4917      	ldr	r1, [pc, #92]	@ (10000270 <data_cpy_table+0x38>)
10000212:	4a18      	ldr	r2, [pc, #96]	@ (10000274 <data_cpy_table+0x3c>)
10000214:	2000      	movs	r0, #0
10000216:	e000      	b.n	1000021a <bss_fill_test>

10000218 <bss_fill_loop>:
10000218:	c101      	stmia	r1!, {r0}

1000021a <bss_fill_test>:
1000021a:	4291      	cmp	r1, r2
1000021c:	d1fc      	bne.n	10000218 <bss_fill_loop>

1000021e <platform_entry>:
1000021e:	4916      	ldr	r1, [pc, #88]	@ (10000278 <data_cpy_table+0x40>)
10000220:	4788      	blx	r1
10000222:	4916      	ldr	r1, [pc, #88]	@ (1000027c <data_cpy_table+0x44>)
10000224:	4788      	blx	r1
10000226:	4916      	ldr	r1, [pc, #88]	@ (10000280 <data_cpy_table+0x48>)
10000228:	4788      	blx	r1
1000022a:	be00      	bkpt	0x0000
1000022c:	e7fd      	b.n	1000022a <platform_entry+0xc>

1000022e <data_cpy_loop>:
1000022e:	c901      	ldmia	r1!, {r0}
10000230:	c201      	stmia	r2!, {r0}

10000232 <data_cpy>:
10000232:	429a      	cmp	r2, r3
10000234:	d3fb      	bcc.n	1000022e <data_cpy_loop>
10000236:	4770      	bx	lr

10000238 <data_cpy_table>:
10000238:	100099f8 	.word	0x100099f8
1000023c:	200000c0 	.word	0x200000c0
10000240:	20001044 	.word	0x20001044
10000244:	1000a97c 	.word	0x1000a97c
10000248:	20040000 	.word	0x20040000
1000024c:	20040000 	.word	0x20040000
10000250:	1000a97c 	.word	0x1000a97c
10000254:	20041000 	.word	0x20041000
10000258:	20041000 	.word	0x20041000
1000025c:	00000000 	.word	0x00000000
10000260:	4770      	bx	lr
10000262:	0000      	.short	0x0000
10000264:	00000000 	.word	0x00000000
10000268:	e000ed08 	.word	0xe000ed08
1000026c:	d0000000 	.word	0xd0000000
10000270:	20001044 	.word	0x20001044
10000274:	200224c0 	.word	0x200224c0
10000278:	10003d25 	.word	0x10003d25
1000027c:	100004d9 	.word	0x100004d9
10000280:	10003d1d 	.word	0x10003d1d

10000284 <_init>:
10000284:	b5f8      	push	{r3, r4, r5, r6, r7, lr}
10000286:	46c0      	nop			@ (mov r8, r8)

10000288 <deregister_tm_clones>:
10000288:	4804      	ldr	r0, [pc, #16]	@ (1000029c <deregister_tm_clones+0x14>)
1000028a:	4b05      	ldr	r3, [pc, #20]	@ (100002a0 <deregister_tm_clones+0x18>)
1000028c:	b510      	push	{r4, lr}
1000028e:	4283      	cmp	r3, r0
10000290:	d003      	beq.n	1000029a <deregister_tm_clones+0x12>
10000292:	4b04      	ldr	r3, [pc, #16]	@ (100002a4 <deregister_tm_clones+0x1c>)
10000294:	2b00      	cmp	r3, #0
10000296:	d000      	beq.n	1000029a <deregister_tm_clones+0x12>
10000298:	4798      	blx	r3
1000029a:	bd10      	pop	{r4, pc}
1000029c:	20001044 	.word	0x20001044
100002a0:	20001044 	.word	0x20001044
100002a4:	00000000 	.word	0x00000000

100002a8 <register_tm_clones>:
100002a8:	4806      	ldr	r0, [pc, #24]	@ (100002c4 <register_tm_clones+0x1c>)
100002aa:	4907      	ldr	r1, [pc, #28]	@ (100002c8 <register_tm_clones+0x20>)
100002ac:	1a09      	subs	r1, r1, r0
100002ae:	108b      	asrs	r3, r1, #2
100002b0:	0fc9      	lsrs	r1, r1, #31
100002b2:	18c9      	adds	r1, r1, r3
100002b4:	b510      	push	{r4, lr}
100002b6:	1049      	asrs	r1, r1, #1
100002b8:	d003      	beq.n	100002c2 <register_tm_clones+0x1a>
100002ba:	4b04      	ldr	r3, [pc, #16]	@ (100002cc <register_tm_clones+0x24>)
100002bc:	2b00      	cmp	r3, #0
100002be:	d000      	beq.n	100002c2 <register_tm_clones+0x1a>
100002c0:	4798      	blx	r3
100002c2:	bd10      	pop	{r4, pc}
100002c4:	20001044 	.word	0x20001044
100002c8:	20001044 	.word	0x20001044
100002cc:	00000000 	.word	0x00000000

100002d0 <__do_global_dtors_aux>:
100002d0:	b510      	push	{r4, lr}
100002d2:	4c07      	ldr	r4, [pc, #28]	@ (100002f0 <__do_global_dtors_aux+0x20>)
100002d4:	7823      	ldrb	r3, [r4, #0]
100002d6:	2b00      	cmp	r3, #0
100002d8:	d109      	bne.n	100002ee <__do_global_dtors_aux+0x1e>
100002da:	f7ff ffd5 	bl	10000288 <deregister_tm_clones>
100002de:	4b05      	ldr	r3, [pc, #20]	@ (100002f4 <__do_global_dtors_aux+0x24>)
100002e0:	2b00      	cmp	r3, #0
100002e2:	d002      	beq.n	100002ea <__do_global_dtors_aux+0x1a>
100002e4:	4804      	ldr	r0, [pc, #16]	@ (100002f8 <__do_global_dtors_aux+0x28>)
100002e6:	e000      	b.n	100002ea <__do_global_dtors_aux+0x1a>
100002e8:	bf00      	nop
100002ea:	2301      	movs	r3, #1
100002ec:	7023      	strb	r3, [r4, #0]
100002ee:	bd10      	pop	{r4, pc}
100002f0:	20001310 	.word	0x20001310
100002f4:	00000000 	.word	0x00000000
100002f8:	100092a4 	.word	0x100092a4

100002fc <frame_dummy>:
100002fc:	4b05      	ldr	r3, [pc, #20]	@ (10000314 <frame_dummy+0x18>)
100002fe:	b510      	push	{r4, lr}
10000300:	2b00      	cmp	r3, #0
10000302:	d003      	beq.n	1000030c <frame_dummy+0x10>
10000304:	4904      	ldr	r1, [pc, #16]	@ (10000318 <frame_dummy+0x1c>)
10000306:	4805      	ldr	r0, [pc, #20]	@ (1000031c <frame_dummy+0x20>)
10000308:	e000      	b.n	1000030c <frame_dummy+0x10>
1000030a:	bf00      	nop
1000030c:	f7ff ffcc 	bl	100002a8 <register_tm_clones>
10000310:	bd10      	pop	{r4, pc}
10000312:	46c0      	nop			@ (mov r8, r8)
10000314:	00000000 	.word	0x00000000
10000318:	20001314 	.word	0x20001314
1000031c:	100092a4 	.word	0x100092a4

10000320 <sensor_task>:
10000320:	b5f0      	push	{r4, r5, r6, r7, lr}
10000322:	25d0      	movs	r5, #208	@ 0xd0
10000324:	2401      	movs	r4, #1
10000326:	4e16      	ldr	r6, [pc, #88]	@ (10000380 <sensor_task+0x60>)
10000328:	4f16      	ldr	r7, [pc, #88]	@ (10000384 <sensor_task+0x64>)
1000032a:	b087      	sub	sp, #28
1000032c:	062d      	lsls	r5, r5, #24
1000032e:	2101      	movs	r1, #1
10000330:	686b      	ldr	r3, [r5, #4]
10000332:	6830      	ldr	r0, [r6, #0]
10000334:	095b      	lsrs	r3, r3, #5
10000336:	4023      	ands	r3, r4
10000338:	9301      	str	r3, [sp, #4]
1000033a:	686b      	ldr	r3, [r5, #4]
1000033c:	4249      	negs	r1, r1
1000033e:	099b      	lsrs	r3, r3, #6
10000340:	4023      	ands	r3, r4
10000342:	9302      	str	r3, [sp, #8]
10000344:	686b      	ldr	r3, [r5, #4]
10000346:	09db      	lsrs	r3, r3, #7
10000348:	4023      	ands	r3, r4
1000034a:	9303      	str	r3, [sp, #12]
1000034c:	686b      	ldr	r3, [r5, #4]
1000034e:	0a1b      	lsrs	r3, r3, #8
10000350:	4023      	ands	r3, r4
10000352:	9304      	str	r3, [sp, #16]
10000354:	686b      	ldr	r3, [r5, #4]
10000356:	0a5b      	lsrs	r3, r3, #9
10000358:	4023      	ands	r3, r4
1000035a:	9305      	str	r3, [sp, #20]
1000035c:	f004 ff34 	bl	100051c8 <xQueueSemaphoreTake>
10000360:	a901      	add	r1, sp, #4
10000362:	2300      	movs	r3, #0
10000364:	2200      	movs	r2, #0
10000366:	6838      	ldr	r0, [r7, #0]
10000368:	f004 fce4 	bl	10004d34 <xQueueGenericSend>
1000036c:	2300      	movs	r3, #0
1000036e:	2200      	movs	r2, #0
10000370:	2100      	movs	r1, #0
10000372:	6830      	ldr	r0, [r6, #0]
10000374:	f004 fcde 	bl	10004d34 <xQueueGenericSend>
10000378:	2064      	movs	r0, #100	@ 0x64
1000037a:	f005 fbb5 	bl	10005ae8 <vTaskDelay>
1000037e:	e7d6      	b.n	1000032e <sensor_task+0xe>
10000380:	20022470 	.word	0x20022470
10000384:	20022468 	.word	0x20022468

10000388 <motor_task>:
10000388:	b5f0      	push	{r4, r5, r6, r7, lr}
1000038a:	46d6      	mov	lr, sl
1000038c:	464f      	mov	r7, r9
1000038e:	4646      	mov	r6, r8
10000390:	4b49      	ldr	r3, [pc, #292]	@ (100004b8 <motor_task+0x130>)
10000392:	b5c0      	push	{r6, r7, lr}
10000394:	469a      	mov	sl, r3
10000396:	2700      	movs	r7, #0
10000398:	4c48      	ldr	r4, [pc, #288]	@ (100004bc <motor_task+0x134>)
1000039a:	b086      	sub	sp, #24
1000039c:	2201      	movs	r2, #1
1000039e:	a901      	add	r1, sp, #4
100003a0:	6820      	ldr	r0, [r4, #0]
100003a2:	4252      	negs	r2, r2
100003a4:	f004 fe82 	bl	100050ac <xQueueReceive>
100003a8:	0001      	movs	r1, r0
100003aa:	2801      	cmp	r0, #1
100003ac:	d1f6      	bne.n	1000039c <motor_task+0x14>
100003ae:	9b01      	ldr	r3, [sp, #4]
100003b0:	2201      	movs	r2, #1
100003b2:	2b01      	cmp	r3, #1
100003b4:	d072      	beq.n	1000049c <motor_task+0x114>
100003b6:	2303      	movs	r3, #3
100003b8:	4699      	mov	r9, r3
100003ba:	3b04      	subs	r3, #4
100003bc:	4698      	mov	r8, r3
100003be:	2602      	movs	r6, #2
100003c0:	2300      	movs	r3, #0
100003c2:	2000      	movs	r0, #0
100003c4:	9d02      	ldr	r5, [sp, #8]
100003c6:	2d01      	cmp	r5, #1
100003c8:	d004      	beq.n	100003d4 <motor_task+0x4c>
100003ca:	4680      	mov	r8, r0
100003cc:	0019      	movs	r1, r3
100003ce:	0010      	movs	r0, r2
100003d0:	0032      	movs	r2, r6
100003d2:	464e      	mov	r6, r9
100003d4:	9b03      	ldr	r3, [sp, #12]
100003d6:	2b01      	cmp	r3, #1
100003d8:	d057      	beq.n	1000048a <motor_task+0x102>
100003da:	9d04      	ldr	r5, [sp, #16]
100003dc:	9b05      	ldr	r3, [sp, #20]
100003de:	2d01      	cmp	r5, #1
100003e0:	d043      	beq.n	1000046a <motor_task+0xe2>
100003e2:	2b01      	cmp	r3, #1
100003e4:	d045      	beq.n	10000472 <motor_task+0xea>
100003e6:	2900      	cmp	r1, #0
100003e8:	d156      	bne.n	10000498 <motor_task+0x110>
100003ea:	2f00      	cmp	r7, #0
100003ec:	dd5f      	ble.n	100004ae <motor_task+0x126>
100003ee:	4b34      	ldr	r3, [pc, #208]	@ (100004c0 <motor_task+0x138>)
100003f0:	2603      	movs	r6, #3
100003f2:	4698      	mov	r8, r3
100003f4:	1bf0      	subs	r0, r6, r7
100003f6:	f002 f843 	bl	10002480 <__wrap___aeabi_i2f>
100003fa:	4932      	ldr	r1, [pc, #200]	@ (100004c4 <motor_task+0x13c>)
100003fc:	f002 f839 	bl	10002472 <__wrap___aeabi_fmul>
10000400:	4641      	mov	r1, r8
10000402:	f002 f81f 	bl	10002444 <__wrap___aeabi_fadd>
10000406:	f002 f85d 	bl	100024c4 <__wrap___aeabi_f2iz>
1000040a:	0001      	movs	r1, r0
1000040c:	3132      	adds	r1, #50	@ 0x32
1000040e:	d42a      	bmi.n	10000466 <motor_task+0xde>
10000410:	2941      	cmp	r1, #65	@ 0x41
10000412:	dd00      	ble.n	10000416 <motor_task+0x8e>
10000414:	2141      	movs	r1, #65	@ 0x41
10000416:	2232      	movs	r2, #50	@ 0x32
10000418:	1a12      	subs	r2, r2, r0
1000041a:	d422      	bmi.n	10000462 <motor_task+0xda>
1000041c:	2a41      	cmp	r2, #65	@ 0x41
1000041e:	dd00      	ble.n	10000422 <motor_task+0x9a>
10000420:	2241      	movs	r2, #65	@ 0x41
10000422:	23d0      	movs	r3, #208	@ 0xd0
10000424:	2080      	movs	r0, #128	@ 0x80
10000426:	061b      	lsls	r3, r3, #24
10000428:	00c0      	lsls	r0, r0, #3
1000042a:	6198      	str	r0, [r3, #24]
1000042c:	2080      	movs	r0, #128	@ 0x80
1000042e:	0100      	lsls	r0, r0, #4
10000430:	6158      	str	r0, [r3, #20]
10000432:	2080      	movs	r0, #128	@ 0x80
10000434:	0140      	lsls	r0, r0, #5
10000436:	6158      	str	r0, [r3, #20]
10000438:	2080      	movs	r0, #128	@ 0x80
1000043a:	4f23      	ldr	r7, [pc, #140]	@ (100004c8 <motor_task+0x140>)
1000043c:	0180      	lsls	r0, r0, #6
1000043e:	6198      	str	r0, [r3, #24]
10000440:	683b      	ldr	r3, [r7, #0]
10000442:	4822      	ldr	r0, [pc, #136]	@ (100004cc <motor_task+0x144>)
10000444:	404b      	eors	r3, r1
10000446:	041b      	lsls	r3, r3, #16
10000448:	0c1b      	lsrs	r3, r3, #16
1000044a:	6003      	str	r3, [r0, #0]
1000044c:	683f      	ldr	r7, [r7, #0]
1000044e:	0413      	lsls	r3, r2, #16
10000450:	407b      	eors	r3, r7
10000452:	0c1b      	lsrs	r3, r3, #16
10000454:	041b      	lsls	r3, r3, #16
10000456:	6003      	str	r3, [r0, #0]
10000458:	4650      	mov	r0, sl
1000045a:	f003 fe71 	bl	10004140 <__wrap_printf>
1000045e:	0037      	movs	r7, r6
10000460:	e79c      	b.n	1000039c <motor_task+0x14>
10000462:	2200      	movs	r2, #0
10000464:	e7dd      	b.n	10000422 <motor_task+0x9a>
10000466:	2100      	movs	r1, #0
10000468:	e7d5      	b.n	10000416 <motor_task+0x8e>
1000046a:	3101      	adds	r1, #1
1000046c:	2b01      	cmp	r3, #1
1000046e:	d102      	bne.n	10000476 <motor_task+0xee>
10000470:	0032      	movs	r2, r6
10000472:	0010      	movs	r0, r2
10000474:	3101      	adds	r1, #1
10000476:	f001 fc2b 	bl	10001cd0 <__wrap___aeabi_idiv>
1000047a:	0006      	movs	r6, r0
1000047c:	f002 f800 	bl	10002480 <__wrap___aeabi_i2f>
10000480:	4913      	ldr	r1, [pc, #76]	@ (100004d0 <motor_task+0x148>)
10000482:	f001 fff6 	bl	10002472 <__wrap___aeabi_fmul>
10000486:	4680      	mov	r8, r0
10000488:	e7b4      	b.n	100003f4 <motor_task+0x6c>
1000048a:	9d04      	ldr	r5, [sp, #16]
1000048c:	9b05      	ldr	r3, [sp, #20]
1000048e:	3101      	adds	r1, #1
10000490:	2d01      	cmp	r5, #1
10000492:	d0ea      	beq.n	1000046a <motor_task+0xe2>
10000494:	2b01      	cmp	r3, #1
10000496:	d0ec      	beq.n	10000472 <motor_task+0xea>
10000498:	4640      	mov	r0, r8
1000049a:	e7ec      	b.n	10000476 <motor_task+0xee>
1000049c:	2003      	movs	r0, #3
1000049e:	4240      	negs	r0, r0
100004a0:	4691      	mov	r9, r2
100004a2:	4680      	mov	r8, r0
100004a4:	2600      	movs	r6, #0
100004a6:	2102      	movs	r1, #2
100004a8:	3a02      	subs	r2, #2
100004aa:	3001      	adds	r0, #1
100004ac:	e78a      	b.n	100003c4 <motor_task+0x3c>
100004ae:	2603      	movs	r6, #3
100004b0:	4b08      	ldr	r3, [pc, #32]	@ (100004d4 <motor_task+0x14c>)
100004b2:	4276      	negs	r6, r6
100004b4:	4698      	mov	r8, r3
100004b6:	e79d      	b.n	100003f4 <motor_task+0x6c>
100004b8:	100092a8 	.word	0x100092a8
100004bc:	20022468 	.word	0x20022468
100004c0:	42580000 	.word	0x42580000
100004c4:	425c0000 	.word	0x425c0000
100004c8:	40050098 	.word	0x40050098
100004cc:	40051098 	.word	0x40051098
100004d0:	41900000 	.word	0x41900000
100004d4:	c2580000 	.word	0xc2580000

100004d8 <main>:
100004d8:	b5f0      	push	{r4, r5, r6, r7, lr}
100004da:	4647      	mov	r7, r8
100004dc:	46ce      	mov	lr, r9
100004de:	b580      	push	{r7, lr}
100004e0:	b083      	sub	sp, #12
100004e2:	f003 fd51 	bl	10003f88 <stdio_init_all>
100004e6:	2314      	movs	r3, #20
100004e8:	27d0      	movs	r7, #208	@ 0xd0
100004ea:	4698      	mov	r8, r3
100004ec:	2601      	movs	r6, #1
100004ee:	4d34      	ldr	r5, [pc, #208]	@ (100005c0 <main+0xe8>)
100004f0:	063f      	lsls	r7, r7, #24
100004f2:	44a8      	add	r8, r5
100004f4:	cd10      	ldmia	r5!, {r4}
100004f6:	0020      	movs	r0, r4
100004f8:	f000 f8a4 	bl	10000644 <gpio_init>
100004fc:	0033      	movs	r3, r6
100004fe:	40a3      	lsls	r3, r4
10000500:	2200      	movs	r2, #0
10000502:	2101      	movs	r1, #1
10000504:	0020      	movs	r0, r4
10000506:	62bb      	str	r3, [r7, #40]	@ 0x28
10000508:	f000 f888 	bl	1000061c <gpio_set_pulls>
1000050c:	4545      	cmp	r5, r8
1000050e:	d1f1      	bne.n	100004f4 <main+0x1c>
10000510:	200a      	movs	r0, #10
10000512:	f000 f897 	bl	10000644 <gpio_init>
10000516:	2380      	movs	r3, #128	@ 0x80
10000518:	00db      	lsls	r3, r3, #3
1000051a:	627b      	str	r3, [r7, #36]	@ 0x24
1000051c:	200b      	movs	r0, #11
1000051e:	f000 f891 	bl	10000644 <gpio_init>
10000522:	2380      	movs	r3, #128	@ 0x80
10000524:	011b      	lsls	r3, r3, #4
10000526:	627b      	str	r3, [r7, #36]	@ 0x24
10000528:	200c      	movs	r0, #12
1000052a:	f000 f88b 	bl	10000644 <gpio_init>
1000052e:	2380      	movs	r3, #128	@ 0x80
10000530:	015b      	lsls	r3, r3, #5
10000532:	627b      	str	r3, [r7, #36]	@ 0x24
10000534:	200d      	movs	r0, #13
10000536:	f000 f885 	bl	10000644 <gpio_init>
1000053a:	2380      	movs	r3, #128	@ 0x80
1000053c:	019b      	lsls	r3, r3, #6
1000053e:	627b      	str	r3, [r7, #36]	@ 0x24
10000540:	2104      	movs	r1, #4
10000542:	200e      	movs	r0, #14
10000544:	f000 f850 	bl	100005e8 <gpio_set_function>
10000548:	4b1e      	ldr	r3, [pc, #120]	@ (100005c4 <main+0xec>)
1000054a:	279c      	movs	r7, #156	@ 0x9c
1000054c:	4698      	mov	r8, r3
1000054e:	23ff      	movs	r3, #255	@ 0xff
10000550:	4699      	mov	r9, r3
10000552:	4643      	mov	r3, r8
10000554:	464a      	mov	r2, r9
10000556:	51da      	str	r2, [r3, r7]
10000558:	0032      	movs	r2, r6
1000055a:	4d1b      	ldr	r5, [pc, #108]	@ (100005c8 <main+0xf0>)
1000055c:	4c1b      	ldr	r4, [pc, #108]	@ (100005cc <main+0xf4>)
1000055e:	682b      	ldr	r3, [r5, #0]
10000560:	2104      	movs	r1, #4
10000562:	439a      	bics	r2, r3
10000564:	6022      	str	r2, [r4, #0]
10000566:	200f      	movs	r0, #15
10000568:	f000 f83e 	bl	100005e8 <gpio_set_function>
1000056c:	4643      	mov	r3, r8
1000056e:	464a      	mov	r2, r9
10000570:	51da      	str	r2, [r3, r7]
10000572:	0032      	movs	r2, r6
10000574:	682b      	ldr	r3, [r5, #0]
10000576:	2114      	movs	r1, #20
10000578:	439a      	bics	r2, r3
1000057a:	6022      	str	r2, [r4, #0]
1000057c:	2001      	movs	r0, #1
1000057e:	2200      	movs	r2, #0
10000580:	f004 fb86 	bl	10004c90 <xQueueGenericCreate>
10000584:	4b12      	ldr	r3, [pc, #72]	@ (100005d0 <main+0xf8>)
10000586:	2400      	movs	r4, #0
10000588:	6018      	str	r0, [r3, #0]
1000058a:	2001      	movs	r0, #1
1000058c:	f004 fcbe 	bl	10004f0c <xQueueCreateMutex>
10000590:	2280      	movs	r2, #128	@ 0x80
10000592:	4b10      	ldr	r3, [pc, #64]	@ (100005d4 <main+0xfc>)
10000594:	4910      	ldr	r1, [pc, #64]	@ (100005d8 <main+0x100>)
10000596:	6018      	str	r0, [r3, #0]
10000598:	0052      	lsls	r2, r2, #1
1000059a:	2300      	movs	r3, #0
1000059c:	480f      	ldr	r0, [pc, #60]	@ (100005dc <main+0x104>)
1000059e:	9401      	str	r4, [sp, #4]
100005a0:	9600      	str	r6, [sp, #0]
100005a2:	f005 f989 	bl	100058b8 <xTaskCreate>
100005a6:	2280      	movs	r2, #128	@ 0x80
100005a8:	2300      	movs	r3, #0
100005aa:	490d      	ldr	r1, [pc, #52]	@ (100005e0 <main+0x108>)
100005ac:	0052      	lsls	r2, r2, #1
100005ae:	480d      	ldr	r0, [pc, #52]	@ (100005e4 <main+0x10c>)
100005b0:	9401      	str	r4, [sp, #4]
100005b2:	9600      	str	r6, [sp, #0]
100005b4:	f005 f980 	bl	100058b8 <xTaskCreate>
100005b8:	f005 f990 	bl	100058dc <vTaskStartScheduler>
100005bc:	e7fe      	b.n	100005bc <main+0xe4>
100005be:	46c0      	nop			@ (mov r8, r8)
100005c0:	100094cc 	.word	0x100094cc
100005c4:	40050000 	.word	0x40050000
100005c8:	4005008c 	.word	0x4005008c
100005cc:	4005108c 	.word	0x4005108c
100005d0:	20022468 	.word	0x20022468
100005d4:	20022470 	.word	0x20022470
100005d8:	100092e4 	.word	0x100092e4
100005dc:	10000321 	.word	0x10000321
100005e0:	100092f0 	.word	0x100092f0
100005e4:	10000389 	.word	0x10000389

100005e8 <gpio_set_function>:
100005e8:	4a09      	ldr	r2, [pc, #36]	@ (10000610 <gpio_set_function+0x28>)
100005ea:	0083      	lsls	r3, r0, #2
100005ec:	189a      	adds	r2, r3, r2
100005ee:	b510      	push	{r4, lr}
100005f0:	6814      	ldr	r4, [r2, #0]
100005f2:	2240      	movs	r2, #64	@ 0x40
100005f4:	4054      	eors	r4, r2
100005f6:	3280      	adds	r2, #128	@ 0x80
100005f8:	4022      	ands	r2, r4
100005fa:	4c06      	ldr	r4, [pc, #24]	@ (10000614 <gpio_set_function+0x2c>)
100005fc:	00c0      	lsls	r0, r0, #3
100005fe:	46a4      	mov	ip, r4
10000600:	4463      	add	r3, ip
10000602:	601a      	str	r2, [r3, #0]
10000604:	4b04      	ldr	r3, [pc, #16]	@ (10000618 <gpio_set_function+0x30>)
10000606:	469c      	mov	ip, r3
10000608:	4460      	add	r0, ip
1000060a:	6041      	str	r1, [r0, #4]
1000060c:	bd10      	pop	{r4, pc}
1000060e:	46c0      	nop			@ (mov r8, r8)
10000610:	4001c004 	.word	0x4001c004
10000614:	4001d004 	.word	0x4001d004
10000618:	40014000 	.word	0x40014000

1000061c <gpio_set_pulls>:
1000061c:	4b07      	ldr	r3, [pc, #28]	@ (1000063c <gpio_set_pulls+0x20>)
1000061e:	0080      	lsls	r0, r0, #2
10000620:	18c3      	adds	r3, r0, r3
10000622:	681b      	ldr	r3, [r3, #0]
10000624:	00c9      	lsls	r1, r1, #3
10000626:	0092      	lsls	r2, r2, #2
10000628:	430a      	orrs	r2, r1
1000062a:	405a      	eors	r2, r3
1000062c:	230c      	movs	r3, #12
1000062e:	4013      	ands	r3, r2
10000630:	4a03      	ldr	r2, [pc, #12]	@ (10000640 <gpio_set_pulls+0x24>)
10000632:	4694      	mov	ip, r2
10000634:	4460      	add	r0, ip
10000636:	6003      	str	r3, [r0, #0]
10000638:	4770      	bx	lr
1000063a:	46c0      	nop			@ (mov r8, r8)
1000063c:	4001c004 	.word	0x4001c004
10000640:	4001d004 	.word	0x4001d004

10000644 <gpio_init>:
10000644:	2301      	movs	r3, #1
10000646:	22d0      	movs	r2, #208	@ 0xd0
10000648:	4083      	lsls	r3, r0
1000064a:	0612      	lsls	r2, r2, #24
1000064c:	6293      	str	r3, [r2, #40]	@ 0x28
1000064e:	6193      	str	r3, [r2, #24]
10000650:	4a09      	ldr	r2, [pc, #36]	@ (10000678 <gpio_init+0x34>)
10000652:	0083      	lsls	r3, r0, #2
10000654:	189a      	adds	r2, r3, r2
10000656:	6811      	ldr	r1, [r2, #0]
10000658:	2240      	movs	r2, #64	@ 0x40
1000065a:	4051      	eors	r1, r2
1000065c:	3280      	adds	r2, #128	@ 0x80
1000065e:	400a      	ands	r2, r1
10000660:	4906      	ldr	r1, [pc, #24]	@ (1000067c <gpio_init+0x38>)
10000662:	00c0      	lsls	r0, r0, #3
10000664:	468c      	mov	ip, r1
10000666:	4463      	add	r3, ip
10000668:	601a      	str	r2, [r3, #0]
1000066a:	4b05      	ldr	r3, [pc, #20]	@ (10000680 <gpio_init+0x3c>)
1000066c:	469c      	mov	ip, r3
1000066e:	2305      	movs	r3, #5
10000670:	4460      	add	r0, ip
10000672:	6043      	str	r3, [r0, #4]
10000674:	4770      	bx	lr
10000676:	46c0      	nop			@ (mov r8, r8)
10000678:	4001c004 	.word	0x4001c004
1000067c:	4001d004 	.word	0x4001d004
10000680:	40014000 	.word	0x40014000

10000684 <rp2040_chip_version>:
10000684:	2380      	movs	r3, #128	@ 0x80
10000686:	05db      	lsls	r3, r3, #23
10000688:	6818      	ldr	r0, [r3, #0]
1000068a:	0f00      	lsrs	r0, r0, #28
1000068c:	4770      	bx	lr
1000068e:	46c0      	nop			@ (mov r8, r8)

10000690 <panic>:
10000690:	b40f      	push	{r0, r1, r2, r3}
10000692:	b500      	push	{lr}
10000694:	4808      	ldr	r0, [pc, #32]	@ (100006b8 <panic+0x28>)
10000696:	b083      	sub	sp, #12
10000698:	f003 fcca 	bl	10004030 <__wrap_puts>
1000069c:	9b04      	ldr	r3, [sp, #16]
1000069e:	2b00      	cmp	r3, #0
100006a0:	d007      	beq.n	100006b2 <panic+0x22>
100006a2:	a905      	add	r1, sp, #20
100006a4:	0018      	movs	r0, r3
100006a6:	9101      	str	r1, [sp, #4]
100006a8:	f003 fb1e 	bl	10003ce8 <weak_raw_vprintf>
100006ac:	4803      	ldr	r0, [pc, #12]	@ (100006bc <panic+0x2c>)
100006ae:	f003 fcbf 	bl	10004030 <__wrap_puts>
100006b2:	2001      	movs	r0, #1
100006b4:	f003 fb30 	bl	10003d18 <_exit>
100006b8:	100092fc 	.word	0x100092fc
100006bc:	1000930c 	.word	0x1000930c

100006c0 <panic_unsupported>:
100006c0:	b510      	push	{r4, lr}
100006c2:	4801      	ldr	r0, [pc, #4]	@ (100006c8 <panic_unsupported+0x8>)
100006c4:	f7ff ffe4 	bl	10000690 <panic>
100006c8:	10009310 	.word	0x10009310

100006cc <hw_claim_or_assert>:
100006cc:	b570      	push	{r4, r5, r6, lr}
100006ce:	f3ef 8c10 	mrs	ip, PRIMASK
100006d2:	b672      	cpsid	i
100006d4:	4d0d      	ldr	r5, [pc, #52]	@ (1000070c <hw_claim_or_assert+0x40>)
100006d6:	682b      	ldr	r3, [r5, #0]
100006d8:	2b00      	cmp	r3, #0
100006da:	d0fc      	beq.n	100006d6 <hw_claim_or_assert+0xa>
100006dc:	f3bf 8f5f 	dmb	sy
100006e0:	2407      	movs	r4, #7
100006e2:	08cb      	lsrs	r3, r1, #3
100006e4:	18c6      	adds	r6, r0, r3
100006e6:	5cc0      	ldrb	r0, [r0, r3]
100006e8:	2301      	movs	r3, #1
100006ea:	400c      	ands	r4, r1
100006ec:	40a3      	lsls	r3, r4
100006ee:	001c      	movs	r4, r3
100006f0:	4004      	ands	r4, r0
100006f2:	4203      	tst	r3, r0
100006f4:	d107      	bne.n	10000706 <hw_claim_or_assert+0x3a>
100006f6:	4318      	orrs	r0, r3
100006f8:	7030      	strb	r0, [r6, #0]
100006fa:	f3bf 8f5f 	dmb	sy
100006fe:	602c      	str	r4, [r5, #0]
10000700:	f38c 8810 	msr	PRIMASK, ip
10000704:	bd70      	pop	{r4, r5, r6, pc}
10000706:	0010      	movs	r0, r2
10000708:	f7ff ffc2 	bl	10000690 <panic>
1000070c:	d000012c 	.word	0xd000012c

10000710 <hw_claim_unused_from_range>:
10000710:	b5f8      	push	{r3, r4, r5, r6, r7, lr}
10000712:	4647      	mov	r7, r8
10000714:	46ce      	mov	lr, r9
10000716:	4688      	mov	r8, r1
10000718:	b580      	push	{r7, lr}
1000071a:	f3ef 8c10 	mrs	ip, PRIMASK
1000071e:	b672      	cpsid	i
10000720:	4d21      	ldr	r5, [pc, #132]	@ (100007a8 <hw_claim_unused_from_range+0x98>)
10000722:	682c      	ldr	r4, [r5, #0]
10000724:	2c00      	cmp	r4, #0
10000726:	d0fc      	beq.n	10000722 <hw_claim_unused_from_range+0x12>
10000728:	f3bf 8f5f 	dmb	sy
1000072c:	429a      	cmp	r2, r3
1000072e:	d82c      	bhi.n	1000078a <hw_claim_unused_from_range+0x7a>
10000730:	08d4      	lsrs	r4, r2, #3
10000732:	2707      	movs	r7, #7
10000734:	5d05      	ldrb	r5, [r0, r4]
10000736:	1906      	adds	r6, r0, r4
10000738:	2401      	movs	r4, #1
1000073a:	4017      	ands	r7, r2
1000073c:	40bc      	lsls	r4, r7
1000073e:	422c      	tst	r4, r5
10000740:	d01f      	beq.n	10000782 <hw_claim_unused_from_range+0x72>
10000742:	2107      	movs	r1, #7
10000744:	2701      	movs	r7, #1
10000746:	4689      	mov	r9, r1
10000748:	e009      	b.n	1000075e <hw_claim_unused_from_range+0x4e>
1000074a:	08d4      	lsrs	r4, r2, #3
1000074c:	5d05      	ldrb	r5, [r0, r4]
1000074e:	1906      	adds	r6, r0, r4
10000750:	464c      	mov	r4, r9
10000752:	0039      	movs	r1, r7
10000754:	4014      	ands	r4, r2
10000756:	40a1      	lsls	r1, r4
10000758:	000c      	movs	r4, r1
1000075a:	4229      	tst	r1, r5
1000075c:	d011      	beq.n	10000782 <hw_claim_unused_from_range+0x72>
1000075e:	3201      	adds	r2, #1
10000760:	4293      	cmp	r3, r2
10000762:	d2f2      	bcs.n	1000074a <hw_claim_unused_from_range+0x3a>
10000764:	2001      	movs	r0, #1
10000766:	4240      	negs	r0, r0
10000768:	f3bf 8f5f 	dmb	sy
1000076c:	2200      	movs	r2, #0
1000076e:	4b0e      	ldr	r3, [pc, #56]	@ (100007a8 <hw_claim_unused_from_range+0x98>)
10000770:	601a      	str	r2, [r3, #0]
10000772:	f38c 8810 	msr	PRIMASK, ip
10000776:	2800      	cmp	r0, #0
10000778:	db0f      	blt.n	1000079a <hw_claim_unused_from_range+0x8a>
1000077a:	bcc0      	pop	{r6, r7}
1000077c:	46b9      	mov	r9, r7
1000077e:	46b0      	mov	r8, r6
10000780:	bdf8      	pop	{r3, r4, r5, r6, r7, pc}
10000782:	4325      	orrs	r5, r4
10000784:	0010      	movs	r0, r2
10000786:	7035      	strb	r5, [r6, #0]
10000788:	e7ee      	b.n	10000768 <hw_claim_unused_from_range+0x58>
1000078a:	f3bf 8f5f 	dmb	sy
1000078e:	2300      	movs	r3, #0
10000790:	602b      	str	r3, [r5, #0]
10000792:	f38c 8810 	msr	PRIMASK, ip
10000796:	2001      	movs	r0, #1
10000798:	4240      	negs	r0, r0
1000079a:	4643      	mov	r3, r8
1000079c:	2b00      	cmp	r3, #0
1000079e:	d0ec      	beq.n	1000077a <hw_claim_unused_from_range+0x6a>
100007a0:	9808      	ldr	r0, [sp, #32]
100007a2:	f7ff ff75 	bl	10000690 <panic>
100007a6:	46c0      	nop			@ (mov r8, r8)
100007a8:	d000012c 	.word	0xd000012c

100007ac <next_striped_spin_lock_num>:
100007ac:	4a04      	ldr	r2, [pc, #16]	@ (100007c0 <next_striped_spin_lock_num+0x14>)
100007ae:	7810      	ldrb	r0, [r2, #0]
100007b0:	1c43      	adds	r3, r0, #1
100007b2:	b2db      	uxtb	r3, r3
100007b4:	2b17      	cmp	r3, #23
100007b6:	d900      	bls.n	100007ba <next_striped_spin_lock_num+0xe>
100007b8:	2310      	movs	r3, #16
100007ba:	7013      	strb	r3, [r2, #0]
100007bc:	4770      	bx	lr
100007be:	46c0      	nop			@ (mov r8, r8)
100007c0:	20000f58 	.word	0x20000f58

100007c4 <spin_lock_claim_unused>:
100007c4:	b510      	push	{r4, lr}
100007c6:	4b06      	ldr	r3, [pc, #24]	@ (100007e0 <spin_lock_claim_unused+0x1c>)
100007c8:	4c06      	ldr	r4, [pc, #24]	@ (100007e4 <spin_lock_claim_unused+0x20>)
100007ca:	b082      	sub	sp, #8
100007cc:	0001      	movs	r1, r0
100007ce:	9300      	str	r3, [sp, #0]
100007d0:	2218      	movs	r2, #24
100007d2:	231f      	movs	r3, #31
100007d4:	0020      	movs	r0, r4
100007d6:	f7ff ff9b 	bl	10000710 <hw_claim_unused_from_range>
100007da:	b002      	add	sp, #8
100007dc:	bd10      	pop	{r4, pc}
100007de:	46c0      	nop			@ (mov r8, r8)
100007e0:	10009320 	.word	0x10009320
100007e4:	20001b68 	.word	0x20001b68

100007e8 <spin_locks_reset>:
100007e8:	2100      	movs	r1, #0
100007ea:	4b04      	ldr	r3, [pc, #16]	@ (100007fc <spin_locks_reset+0x14>)
100007ec:	4a04      	ldr	r2, [pc, #16]	@ (10000800 <spin_locks_reset+0x18>)
100007ee:	f3bf 8f5f 	dmb	sy
100007f2:	c302      	stmia	r3!, {r1}
100007f4:	4293      	cmp	r3, r2
100007f6:	d1fa      	bne.n	100007ee <spin_locks_reset+0x6>
100007f8:	4770      	bx	lr
100007fa:	46c0      	nop			@ (mov r8, r8)
100007fc:	d0000100 	.word	0xd0000100
10000800:	d0000180 	.word	0xd0000180

10000804 <runtime_init_per_core_irq_priorities>:
10000804:	4b05      	ldr	r3, [pc, #20]	@ (1000081c <runtime_init_per_core_irq_priorities+0x18>)
10000806:	4a06      	ldr	r2, [pc, #24]	@ (10000820 <runtime_init_per_core_irq_priorities+0x1c>)
10000808:	6013      	str	r3, [r2, #0]
1000080a:	4a06      	ldr	r2, [pc, #24]	@ (10000824 <runtime_init_per_core_irq_priorities+0x20>)
1000080c:	6013      	str	r3, [r2, #0]
1000080e:	6053      	str	r3, [r2, #4]
10000810:	6093      	str	r3, [r2, #8]
10000812:	60d3      	str	r3, [r2, #12]
10000814:	6113      	str	r3, [r2, #16]
10000816:	6153      	str	r3, [r2, #20]
10000818:	6193      	str	r3, [r2, #24]
1000081a:	4770      	bx	lr
1000081c:	80808080 	.word	0x80808080
10000820:	e000e400 	.word	0xe000e400
10000824:	e000e404 	.word	0xe000e404

10000828 <irq_set_enabled>:
10000828:	231f      	movs	r3, #31
1000082a:	4018      	ands	r0, r3
1000082c:	3b1e      	subs	r3, #30
1000082e:	4083      	lsls	r3, r0
10000830:	2900      	cmp	r1, #0
10000832:	d005      	beq.n	10000840 <irq_set_enabled+0x18>
10000834:	21c0      	movs	r1, #192	@ 0xc0
10000836:	4a04      	ldr	r2, [pc, #16]	@ (10000848 <irq_set_enabled+0x20>)
10000838:	0049      	lsls	r1, r1, #1
1000083a:	5053      	str	r3, [r2, r1]
1000083c:	6013      	str	r3, [r2, #0]
1000083e:	4770      	bx	lr
10000840:	2280      	movs	r2, #128	@ 0x80
10000842:	4901      	ldr	r1, [pc, #4]	@ (10000848 <irq_set_enabled+0x20>)
10000844:	508b      	str	r3, [r1, r2]
10000846:	e7fa      	b.n	1000083e <irq_set_enabled+0x16>
10000848:	e000e100 	.word	0xe000e100

1000084c <irq_is_enabled>:
1000084c:	2201      	movs	r2, #1
1000084e:	4082      	lsls	r2, r0
10000850:	4b03      	ldr	r3, [pc, #12]	@ (10000860 <irq_is_enabled+0x14>)
10000852:	681b      	ldr	r3, [r3, #0]
10000854:	4013      	ands	r3, r2
10000856:	1e5a      	subs	r2, r3, #1
10000858:	4193      	sbcs	r3, r2
1000085a:	b2d8      	uxtb	r0, r3
1000085c:	4770      	bx	lr
1000085e:	46c0      	nop			@ (mov r8, r8)
10000860:	e000e100 	.word	0xe000e100

10000864 <irq_set_pending>:
10000864:	2301      	movs	r3, #1
10000866:	4083      	lsls	r3, r0
10000868:	4a01      	ldr	r2, [pc, #4]	@ (10000870 <irq_set_pending+0xc>)
1000086a:	6013      	str	r3, [r2, #0]
1000086c:	4770      	bx	lr
1000086e:	46c0      	nop			@ (mov r8, r8)
10000870:	e000e200 	.word	0xe000e200

10000874 <irq_has_shared_handler>:
10000874:	4b06      	ldr	r3, [pc, #24]	@ (10000890 <irq_has_shared_handler+0x1c>)
10000876:	3010      	adds	r0, #16
10000878:	689b      	ldr	r3, [r3, #8]
1000087a:	0080      	lsls	r0, r0, #2
1000087c:	58c3      	ldr	r3, [r0, r3]
1000087e:	4a05      	ldr	r2, [pc, #20]	@ (10000894 <irq_has_shared_handler+0x20>)
10000880:	2000      	movs	r0, #0
10000882:	1a9b      	subs	r3, r3, r2
10000884:	222f      	movs	r2, #47	@ 0x2f
10000886:	429a      	cmp	r2, r3
10000888:	4140      	adcs	r0, r0
1000088a:	b2c0      	uxtb	r0, r0
1000088c:	4770      	bx	lr
1000088e:	46c0      	nop			@ (mov r8, r8)
10000890:	e000ed00 	.word	0xe000ed00
10000894:	20000f5c 	.word	0x20000f5c

10000898 <irq_set_exclusive_handler>:
10000898:	b570      	push	{r4, r5, r6, lr}
1000089a:	000d      	movs	r5, r1
1000089c:	f3ef 8610 	mrs	r6, PRIMASK
100008a0:	b672      	cpsid	i
100008a2:	4a0f      	ldr	r2, [pc, #60]	@ (100008e0 <irq_set_exclusive_handler+0x48>)
100008a4:	6813      	ldr	r3, [r2, #0]
100008a6:	2b00      	cmp	r3, #0
100008a8:	d0fc      	beq.n	100008a4 <irq_set_exclusive_handler+0xc>
100008aa:	f3bf 8f5f 	dmb	sy
100008ae:	4b0d      	ldr	r3, [pc, #52]	@ (100008e4 <irq_set_exclusive_handler+0x4c>)
100008b0:	3010      	adds	r0, #16
100008b2:	689b      	ldr	r3, [r3, #8]
100008b4:	0084      	lsls	r4, r0, #2
100008b6:	591b      	ldr	r3, [r3, r4]
100008b8:	4a0b      	ldr	r2, [pc, #44]	@ (100008e8 <irq_set_exclusive_handler+0x50>)
100008ba:	4293      	cmp	r3, r2
100008bc:	d003      	beq.n	100008c6 <irq_set_exclusive_handler+0x2e>
100008be:	429d      	cmp	r5, r3
100008c0:	d001      	beq.n	100008c6 <irq_set_exclusive_handler+0x2e>
100008c2:	f001 f927 	bl	10001b14 <hard_assertion_failure>
100008c6:	4b07      	ldr	r3, [pc, #28]	@ (100008e4 <irq_set_exclusive_handler+0x4c>)
100008c8:	689b      	ldr	r3, [r3, #8]
100008ca:	511d      	str	r5, [r3, r4]
100008cc:	f3bf 8f5f 	dmb	sy
100008d0:	f3bf 8f5f 	dmb	sy
100008d4:	2200      	movs	r2, #0
100008d6:	4b02      	ldr	r3, [pc, #8]	@ (100008e0 <irq_set_exclusive_handler+0x48>)
100008d8:	601a      	str	r2, [r3, #0]
100008da:	f386 8810 	msr	PRIMASK, r6
100008de:	bd70      	pop	{r4, r5, r6, pc}
100008e0:	d0000124 	.word	0xd0000124
100008e4:	e000ed00 	.word	0xe000ed00
100008e8:	100001cd 	.word	0x100001cd

100008ec <irq_add_shared_handler>:
100008ec:	b5f0      	push	{r4, r5, r6, r7, lr}
100008ee:	4657      	mov	r7, sl
100008f0:	464e      	mov	r6, r9
100008f2:	46de      	mov	lr, fp
100008f4:	4645      	mov	r5, r8
100008f6:	b5e0      	push	{r5, r6, r7, lr}
100008f8:	b085      	sub	sp, #20
100008fa:	0006      	movs	r6, r0
100008fc:	9100      	str	r1, [sp, #0]
100008fe:	0017      	movs	r7, r2
10000900:	f3ef 8b10 	mrs	fp, PRIMASK
10000904:	b672      	cpsid	i
10000906:	4a6a      	ldr	r2, [pc, #424]	@ (10000ab0 <irq_add_shared_handler+0x1c4>)
10000908:	6813      	ldr	r3, [r2, #0]
1000090a:	2b00      	cmp	r3, #0
1000090c:	d0fc      	beq.n	10000908 <irq_add_shared_handler+0x1c>
1000090e:	f3bf 8f5f 	dmb	sy
10000912:	2500      	movs	r5, #0
10000914:	4b67      	ldr	r3, [pc, #412]	@ (10000ab4 <irq_add_shared_handler+0x1c8>)
10000916:	575d      	ldrsb	r5, [r3, r5]
10000918:	469a      	mov	sl, r3
1000091a:	2d00      	cmp	r5, #0
1000091c:	da00      	bge.n	10000920 <irq_add_shared_handler+0x34>
1000091e:	e0a9      	b.n	10000a74 <irq_add_shared_handler+0x188>
10000920:	006b      	lsls	r3, r5, #1
10000922:	4c65      	ldr	r4, [pc, #404]	@ (10000ab8 <irq_add_shared_handler+0x1cc>)
10000924:	9301      	str	r3, [sp, #4]
10000926:	195b      	adds	r3, r3, r5
10000928:	009b      	lsls	r3, r3, #2
1000092a:	4698      	mov	r8, r3
1000092c:	46a1      	mov	r9, r4
1000092e:	44c1      	add	r9, r8
10000930:	464b      	mov	r3, r9
10000932:	4652      	mov	r2, sl
10000934:	799b      	ldrb	r3, [r3, #6]
10000936:	3610      	adds	r6, #16
10000938:	7013      	strb	r3, [r2, #0]
1000093a:	4b60      	ldr	r3, [pc, #384]	@ (10000abc <irq_add_shared_handler+0x1d0>)
1000093c:	00b6      	lsls	r6, r6, #2
1000093e:	689b      	ldr	r3, [r3, #8]
10000940:	5999      	ldr	r1, [r3, r6]
10000942:	1b0b      	subs	r3, r1, r4
10000944:	2b2f      	cmp	r3, #47	@ 0x2f
10000946:	d933      	bls.n	100009b0 <irq_add_shared_handler+0xc4>
10000948:	4b5d      	ldr	r3, [pc, #372]	@ (10000ac0 <irq_add_shared_handler+0x1d4>)
1000094a:	4299      	cmp	r1, r3
1000094c:	d000      	beq.n	10000950 <irq_add_shared_handler+0x64>
1000094e:	e0ac      	b.n	10000aaa <irq_add_shared_handler+0x1be>
10000950:	9b01      	ldr	r3, [sp, #4]
10000952:	4642      	mov	r2, r8
10000954:	469c      	mov	ip, r3
10000956:	4b5b      	ldr	r3, [pc, #364]	@ (10000ac4 <irq_add_shared_handler+0x1d8>)
10000958:	4465      	add	r5, ip
1000095a:	00ad      	lsls	r5, r5, #2
1000095c:	5363      	strh	r3, [r4, r5]
1000095e:	4b5a      	ldr	r3, [pc, #360]	@ (10000ac8 <irq_add_shared_handler+0x1dc>)
10000960:	3202      	adds	r2, #2
10000962:	18a2      	adds	r2, r4, r2
10000964:	3b04      	subs	r3, #4
10000966:	1a9b      	subs	r3, r3, r2
10000968:	051b      	lsls	r3, r3, #20
1000096a:	4a58      	ldr	r2, [pc, #352]	@ (10000acc <irq_add_shared_handler+0x1e0>)
1000096c:	0d5b      	lsrs	r3, r3, #21
1000096e:	1965      	adds	r5, r4, r5
10000970:	4313      	orrs	r3, r2
10000972:	806b      	strh	r3, [r5, #2]
10000974:	4b56      	ldr	r3, [pc, #344]	@ (10000ad0 <irq_add_shared_handler+0x1e4>)
10000976:	2101      	movs	r1, #1
10000978:	80ab      	strh	r3, [r5, #4]
1000097a:	23ff      	movs	r3, #255	@ 0xff
1000097c:	71ab      	strb	r3, [r5, #6]
1000097e:	9b00      	ldr	r3, [sp, #0]
10000980:	71ef      	strb	r7, [r5, #7]
10000982:	60ab      	str	r3, [r5, #8]
10000984:	464b      	mov	r3, r9
10000986:	430b      	orrs	r3, r1
10000988:	0019      	movs	r1, r3
1000098a:	4b4c      	ldr	r3, [pc, #304]	@ (10000abc <irq_add_shared_handler+0x1d0>)
1000098c:	689b      	ldr	r3, [r3, #8]
1000098e:	5199      	str	r1, [r3, r6]
10000990:	f3bf 8f5f 	dmb	sy
10000994:	f3bf 8f5f 	dmb	sy
10000998:	2200      	movs	r2, #0
1000099a:	4b45      	ldr	r3, [pc, #276]	@ (10000ab0 <irq_add_shared_handler+0x1c4>)
1000099c:	601a      	str	r2, [r3, #0]
1000099e:	f38b 8810 	msr	PRIMASK, fp
100009a2:	b005      	add	sp, #20
100009a4:	bcf0      	pop	{r4, r5, r6, r7}
100009a6:	46bb      	mov	fp, r7
100009a8:	46b2      	mov	sl, r6
100009aa:	46a9      	mov	r9, r5
100009ac:	46a0      	mov	r8, r4
100009ae:	bdf0      	pop	{r4, r5, r6, r7, pc}
100009b0:	2001      	movs	r0, #1
100009b2:	000a      	movs	r2, r1
100009b4:	4382      	bics	r2, r0
100009b6:	79d3      	ldrb	r3, [r2, #7]
100009b8:	468c      	mov	ip, r1
100009ba:	42bb      	cmp	r3, r7
100009bc:	d831      	bhi.n	10000a22 <irq_add_shared_handler+0x136>
100009be:	4645      	mov	r5, r8
100009c0:	0013      	movs	r3, r2
100009c2:	4944      	ldr	r1, [pc, #272]	@ (10000ad4 <irq_add_shared_handler+0x1e8>)
100009c4:	1b1b      	subs	r3, r3, r4
100009c6:	415b      	adcs	r3, r3
100009c8:	4359      	muls	r1, r3
100009ca:	0d09      	lsrs	r1, r1, #20
100009cc:	4b3d      	ldr	r3, [pc, #244]	@ (10000ac4 <irq_add_shared_handler+0x1d8>)
100009ce:	5363      	strh	r3, [r4, r5]
100009d0:	4b3d      	ldr	r3, [pc, #244]	@ (10000ac8 <irq_add_shared_handler+0x1dc>)
100009d2:	3502      	adds	r5, #2
100009d4:	1965      	adds	r5, r4, r5
100009d6:	3b04      	subs	r3, #4
100009d8:	1b5b      	subs	r3, r3, r5
100009da:	051b      	lsls	r3, r3, #20
100009dc:	4d3b      	ldr	r5, [pc, #236]	@ (10000acc <irq_add_shared_handler+0x1e0>)
100009de:	0d5b      	lsrs	r3, r3, #21
100009e0:	432b      	orrs	r3, r5
100009e2:	46aa      	mov	sl, r5
100009e4:	464d      	mov	r5, r9
100009e6:	806b      	strh	r3, [r5, #2]
100009e8:	2504      	movs	r5, #4
100009ea:	46ac      	mov	ip, r5
100009ec:	4655      	mov	r5, sl
100009ee:	44e0      	add	r8, ip
100009f0:	1f13      	subs	r3, r2, #4
100009f2:	4444      	add	r4, r8
100009f4:	1b1b      	subs	r3, r3, r4
100009f6:	051b      	lsls	r3, r3, #20
100009f8:	0d5b      	lsrs	r3, r3, #21
100009fa:	431d      	orrs	r5, r3
100009fc:	464b      	mov	r3, r9
100009fe:	7199      	strb	r1, [r3, #6]
10000a00:	9900      	ldr	r1, [sp, #0]
10000a02:	809d      	strh	r5, [r3, #4]
10000a04:	6099      	str	r1, [r3, #8]
10000a06:	4649      	mov	r1, r9
10000a08:	71df      	strb	r7, [r3, #7]
10000a0a:	4b33      	ldr	r3, [pc, #204]	@ (10000ad8 <irq_add_shared_handler+0x1ec>)
10000a0c:	4301      	orrs	r1, r0
10000a0e:	6013      	str	r3, [r2, #0]
10000a10:	e7bb      	b.n	1000098a <irq_add_shared_handler+0x9e>
10000a12:	0058      	lsls	r0, r3, #1
10000a14:	18c0      	adds	r0, r0, r3
10000a16:	0080      	lsls	r0, r0, #2
10000a18:	1820      	adds	r0, r4, r0
10000a1a:	79c1      	ldrb	r1, [r0, #7]
10000a1c:	42b9      	cmp	r1, r7
10000a1e:	d92f      	bls.n	10000a80 <irq_add_shared_handler+0x194>
10000a20:	0002      	movs	r2, r0
10000a22:	2306      	movs	r3, #6
10000a24:	56d3      	ldrsb	r3, [r2, r3]
10000a26:	2b00      	cmp	r3, #0
10000a28:	daf3      	bge.n	10000a12 <irq_add_shared_handler+0x126>
10000a2a:	9302      	str	r3, [sp, #8]
10000a2c:	4b2b      	ldr	r3, [pc, #172]	@ (10000adc <irq_add_shared_handler+0x1f0>)
10000a2e:	4661      	mov	r1, ip
10000a30:	9303      	str	r3, [sp, #12]
10000a32:	1d13      	adds	r3, r2, #4
10000a34:	469a      	mov	sl, r3
10000a36:	2304      	movs	r3, #4
10000a38:	425b      	negs	r3, r3
10000a3a:	469c      	mov	ip, r3
10000a3c:	44e1      	add	r9, ip
10000a3e:	4650      	mov	r0, sl
10000a40:	464b      	mov	r3, r9
10000a42:	1a1b      	subs	r3, r3, r0
10000a44:	051b      	lsls	r3, r3, #20
10000a46:	0d5b      	lsrs	r3, r3, #21
10000a48:	469c      	mov	ip, r3
10000a4a:	4b20      	ldr	r3, [pc, #128]	@ (10000acc <irq_add_shared_handler+0x1e0>)
10000a4c:	7195      	strb	r5, [r2, #6]
10000a4e:	4698      	mov	r8, r3
10000a50:	4663      	mov	r3, ip
10000a52:	4640      	mov	r0, r8
10000a54:	4303      	orrs	r3, r0
10000a56:	8093      	strh	r3, [r2, #4]
10000a58:	9b01      	ldr	r3, [sp, #4]
10000a5a:	195a      	adds	r2, r3, r5
10000a5c:	0092      	lsls	r2, r2, #2
10000a5e:	9b03      	ldr	r3, [sp, #12]
10000a60:	18a4      	adds	r4, r4, r2
10000a62:	80a3      	strh	r3, [r4, #4]
10000a64:	9b02      	ldr	r3, [sp, #8]
10000a66:	4a1c      	ldr	r2, [pc, #112]	@ (10000ad8 <irq_add_shared_handler+0x1ec>)
10000a68:	71a3      	strb	r3, [r4, #6]
10000a6a:	9b00      	ldr	r3, [sp, #0]
10000a6c:	6022      	str	r2, [r4, #0]
10000a6e:	71e7      	strb	r7, [r4, #7]
10000a70:	60a3      	str	r3, [r4, #8]
10000a72:	e78a      	b.n	1000098a <irq_add_shared_handler+0x9e>
10000a74:	f001 f84e 	bl	10001b14 <hard_assertion_failure>
10000a78:	2500      	movs	r5, #0
10000a7a:	4653      	mov	r3, sl
10000a7c:	575d      	ldrsb	r5, [r3, r5]
10000a7e:	e74f      	b.n	10000920 <irq_add_shared_handler+0x34>
10000a80:	8890      	ldrh	r0, [r2, #4]
10000a82:	9302      	str	r3, [sp, #8]
10000a84:	0540      	lsls	r0, r0, #21
10000a86:	1d13      	adds	r3, r2, #4
10000a88:	469a      	mov	sl, r3
10000a8a:	1503      	asrs	r3, r0, #20
10000a8c:	4661      	mov	r1, ip
10000a8e:	469c      	mov	ip, r3
10000a90:	4640      	mov	r0, r8
10000a92:	44d4      	add	ip, sl
10000a94:	4663      	mov	r3, ip
10000a96:	3004      	adds	r0, #4
10000a98:	1820      	adds	r0, r4, r0
10000a9a:	1a18      	subs	r0, r3, r0
10000a9c:	23e0      	movs	r3, #224	@ 0xe0
10000a9e:	0500      	lsls	r0, r0, #20
10000aa0:	0d40      	lsrs	r0, r0, #21
10000aa2:	021b      	lsls	r3, r3, #8
10000aa4:	4318      	orrs	r0, r3
10000aa6:	9003      	str	r0, [sp, #12]
10000aa8:	e7c5      	b.n	10000a36 <irq_add_shared_handler+0x14a>
10000aaa:	f001 f833 	bl	10001b14 <hard_assertion_failure>
10000aae:	e74f      	b.n	10000950 <irq_add_shared_handler+0x64>
10000ab0:	d0000124 	.word	0xd0000124
10000ab4:	200224b8 	.word	0x200224b8
10000ab8:	20000f5c 	.word	0x20000f5c
10000abc:	e000ed00 	.word	0xe000ed00
10000ac0:	100001cd 	.word	0x100001cd
10000ac4:	ffffa100 	.word	0xffffa100
10000ac8:	20000f8c 	.word	0x20000f8c
10000acc:	ffffe000 	.word	0xffffe000
10000ad0:	ffffbd01 	.word	0xffffbd01
10000ad4:	0000aaaa 	.word	0x0000aaaa
10000ad8:	47804801 	.word	0x47804801
10000adc:	0000bd01 	.word	0x0000bd01

10000ae0 <irq_remove_handler>:
10000ae0:	b5f0      	push	{r4, r5, r6, r7, lr}
10000ae2:	46de      	mov	lr, fp
10000ae4:	4657      	mov	r7, sl
10000ae6:	464e      	mov	r6, r9
10000ae8:	4645      	mov	r5, r8
10000aea:	b5e0      	push	{r5, r6, r7, lr}
10000aec:	000c      	movs	r4, r1
10000aee:	b083      	sub	sp, #12
10000af0:	f3ef 8810 	mrs	r8, PRIMASK
10000af4:	b672      	cpsid	i
10000af6:	4a63      	ldr	r2, [pc, #396]	@ (10000c84 <irq_remove_handler+0x1a4>)
10000af8:	6813      	ldr	r3, [r2, #0]
10000afa:	2b00      	cmp	r3, #0
10000afc:	d0fc      	beq.n	10000af8 <irq_remove_handler+0x18>
10000afe:	f3bf 8f5f 	dmb	sy
10000b02:	4b61      	ldr	r3, [pc, #388]	@ (10000c88 <irq_remove_handler+0x1a8>)
10000b04:	4961      	ldr	r1, [pc, #388]	@ (10000c8c <irq_remove_handler+0x1ac>)
10000b06:	689a      	ldr	r2, [r3, #8]
10000b08:	0003      	movs	r3, r0
10000b0a:	3310      	adds	r3, #16
10000b0c:	009f      	lsls	r7, r3, #2
10000b0e:	59d5      	ldr	r5, [r2, r7]
10000b10:	9300      	str	r3, [sp, #0]
10000b12:	428d      	cmp	r5, r1
10000b14:	d043      	beq.n	10000b9e <irq_remove_handler+0xbe>
10000b16:	42a5      	cmp	r5, r4
10000b18:	d054      	beq.n	10000bc4 <irq_remove_handler+0xe4>
10000b1a:	4e5d      	ldr	r6, [pc, #372]	@ (10000c90 <irq_remove_handler+0x1b0>)
10000b1c:	1baa      	subs	r2, r5, r6
10000b1e:	2a2f      	cmp	r2, #47	@ 0x2f
10000b20:	d83d      	bhi.n	10000b9e <irq_remove_handler+0xbe>
10000b22:	4b5c      	ldr	r3, [pc, #368]	@ (10000c94 <irq_remove_handler+0x1b4>)
10000b24:	469c      	mov	ip, r3
10000b26:	681b      	ldr	r3, [r3, #0]
10000b28:	469a      	mov	sl, r3
10000b2a:	2301      	movs	r3, #1
10000b2c:	001a      	movs	r2, r3
10000b2e:	4699      	mov	r9, r3
10000b30:	4082      	lsls	r2, r0
10000b32:	4653      	mov	r3, sl
10000b34:	4013      	ands	r3, r2
10000b36:	221f      	movs	r2, #31
10000b38:	9301      	str	r3, [sp, #4]
10000b3a:	464b      	mov	r3, r9
10000b3c:	4002      	ands	r2, r0
10000b3e:	4093      	lsls	r3, r2
10000b40:	469a      	mov	sl, r3
10000b42:	2280      	movs	r2, #128	@ 0x80
10000b44:	4663      	mov	r3, ip
10000b46:	4650      	mov	r0, sl
10000b48:	5098      	str	r0, [r3, r2]
10000b4a:	f3bf 8f5f 	dmb	sy
10000b4e:	f3ef 8305 	mrs	r3, IPSR
10000b52:	469b      	mov	fp, r3
10000b54:	2b00      	cmp	r3, #0
10000b56:	d037      	beq.n	10000bc8 <irq_remove_handler+0xe8>
10000b58:	9b00      	ldr	r3, [sp, #0]
10000b5a:	455b      	cmp	r3, fp
10000b5c:	d001      	beq.n	10000b62 <irq_remove_handler+0x82>
10000b5e:	f000 ffd9 	bl	10001b14 <hard_assertion_failure>
10000b62:	002a      	movs	r2, r5
10000b64:	464b      	mov	r3, r9
10000b66:	439a      	bics	r2, r3
10000b68:	6890      	ldr	r0, [r2, #8]
10000b6a:	4284      	cmp	r4, r0
10000b6c:	d108      	bne.n	10000b80 <irq_remove_handler+0xa0>
10000b6e:	e077      	b.n	10000c60 <irq_remove_handler+0x180>
10000b70:	004b      	lsls	r3, r1, #1
10000b72:	185b      	adds	r3, r3, r1
10000b74:	009b      	lsls	r3, r3, #2
10000b76:	18f3      	adds	r3, r6, r3
10000b78:	6898      	ldr	r0, [r3, #8]
10000b7a:	4284      	cmp	r4, r0
10000b7c:	d036      	beq.n	10000bec <irq_remove_handler+0x10c>
10000b7e:	001a      	movs	r2, r3
10000b80:	2106      	movs	r1, #6
10000b82:	5651      	ldrsb	r1, [r2, r1]
10000b84:	2900      	cmp	r1, #0
10000b86:	daf3      	bge.n	10000b70 <irq_remove_handler+0x90>
10000b88:	4284      	cmp	r4, r0
10000b8a:	d055      	beq.n	10000c38 <irq_remove_handler+0x158>
10000b8c:	9b01      	ldr	r3, [sp, #4]
10000b8e:	2b00      	cmp	r3, #0
10000b90:	d027      	beq.n	10000be2 <irq_remove_handler+0x102>
10000b92:	22c0      	movs	r2, #192	@ 0xc0
10000b94:	4651      	mov	r1, sl
10000b96:	4b3f      	ldr	r3, [pc, #252]	@ (10000c94 <irq_remove_handler+0x1b4>)
10000b98:	0052      	lsls	r2, r2, #1
10000b9a:	5099      	str	r1, [r3, r2]
10000b9c:	6019      	str	r1, [r3, #0]
10000b9e:	4b3a      	ldr	r3, [pc, #232]	@ (10000c88 <irq_remove_handler+0x1a8>)
10000ba0:	689b      	ldr	r3, [r3, #8]
10000ba2:	51dd      	str	r5, [r3, r7]
10000ba4:	f3bf 8f5f 	dmb	sy
10000ba8:	f3bf 8f5f 	dmb	sy
10000bac:	2200      	movs	r2, #0
10000bae:	4b35      	ldr	r3, [pc, #212]	@ (10000c84 <irq_remove_handler+0x1a4>)
10000bb0:	601a      	str	r2, [r3, #0]
10000bb2:	f388 8810 	msr	PRIMASK, r8
10000bb6:	b003      	add	sp, #12
10000bb8:	bcf0      	pop	{r4, r5, r6, r7}
10000bba:	46bb      	mov	fp, r7
10000bbc:	46b2      	mov	sl, r6
10000bbe:	46a9      	mov	r9, r5
10000bc0:	46a0      	mov	r8, r4
10000bc2:	bdf0      	pop	{r4, r5, r6, r7, pc}
10000bc4:	000d      	movs	r5, r1
10000bc6:	e7ea      	b.n	10000b9e <irq_remove_handler+0xbe>
10000bc8:	002a      	movs	r2, r5
10000bca:	464b      	mov	r3, r9
10000bcc:	439a      	bics	r2, r3
10000bce:	6890      	ldr	r0, [r2, #8]
10000bd0:	4284      	cmp	r4, r0
10000bd2:	d1d5      	bne.n	10000b80 <irq_remove_handler+0xa0>
10000bd4:	2006      	movs	r0, #6
10000bd6:	5610      	ldrsb	r0, [r2, r0]
10000bd8:	0013      	movs	r3, r2
10000bda:	2800      	cmp	r0, #0
10000bdc:	da0a      	bge.n	10000bf4 <irq_remove_handler+0x114>
10000bde:	000d      	movs	r5, r1
10000be0:	e032      	b.n	10000c48 <irq_remove_handler+0x168>
10000be2:	2380      	movs	r3, #128	@ 0x80
10000be4:	4651      	mov	r1, sl
10000be6:	4a2b      	ldr	r2, [pc, #172]	@ (10000c94 <irq_remove_handler+0x1b4>)
10000be8:	50d1      	str	r1, [r2, r3]
10000bea:	e7d8      	b.n	10000b9e <irq_remove_handler+0xbe>
10000bec:	2006      	movs	r0, #6
10000bee:	5618      	ldrsb	r0, [r3, r0]
10000bf0:	2800      	cmp	r0, #0
10000bf2:	db22      	blt.n	10000c3a <irq_remove_handler+0x15a>
10000bf4:	0042      	lsls	r2, r0, #1
10000bf6:	1811      	adds	r1, r2, r0
10000bf8:	0089      	lsls	r1, r1, #2
10000bfa:	1874      	adds	r4, r6, r1
10000bfc:	4689      	mov	r9, r1
10000bfe:	68a1      	ldr	r1, [r4, #8]
10000c00:	6099      	str	r1, [r3, #8]
10000c02:	79e1      	ldrb	r1, [r4, #7]
10000c04:	71d9      	strb	r1, [r3, #7]
10000c06:	2106      	movs	r1, #6
10000c08:	5661      	ldrsb	r1, [r4, r1]
10000c0a:	7199      	strb	r1, [r3, #6]
10000c0c:	2900      	cmp	r1, #0
10000c0e:	db25      	blt.n	10000c5c <irq_remove_handler+0x17c>
10000c10:	88a4      	ldrh	r4, [r4, #4]
10000c12:	1af1      	subs	r1, r6, r3
10000c14:	0564      	lsls	r4, r4, #21
10000c16:	1524      	asrs	r4, r4, #20
10000c18:	444c      	add	r4, r9
10000c1a:	1909      	adds	r1, r1, r4
10000c1c:	24e0      	movs	r4, #224	@ 0xe0
10000c1e:	0509      	lsls	r1, r1, #20
10000c20:	0d49      	lsrs	r1, r1, #21
10000c22:	0224      	lsls	r4, r4, #8
10000c24:	4321      	orrs	r1, r4
10000c26:	8099      	strh	r1, [r3, #4]
10000c28:	1813      	adds	r3, r2, r0
10000c2a:	4a1b      	ldr	r2, [pc, #108]	@ (10000c98 <irq_remove_handler+0x1b8>)
10000c2c:	009b      	lsls	r3, r3, #2
10000c2e:	7811      	ldrb	r1, [r2, #0]
10000c30:	18f3      	adds	r3, r6, r3
10000c32:	7199      	strb	r1, [r3, #6]
10000c34:	7010      	strb	r0, [r2, #0]
10000c36:	e7a9      	b.n	10000b8c <irq_remove_handler+0xac>
10000c38:	0013      	movs	r3, r2
10000c3a:	4659      	mov	r1, fp
10000c3c:	2900      	cmp	r1, #0
10000c3e:	d114      	bne.n	10000c6a <irq_remove_handler+0x18a>
10000c40:	31ff      	adds	r1, #255	@ 0xff
10000c42:	7191      	strb	r1, [r2, #6]
10000c44:	4915      	ldr	r1, [pc, #84]	@ (10000c9c <irq_remove_handler+0x1bc>)
10000c46:	8091      	strh	r1, [r2, #4]
10000c48:	4913      	ldr	r1, [pc, #76]	@ (10000c98 <irq_remove_handler+0x1b8>)
10000c4a:	780a      	ldrb	r2, [r1, #0]
10000c4c:	719a      	strb	r2, [r3, #6]
10000c4e:	4a14      	ldr	r2, [pc, #80]	@ (10000ca0 <irq_remove_handler+0x1c0>)
10000c50:	1b9b      	subs	r3, r3, r6
10000c52:	415b      	adcs	r3, r3
10000c54:	435a      	muls	r2, r3
10000c56:	0d12      	lsrs	r2, r2, #20
10000c58:	700a      	strb	r2, [r1, #0]
10000c5a:	e797      	b.n	10000b8c <irq_remove_handler+0xac>
10000c5c:	4911      	ldr	r1, [pc, #68]	@ (10000ca4 <irq_remove_handler+0x1c4>)
10000c5e:	e7e2      	b.n	10000c26 <irq_remove_handler+0x146>
10000c60:	2006      	movs	r0, #6
10000c62:	5610      	ldrsb	r0, [r2, r0]
10000c64:	0013      	movs	r3, r2
10000c66:	2800      	cmp	r0, #0
10000c68:	dac4      	bge.n	10000bf4 <irq_remove_handler+0x114>
10000c6a:	4a0f      	ldr	r2, [pc, #60]	@ (10000ca8 <irq_remove_handler+0x1c8>)
10000c6c:	490f      	ldr	r1, [pc, #60]	@ (10000cac <irq_remove_handler+0x1cc>)
10000c6e:	1ad2      	subs	r2, r2, r3
10000c70:	3a08      	subs	r2, #8
10000c72:	0250      	lsls	r0, r2, #9
10000c74:	0d40      	lsrs	r0, r0, #21
10000c76:	4301      	orrs	r1, r0
10000c78:	8099      	strh	r1, [r3, #4]
10000c7a:	490d      	ldr	r1, [pc, #52]	@ (10000cb0 <irq_remove_handler+0x1d0>)
10000c7c:	0852      	lsrs	r2, r2, #1
10000c7e:	430a      	orrs	r2, r1
10000c80:	80da      	strh	r2, [r3, #6]
10000c82:	e783      	b.n	10000b8c <irq_remove_handler+0xac>
10000c84:	d0000124 	.word	0xd0000124
10000c88:	e000ed00 	.word	0xe000ed00
10000c8c:	100001cd 	.word	0x100001cd
10000c90:	20000f5c 	.word	0x20000f5c
10000c94:	e000e100 	.word	0xe000e100
10000c98:	200224b8 	.word	0x200224b8
10000c9c:	ffffbd01 	.word	0xffffbd01
10000ca0:	0000aaaa 	.word	0x0000aaaa
10000ca4:	0000bd01 	.word	0x0000bd01
10000ca8:	20000f96 	.word	0x20000f96
10000cac:	fffff000 	.word	0xfffff000
10000cb0:	fffff800 	.word	0xfffff800

10000cb4 <irq_set_priority>:
10000cb4:	b510      	push	{r4, lr}
10000cb6:	0883      	lsrs	r3, r0, #2
10000cb8:	0004      	movs	r4, r0
10000cba:	2003      	movs	r0, #3
10000cbc:	4020      	ands	r0, r4
10000cbe:	24ff      	movs	r4, #255	@ 0xff
10000cc0:	4a05      	ldr	r2, [pc, #20]	@ (10000cd8 <irq_set_priority+0x24>)
10000cc2:	00c0      	lsls	r0, r0, #3
10000cc4:	4694      	mov	ip, r2
10000cc6:	4084      	lsls	r4, r0
10000cc8:	4081      	lsls	r1, r0
10000cca:	009b      	lsls	r3, r3, #2
10000ccc:	4463      	add	r3, ip
10000cce:	681a      	ldr	r2, [r3, #0]
10000cd0:	43a2      	bics	r2, r4
10000cd2:	430a      	orrs	r2, r1
10000cd4:	601a      	str	r2, [r3, #0]
10000cd6:	bd10      	pop	{r4, pc}
10000cd8:	e000e400 	.word	0xe000e400

10000cdc <irq_add_tail_to_free_list>:
10000cdc:	b570      	push	{r4, r5, r6, lr}
10000cde:	2401      	movs	r4, #1
10000ce0:	4304      	orrs	r4, r0
10000ce2:	f3ef 8105 	mrs	r1, IPSR
10000ce6:	f3ef 8c10 	mrs	ip, PRIMASK
10000cea:	b672      	cpsid	i
10000cec:	4a21      	ldr	r2, [pc, #132]	@ (10000d74 <irq_add_tail_to_free_list+0x98>)
10000cee:	6813      	ldr	r3, [r2, #0]
10000cf0:	2b00      	cmp	r3, #0
10000cf2:	d0fc      	beq.n	10000cee <irq_add_tail_to_free_list+0x12>
10000cf4:	f3bf 8f5f 	dmb	sy
10000cf8:	4b1f      	ldr	r3, [pc, #124]	@ (10000d78 <irq_add_tail_to_free_list+0x9c>)
10000cfa:	0005      	movs	r5, r0
10000cfc:	4a1f      	ldr	r2, [pc, #124]	@ (10000d7c <irq_add_tail_to_free_list+0xa0>)
10000cfe:	1aed      	subs	r5, r5, r3
10000d00:	416d      	adcs	r5, r5
10000d02:	436a      	muls	r2, r5
10000d04:	0d12      	lsrs	r2, r2, #20
10000d06:	4d1e      	ldr	r5, [pc, #120]	@ (10000d80 <irq_add_tail_to_free_list+0xa4>)
10000d08:	0089      	lsls	r1, r1, #2
10000d0a:	68ae      	ldr	r6, [r5, #8]
10000d0c:	b252      	sxtb	r2, r2
10000d0e:	5876      	ldr	r6, [r6, r1]
10000d10:	42a6      	cmp	r6, r4
10000d12:	d01c      	beq.n	10000d4e <irq_add_tail_to_free_list+0x72>
10000d14:	2106      	movs	r1, #6
10000d16:	5659      	ldrsb	r1, [r3, r1]
10000d18:	4291      	cmp	r1, r2
10000d1a:	d01c      	beq.n	10000d56 <irq_add_tail_to_free_list+0x7a>
10000d1c:	2112      	movs	r1, #18
10000d1e:	5659      	ldrsb	r1, [r3, r1]
10000d20:	4291      	cmp	r1, r2
10000d22:	d022      	beq.n	10000d6a <irq_add_tail_to_free_list+0x8e>
10000d24:	211e      	movs	r1, #30
10000d26:	5659      	ldrsb	r1, [r3, r1]
10000d28:	4291      	cmp	r1, r2
10000d2a:	d020      	beq.n	10000d6e <irq_add_tail_to_free_list+0x92>
10000d2c:	212a      	movs	r1, #42	@ 0x2a
10000d2e:	5659      	ldrsb	r1, [r3, r1]
10000d30:	2403      	movs	r4, #3
10000d32:	4291      	cmp	r1, r2
10000d34:	d010      	beq.n	10000d58 <irq_add_tail_to_free_list+0x7c>
10000d36:	4b13      	ldr	r3, [pc, #76]	@ (10000d84 <irq_add_tail_to_free_list+0xa8>)
10000d38:	7819      	ldrb	r1, [r3, #0]
10000d3a:	701a      	strb	r2, [r3, #0]
10000d3c:	7181      	strb	r1, [r0, #6]
10000d3e:	f3bf 8f5f 	dmb	sy
10000d42:	2200      	movs	r2, #0
10000d44:	4b0b      	ldr	r3, [pc, #44]	@ (10000d74 <irq_add_tail_to_free_list+0x98>)
10000d46:	601a      	str	r2, [r3, #0]
10000d48:	f38c 8810 	msr	PRIMASK, ip
10000d4c:	bd70      	pop	{r4, r5, r6, pc}
10000d4e:	68ab      	ldr	r3, [r5, #8]
10000d50:	4c0d      	ldr	r4, [pc, #52]	@ (10000d88 <irq_add_tail_to_free_list+0xac>)
10000d52:	505c      	str	r4, [r3, r1]
10000d54:	e7ef      	b.n	10000d36 <irq_add_tail_to_free_list+0x5a>
10000d56:	2400      	movs	r4, #0
10000d58:	0061      	lsls	r1, r4, #1
10000d5a:	1909      	adds	r1, r1, r4
10000d5c:	0089      	lsls	r1, r1, #2
10000d5e:	185b      	adds	r3, r3, r1
10000d60:	21ff      	movs	r1, #255	@ 0xff
10000d62:	7199      	strb	r1, [r3, #6]
10000d64:	4909      	ldr	r1, [pc, #36]	@ (10000d8c <irq_add_tail_to_free_list+0xb0>)
10000d66:	8099      	strh	r1, [r3, #4]
10000d68:	e7e5      	b.n	10000d36 <irq_add_tail_to_free_list+0x5a>
10000d6a:	2401      	movs	r4, #1
10000d6c:	e7f4      	b.n	10000d58 <irq_add_tail_to_free_list+0x7c>
10000d6e:	2402      	movs	r4, #2
10000d70:	e7f2      	b.n	10000d58 <irq_add_tail_to_free_list+0x7c>
10000d72:	46c0      	nop			@ (mov r8, r8)
10000d74:	d0000124 	.word	0xd0000124
10000d78:	20000f5c 	.word	0x20000f5c
10000d7c:	0000aaaa 	.word	0x0000aaaa
10000d80:	e000ed00 	.word	0xe000ed00
10000d84:	200224b8 	.word	0x200224b8
10000d88:	100001cd 	.word	0x100001cd
10000d8c:	ffffbd01 	.word	0xffffbd01

10000d90 <user_irq_claim_unused>:
10000d90:	b510      	push	{r4, lr}
10000d92:	4b08      	ldr	r3, [pc, #32]	@ (10000db4 <user_irq_claim_unused+0x24>)
10000d94:	4c08      	ldr	r4, [pc, #32]	@ (10000db8 <user_irq_claim_unused+0x28>)
10000d96:	b082      	sub	sp, #8
10000d98:	0001      	movs	r1, r0
10000d9a:	9300      	str	r3, [sp, #0]
10000d9c:	2200      	movs	r2, #0
10000d9e:	2305      	movs	r3, #5
10000da0:	0020      	movs	r0, r4
10000da2:	f7ff fcb5 	bl	10000710 <hw_claim_unused_from_range>
10000da6:	2800      	cmp	r0, #0
10000da8:	db01      	blt.n	10000dae <user_irq_claim_unused+0x1e>
10000daa:	231f      	movs	r3, #31
10000dac:	1a18      	subs	r0, r3, r0
10000dae:	b002      	add	sp, #8
10000db0:	bd10      	pop	{r4, pc}
10000db2:	46c0      	nop			@ (mov r8, r8)
10000db4:	1000933c 	.word	0x1000933c
10000db8:	200224bc 	.word	0x200224bc

10000dbc <lock_init>:
10000dbc:	4b02      	ldr	r3, [pc, #8]	@ (10000dc8 <lock_init+0xc>)
10000dbe:	469c      	mov	ip, r3
10000dc0:	4461      	add	r1, ip
10000dc2:	0089      	lsls	r1, r1, #2
10000dc4:	6001      	str	r1, [r0, #0]
10000dc6:	4770      	bx	lr
10000dc8:	34000040 	.word	0x34000040

10000dcc <runtime_init_mutex>:
10000dcc:	b5f8      	push	{r3, r4, r5, r6, r7, lr}
10000dce:	4c12      	ldr	r4, [pc, #72]	@ (10000e18 <runtime_init_mutex+0x4c>)
10000dd0:	4d12      	ldr	r5, [pc, #72]	@ (10000e1c <runtime_init_mutex+0x50>)
10000dd2:	42ac      	cmp	r4, r5
10000dd4:	d212      	bcs.n	10000dfc <runtime_init_mutex+0x30>
10000dd6:	2601      	movs	r6, #1
10000dd8:	2700      	movs	r7, #0
10000dda:	4276      	negs	r6, r6
10000ddc:	6823      	ldr	r3, [r4, #0]
10000dde:	2b00      	cmp	r3, #0
10000de0:	d00d      	beq.n	10000dfe <runtime_init_mutex+0x32>
10000de2:	f7ff fce3 	bl	100007ac <next_striped_spin_lock_num>
10000de6:	0001      	movs	r1, r0
10000de8:	0020      	movs	r0, r4
10000dea:	f7ff ffe7 	bl	10000dbc <lock_init>
10000dee:	6066      	str	r6, [r4, #4]
10000df0:	7227      	strb	r7, [r4, #8]
10000df2:	f3bf 8f5f 	dmb	sy
10000df6:	340c      	adds	r4, #12
10000df8:	42ac      	cmp	r4, r5
10000dfa:	d3ef      	bcc.n	10000ddc <runtime_init_mutex+0x10>
10000dfc:	bdf8      	pop	{r3, r4, r5, r6, r7, pc}
10000dfe:	f7ff fcd5 	bl	100007ac <next_striped_spin_lock_num>
10000e02:	0001      	movs	r1, r0
10000e04:	0020      	movs	r0, r4
10000e06:	f7ff ffd9 	bl	10000dbc <lock_init>
10000e0a:	6066      	str	r6, [r4, #4]
10000e0c:	f3bf 8f5f 	dmb	sy
10000e10:	3408      	adds	r4, #8
10000e12:	42ac      	cmp	r4, r5
10000e14:	d3e2      	bcc.n	10000ddc <runtime_init_mutex+0x10>
10000e16:	e7f1      	b.n	10000dfc <runtime_init_mutex+0x30>
10000e18:	20001034 	.word	0x20001034
10000e1c:	20001044 	.word	0x20001044

10000e20 <mutex_init>:
10000e20:	b510      	push	{r4, lr}
10000e22:	0004      	movs	r4, r0
10000e24:	f7ff fcc2 	bl	100007ac <next_striped_spin_lock_num>
10000e28:	0001      	movs	r1, r0
10000e2a:	0020      	movs	r0, r4
10000e2c:	f7ff ffc6 	bl	10000dbc <lock_init>
10000e30:	2301      	movs	r3, #1
10000e32:	425b      	negs	r3, r3
10000e34:	6063      	str	r3, [r4, #4]
10000e36:	f3bf 8f5f 	dmb	sy
10000e3a:	bd10      	pop	{r4, pc}

10000e3c <critical_section_init>:
10000e3c:	b510      	push	{r4, lr}
10000e3e:	0004      	movs	r4, r0
10000e40:	2001      	movs	r0, #1
10000e42:	f7ff fcbf 	bl	100007c4 <spin_lock_claim_unused>
10000e46:	4b03      	ldr	r3, [pc, #12]	@ (10000e54 <critical_section_init+0x18>)
10000e48:	18c3      	adds	r3, r0, r3
10000e4a:	009b      	lsls	r3, r3, #2
10000e4c:	6023      	str	r3, [r4, #0]
10000e4e:	f3bf 8f5f 	dmb	sy
10000e52:	bd10      	pop	{r4, pc}
10000e54:	34000040 	.word	0x34000040

10000e58 <critical_section_init_with_lock_num>:
10000e58:	4b03      	ldr	r3, [pc, #12]	@ (10000e68 <critical_section_init_with_lock_num+0x10>)
10000e5a:	469c      	mov	ip, r3
10000e5c:	4461      	add	r1, ip
10000e5e:	0089      	lsls	r1, r1, #2
10000e60:	6001      	str	r1, [r0, #0]
10000e62:	f3bf 8f5f 	dmb	sy
10000e66:	4770      	bx	lr
10000e68:	34000040 	.word	0x34000040

10000e6c <alarm_pool_irq_handler>:
10000e6c:	b5f0      	push	{r4, r5, r6, r7, lr}
10000e6e:	46de      	mov	lr, fp
10000e70:	4657      	mov	r7, sl
10000e72:	464e      	mov	r6, r9
10000e74:	4645      	mov	r5, r8
10000e76:	b5e0      	push	{r5, r6, r7, lr}
10000e78:	b083      	sub	sp, #12
10000e7a:	f3ef 8205 	mrs	r2, IPSR
10000e7e:	2303      	movs	r3, #3
10000e80:	4013      	ands	r3, r2
10000e82:	4ab5      	ldr	r2, [pc, #724]	@ (10001158 <alarm_pool_irq_handler+0x2ec>)
10000e84:	0099      	lsls	r1, r3, #2
10000e86:	5852      	ldr	r2, [r2, r1]
10000e88:	9100      	str	r1, [sp, #0]
10000e8a:	4690      	mov	r8, r2
10000e8c:	2201      	movs	r2, #1
10000e8e:	409a      	lsls	r2, r3
10000e90:	4693      	mov	fp, r2
10000e92:	4bb2      	ldr	r3, [pc, #712]	@ (1000115c <alarm_pool_irq_handler+0x2f0>)
10000e94:	601a      	str	r2, [r3, #0]
10000e96:	4bb2      	ldr	r3, [pc, #712]	@ (10001160 <alarm_pool_irq_handler+0x2f4>)
10000e98:	9301      	str	r3, [sp, #4]
10000e9a:	465b      	mov	r3, fp
10000e9c:	48b1      	ldr	r0, [pc, #708]	@ (10001164 <alarm_pool_irq_handler+0x2f8>)
10000e9e:	6343      	str	r3, [r0, #52]	@ 0x34
10000ea0:	4643      	mov	r3, r8
10000ea2:	2208      	movs	r2, #8
10000ea4:	5e9b      	ldrsh	r3, [r3, r2]
10000ea6:	4699      	mov	r9, r3
10000ea8:	2b00      	cmp	r3, #0
10000eaa:	da3a      	bge.n	10000f22 <alarm_pool_irq_handler+0xb6>
10000eac:	4643      	mov	r3, r8
10000eae:	889b      	ldrh	r3, [r3, #4]
10000eb0:	b21b      	sxth	r3, r3
10000eb2:	2b00      	cmp	r3, #0
10000eb4:	db00      	blt.n	10000eb8 <alarm_pool_irq_handler+0x4c>
10000eb6:	e09d      	b.n	10000ff4 <alarm_pool_irq_handler+0x188>
10000eb8:	4643      	mov	r3, r8
10000eba:	799b      	ldrb	r3, [r3, #6]
10000ebc:	2b00      	cmp	r3, #0
10000ebe:	d000      	beq.n	10000ec2 <alarm_pool_irq_handler+0x56>
10000ec0:	e0e1      	b.n	10001086 <alarm_pool_irq_handler+0x21a>
10000ec2:	4643      	mov	r3, r8
10000ec4:	2408      	movs	r4, #8
10000ec6:	5f1c      	ldrsh	r4, [r3, r4]
10000ec8:	2c00      	cmp	r4, #0
10000eca:	db20      	blt.n	10000f0e <alarm_pool_irq_handler+0xa2>
10000ecc:	4643      	mov	r3, r8
10000ece:	695a      	ldr	r2, [r3, #20]
10000ed0:	0063      	lsls	r3, r4, #1
10000ed2:	191b      	adds	r3, r3, r4
10000ed4:	00db      	lsls	r3, r3, #3
10000ed6:	18d3      	adds	r3, r2, r3
10000ed8:	689d      	ldr	r5, [r3, #8]
10000eda:	68dc      	ldr	r4, [r3, #12]
10000edc:	1c6b      	adds	r3, r5, #1
10000ede:	d100      	bne.n	10000ee2 <alarm_pool_irq_handler+0x76>
10000ee0:	e103      	b.n	100010ea <alarm_pool_irq_handler+0x27e>
10000ee2:	48a0      	ldr	r0, [pc, #640]	@ (10001164 <alarm_pool_irq_handler+0x2f8>)
10000ee4:	9900      	ldr	r1, [sp, #0]
10000ee6:	4684      	mov	ip, r0
10000ee8:	4461      	add	r1, ip
10000eea:	6a82      	ldr	r2, [r0, #40]	@ 0x28
10000eec:	690b      	ldr	r3, [r1, #16]
10000eee:	1aae      	subs	r6, r5, r2
10000ef0:	1a9b      	subs	r3, r3, r2
10000ef2:	429e      	cmp	r6, r3
10000ef4:	d313      	bcc.n	10000f1e <alarm_pool_irq_handler+0xb2>
10000ef6:	465a      	mov	r2, fp
10000ef8:	6a03      	ldr	r3, [r0, #32]
10000efa:	421a      	tst	r2, r3
10000efc:	d00f      	beq.n	10000f1e <alarm_pool_irq_handler+0xb2>
10000efe:	4899      	ldr	r0, [pc, #612]	@ (10001164 <alarm_pool_irq_handler+0x2f8>)
10000f00:	f000 fb3a 	bl	10001578 <timer_time_us_64>
10000f04:	428c      	cmp	r4, r1
10000f06:	dc02      	bgt.n	10000f0e <alarm_pool_irq_handler+0xa2>
10000f08:	d1c7      	bne.n	10000e9a <alarm_pool_irq_handler+0x2e>
10000f0a:	4285      	cmp	r5, r0
10000f0c:	d9c5      	bls.n	10000e9a <alarm_pool_irq_handler+0x2e>
10000f0e:	bf40      	sev
10000f10:	b003      	add	sp, #12
10000f12:	bcf0      	pop	{r4, r5, r6, r7}
10000f14:	46bb      	mov	fp, r7
10000f16:	46b2      	mov	sl, r6
10000f18:	46a9      	mov	r9, r5
10000f1a:	46a0      	mov	r8, r4
10000f1c:	bdf0      	pop	{r4, r5, r6, r7, pc}
10000f1e:	610d      	str	r5, [r1, #16]
10000f20:	e7ed      	b.n	10000efe <alarm_pool_irq_handler+0x92>
10000f22:	4642      	mov	r2, r8
10000f24:	6952      	ldr	r2, [r2, #20]
10000f26:	005b      	lsls	r3, r3, #1
10000f28:	4692      	mov	sl, r2
10000f2a:	444b      	add	r3, r9
10000f2c:	00db      	lsls	r3, r3, #3
10000f2e:	449a      	add	sl, r3
10000f30:	4653      	mov	r3, sl
10000f32:	689e      	ldr	r6, [r3, #8]
10000f34:	68df      	ldr	r7, [r3, #12]
10000f36:	f000 fb1f 	bl	10001578 <timer_time_us_64>
10000f3a:	428f      	cmp	r7, r1
10000f3c:	dcb6      	bgt.n	10000eac <alarm_pool_irq_handler+0x40>
10000f3e:	d100      	bne.n	10000f42 <alarm_pool_irq_handler+0xd6>
10000f40:	e0f8      	b.n	10001134 <alarm_pool_irq_handler+0x2c8>
10000f42:	2f00      	cmp	r7, #0
10000f44:	da00      	bge.n	10000f48 <alarm_pool_irq_handler+0xdc>
10000f46:	e0d9      	b.n	100010fc <alarm_pool_irq_handler+0x290>
10000f48:	4652      	mov	r2, sl
10000f4a:	4653      	mov	r3, sl
10000f4c:	6954      	ldr	r4, [r2, #20]
10000f4e:	691b      	ldr	r3, [r3, #16]
10000f50:	9a01      	ldr	r2, [sp, #4]
10000f52:	4293      	cmp	r3, r2
10000f54:	d100      	bne.n	10000f58 <alarm_pool_irq_handler+0xec>
10000f56:	e0cc      	b.n	100010f2 <alarm_pool_irq_handler+0x286>
10000f58:	4641      	mov	r1, r8
10000f5a:	4652      	mov	r2, sl
10000f5c:	2008      	movs	r0, #8
10000f5e:	5e08      	ldrsh	r0, [r1, r0]
10000f60:	8852      	ldrh	r2, [r2, #2]
10000f62:	0400      	lsls	r0, r0, #16
10000f64:	0021      	movs	r1, r4
10000f66:	4310      	orrs	r0, r2
10000f68:	4798      	blx	r3
10000f6a:	0004      	movs	r4, r0
10000f6c:	000d      	movs	r5, r1
10000f6e:	0023      	movs	r3, r4
10000f70:	432b      	orrs	r3, r5
10000f72:	d100      	bne.n	10000f76 <alarm_pool_irq_handler+0x10a>
10000f74:	e0c2      	b.n	100010fc <alarm_pool_irq_handler+0x290>
10000f76:	2d00      	cmp	r5, #0
10000f78:	db00      	blt.n	10000f7c <alarm_pool_irq_handler+0x110>
10000f7a:	e0df      	b.n	1000113c <alarm_pool_irq_handler+0x2d0>
10000f7c:	0030      	movs	r0, r6
10000f7e:	0039      	movs	r1, r7
10000f80:	1b00      	subs	r0, r0, r4
10000f82:	41a9      	sbcs	r1, r5
10000f84:	4653      	mov	r3, sl
10000f86:	6098      	str	r0, [r3, #8]
10000f88:	60d9      	str	r1, [r3, #12]
10000f8a:	2200      	movs	r2, #0
10000f8c:	5e9a      	ldrsh	r2, [r3, r2]
10000f8e:	2a00      	cmp	r2, #0
10000f90:	da00      	bge.n	10000f94 <alarm_pool_irq_handler+0x128>
10000f92:	e78b      	b.n	10000eac <alarm_pool_irq_handler+0x40>
10000f94:	4643      	mov	r3, r8
10000f96:	695d      	ldr	r5, [r3, #20]
10000f98:	0053      	lsls	r3, r2, #1
10000f9a:	189c      	adds	r4, r3, r2
10000f9c:	00e4      	lsls	r4, r4, #3
10000f9e:	192c      	adds	r4, r5, r4
10000fa0:	68a7      	ldr	r7, [r4, #8]
10000fa2:	68e4      	ldr	r4, [r4, #12]
10000fa4:	428c      	cmp	r4, r1
10000fa6:	dd00      	ble.n	10000faa <alarm_pool_irq_handler+0x13e>
10000fa8:	e780      	b.n	10000eac <alarm_pool_irq_handler+0x40>
10000faa:	d102      	bne.n	10000fb2 <alarm_pool_irq_handler+0x146>
10000fac:	4287      	cmp	r7, r0
10000fae:	d900      	bls.n	10000fb2 <alarm_pool_irq_handler+0x146>
10000fb0:	e77c      	b.n	10000eac <alarm_pool_irq_handler+0x40>
10000fb2:	4646      	mov	r6, r8
10000fb4:	8132      	strh	r2, [r6, #8]
10000fb6:	3608      	adds	r6, #8
10000fb8:	e00d      	b.n	10000fd6 <alarm_pool_irq_handler+0x16a>
10000fba:	428c      	cmp	r4, r1
10000fbc:	d100      	bne.n	10000fc0 <alarm_pool_irq_handler+0x154>
10000fbe:	e0c6      	b.n	1000114e <alarm_pool_irq_handler+0x2e2>
10000fc0:	001e      	movs	r6, r3
10000fc2:	2300      	movs	r3, #0
10000fc4:	5ef2      	ldrsh	r2, [r6, r3]
10000fc6:	2a00      	cmp	r2, #0
10000fc8:	db0a      	blt.n	10000fe0 <alarm_pool_irq_handler+0x174>
10000fca:	0053      	lsls	r3, r2, #1
10000fcc:	189c      	adds	r4, r3, r2
10000fce:	00e4      	lsls	r4, r4, #3
10000fd0:	192c      	adds	r4, r5, r4
10000fd2:	68a7      	ldr	r7, [r4, #8]
10000fd4:	68e4      	ldr	r4, [r4, #12]
10000fd6:	189b      	adds	r3, r3, r2
10000fd8:	00db      	lsls	r3, r3, #3
10000fda:	18eb      	adds	r3, r5, r3
10000fdc:	428c      	cmp	r4, r1
10000fde:	ddec      	ble.n	10000fba <alarm_pool_irq_handler+0x14e>
10000fe0:	4653      	mov	r3, sl
10000fe2:	801a      	strh	r2, [r3, #0]
10000fe4:	464b      	mov	r3, r9
10000fe6:	8033      	strh	r3, [r6, #0]
10000fe8:	4643      	mov	r3, r8
10000fea:	889b      	ldrh	r3, [r3, #4]
10000fec:	b21b      	sxth	r3, r3
10000fee:	2b00      	cmp	r3, #0
10000ff0:	da00      	bge.n	10000ff4 <alarm_pool_irq_handler+0x188>
10000ff2:	e761      	b.n	10000eb8 <alarm_pool_irq_handler+0x4c>
10000ff4:	4643      	mov	r3, r8
10000ff6:	691a      	ldr	r2, [r3, #16]
10000ff8:	f3ef 8110 	mrs	r1, PRIMASK
10000ffc:	b672      	cpsid	i
10000ffe:	6813      	ldr	r3, [r2, #0]
10001000:	2b00      	cmp	r3, #0
10001002:	d0fc      	beq.n	10000ffe <alarm_pool_irq_handler+0x192>
10001004:	f3bf 8f5f 	dmb	sy
10001008:	4643      	mov	r3, r8
1000100a:	889e      	ldrh	r6, [r3, #4]
1000100c:	2301      	movs	r3, #1
1000100e:	4642      	mov	r2, r8
10001010:	425b      	negs	r3, r3
10001012:	8093      	strh	r3, [r2, #4]
10001014:	b236      	sxth	r6, r6
10001016:	6913      	ldr	r3, [r2, #16]
10001018:	f3bf 8f5f 	dmb	sy
1000101c:	2200      	movs	r2, #0
1000101e:	601a      	str	r2, [r3, #0]
10001020:	f381 8810 	msr	PRIMASK, r1
10001024:	2e00      	cmp	r6, #0
10001026:	da00      	bge.n	1000102a <alarm_pool_irq_handler+0x1be>
10001028:	e746      	b.n	10000eb8 <alarm_pool_irq_handler+0x4c>
1000102a:	4643      	mov	r3, r8
1000102c:	695d      	ldr	r5, [r3, #20]
1000102e:	3308      	adds	r3, #8
10001030:	4642      	mov	r2, r8
10001032:	469c      	mov	ip, r3
10001034:	0077      	lsls	r7, r6, #1
10001036:	19bf      	adds	r7, r7, r6
10001038:	00ff      	lsls	r7, r7, #3
1000103a:	19ef      	adds	r7, r5, r7
1000103c:	68bb      	ldr	r3, [r7, #8]
1000103e:	4660      	mov	r0, ip
10001040:	4698      	mov	r8, r3
10001042:	2308      	movs	r3, #8
10001044:	5ed1      	ldrsh	r1, [r2, r3]
10001046:	4692      	mov	sl, r2
10001048:	68fc      	ldr	r4, [r7, #12]
1000104a:	2900      	cmp	r1, #0
1000104c:	da07      	bge.n	1000105e <alarm_pool_irq_handler+0x1f2>
1000104e:	e00e      	b.n	1000106e <alarm_pool_irq_handler+0x202>
10001050:	42a2      	cmp	r2, r4
10001052:	d046      	beq.n	100010e2 <alarm_pool_irq_handler+0x276>
10001054:	0018      	movs	r0, r3
10001056:	2300      	movs	r3, #0
10001058:	5ec1      	ldrsh	r1, [r0, r3]
1000105a:	2900      	cmp	r1, #0
1000105c:	db06      	blt.n	1000106c <alarm_pool_irq_handler+0x200>
1000105e:	004b      	lsls	r3, r1, #1
10001060:	185b      	adds	r3, r3, r1
10001062:	00db      	lsls	r3, r3, #3
10001064:	18eb      	adds	r3, r5, r3
10001066:	68da      	ldr	r2, [r3, #12]
10001068:	42a2      	cmp	r2, r4
1000106a:	ddf1      	ble.n	10001050 <alarm_pool_irq_handler+0x1e4>
1000106c:	4652      	mov	r2, sl
1000106e:	8006      	strh	r6, [r0, #0]
10001070:	2300      	movs	r3, #0
10001072:	5efe      	ldrsh	r6, [r7, r3]
10001074:	8039      	strh	r1, [r7, #0]
10001076:	2e00      	cmp	r6, #0
10001078:	dadc      	bge.n	10001034 <alarm_pool_irq_handler+0x1c8>
1000107a:	4690      	mov	r8, r2
1000107c:	4643      	mov	r3, r8
1000107e:	799b      	ldrb	r3, [r3, #6]
10001080:	2b00      	cmp	r3, #0
10001082:	d100      	bne.n	10001086 <alarm_pool_irq_handler+0x21a>
10001084:	e71d      	b.n	10000ec2 <alarm_pool_irq_handler+0x56>
10001086:	2300      	movs	r3, #0
10001088:	4642      	mov	r2, r8
1000108a:	7193      	strb	r3, [r2, #6]
1000108c:	4643      	mov	r3, r8
1000108e:	4646      	mov	r6, r8
10001090:	2108      	movs	r1, #8
10001092:	5e59      	ldrsh	r1, [r3, r1]
10001094:	3608      	adds	r6, #8
10001096:	1c4b      	adds	r3, r1, #1
10001098:	d100      	bne.n	1000109c <alarm_pool_irq_handler+0x230>
1000109a:	e738      	b.n	10000f0e <alarm_pool_irq_handler+0xa2>
1000109c:	4647      	mov	r7, r8
1000109e:	4689      	mov	r9, r1
100010a0:	6955      	ldr	r5, [r2, #20]
100010a2:	e002      	b.n	100010aa <alarm_pool_irq_handler+0x23e>
100010a4:	0006      	movs	r6, r0
100010a6:	1c4b      	adds	r3, r1, #1
100010a8:	d018      	beq.n	100010dc <alarm_pool_irq_handler+0x270>
100010aa:	004b      	lsls	r3, r1, #1
100010ac:	185b      	adds	r3, r3, r1
100010ae:	00db      	lsls	r3, r3, #3
100010b0:	18e8      	adds	r0, r5, r3
100010b2:	000a      	movs	r2, r1
100010b4:	468c      	mov	ip, r1
100010b6:	5ee9      	ldrsh	r1, [r5, r3]
100010b8:	8843      	ldrh	r3, [r0, #2]
100010ba:	b21b      	sxth	r3, r3
100010bc:	2b00      	cmp	r3, #0
100010be:	daf1      	bge.n	100010a4 <alarm_pool_irq_handler+0x238>
100010c0:	2301      	movs	r3, #1
100010c2:	425b      	negs	r3, r3
100010c4:	17dc      	asrs	r4, r3, #31
100010c6:	6083      	str	r3, [r0, #8]
100010c8:	60c4      	str	r4, [r0, #12]
100010ca:	454a      	cmp	r2, r9
100010cc:	d003      	beq.n	100010d6 <alarm_pool_irq_handler+0x26a>
100010ce:	8031      	strh	r1, [r6, #0]
100010d0:	893b      	ldrh	r3, [r7, #8]
100010d2:	8003      	strh	r3, [r0, #0]
100010d4:	813a      	strh	r2, [r7, #8]
100010d6:	46e1      	mov	r9, ip
100010d8:	1c4b      	adds	r3, r1, #1
100010da:	d1e6      	bne.n	100010aa <alarm_pool_irq_handler+0x23e>
100010dc:	46b8      	mov	r8, r7
100010de:	464c      	mov	r4, r9
100010e0:	e6f2      	b.n	10000ec8 <alarm_pool_irq_handler+0x5c>
100010e2:	689a      	ldr	r2, [r3, #8]
100010e4:	4542      	cmp	r2, r8
100010e6:	d9b5      	bls.n	10001054 <alarm_pool_irq_handler+0x1e8>
100010e8:	e7c0      	b.n	1000106c <alarm_pool_irq_handler+0x200>
100010ea:	1c63      	adds	r3, r4, #1
100010ec:	d000      	beq.n	100010f0 <alarm_pool_irq_handler+0x284>
100010ee:	e6f8      	b.n	10000ee2 <alarm_pool_irq_handler+0x76>
100010f0:	e705      	b.n	10000efe <alarm_pool_irq_handler+0x92>
100010f2:	0020      	movs	r0, r4
100010f4:	6923      	ldr	r3, [r4, #16]
100010f6:	4798      	blx	r3
100010f8:	2800      	cmp	r0, #0
100010fa:	d125      	bne.n	10001148 <alarm_pool_irq_handler+0x2dc>
100010fc:	4653      	mov	r3, sl
100010fe:	4642      	mov	r2, r8
10001100:	881b      	ldrh	r3, [r3, #0]
10001102:	8113      	strh	r3, [r2, #8]
10001104:	6912      	ldr	r2, [r2, #16]
10001106:	f3ef 8310 	mrs	r3, PRIMASK
1000110a:	b672      	cpsid	i
1000110c:	6811      	ldr	r1, [r2, #0]
1000110e:	2900      	cmp	r1, #0
10001110:	d0fc      	beq.n	1000110c <alarm_pool_irq_handler+0x2a0>
10001112:	f3bf 8f5f 	dmb	sy
10001116:	4642      	mov	r2, r8
10001118:	4651      	mov	r1, sl
1000111a:	8852      	ldrh	r2, [r2, #2]
1000111c:	800a      	strh	r2, [r1, #0]
1000111e:	4642      	mov	r2, r8
10001120:	4649      	mov	r1, r9
10001122:	8051      	strh	r1, [r2, #2]
10001124:	6912      	ldr	r2, [r2, #16]
10001126:	f3bf 8f5f 	dmb	sy
1000112a:	2100      	movs	r1, #0
1000112c:	6011      	str	r1, [r2, #0]
1000112e:	f383 8810 	msr	PRIMASK, r3
10001132:	e6bb      	b.n	10000eac <alarm_pool_irq_handler+0x40>
10001134:	4286      	cmp	r6, r0
10001136:	d800      	bhi.n	1000113a <alarm_pool_irq_handler+0x2ce>
10001138:	e703      	b.n	10000f42 <alarm_pool_irq_handler+0xd6>
1000113a:	e6b7      	b.n	10000eac <alarm_pool_irq_handler+0x40>
1000113c:	4809      	ldr	r0, [pc, #36]	@ (10001164 <alarm_pool_irq_handler+0x2f8>)
1000113e:	f000 fa1b 	bl	10001578 <timer_time_us_64>
10001142:	1900      	adds	r0, r0, r4
10001144:	4169      	adcs	r1, r5
10001146:	e71d      	b.n	10000f84 <alarm_pool_irq_handler+0x118>
10001148:	6865      	ldr	r5, [r4, #4]
1000114a:	6824      	ldr	r4, [r4, #0]
1000114c:	e70f      	b.n	10000f6e <alarm_pool_irq_handler+0x102>
1000114e:	4287      	cmp	r7, r0
10001150:	d800      	bhi.n	10001154 <alarm_pool_irq_handler+0x2e8>
10001152:	e735      	b.n	10000fc0 <alarm_pool_irq_handler+0x154>
10001154:	e744      	b.n	10000fe0 <alarm_pool_irq_handler+0x174>
10001156:	46c0      	nop			@ (mov r8, r8)
10001158:	20001fe0 	.word	0x20001fe0
1000115c:	4005703c 	.word	0x4005703c
10001160:	10000e6d 	.word	0x10000e6d
10001164:	40054000 	.word	0x40054000

10001168 <sleep_until_callback>:
10001168:	4807      	ldr	r0, [pc, #28]	@ (10001188 <sleep_until_callback+0x20>)
1000116a:	b510      	push	{r4, lr}
1000116c:	6802      	ldr	r2, [r0, #0]
1000116e:	f3ef 8110 	mrs	r1, PRIMASK
10001172:	b672      	cpsid	i
10001174:	6813      	ldr	r3, [r2, #0]
10001176:	2b00      	cmp	r3, #0
10001178:	d0fc      	beq.n	10001174 <sleep_until_callback+0xc>
1000117a:	f3bf 8f5f 	dmb	sy
1000117e:	f003 fa45 	bl	1000460c <vPortLockInternalSpinUnlockWithNotify>
10001182:	2000      	movs	r0, #0
10001184:	2100      	movs	r1, #0
10001186:	bd10      	pop	{r4, pc}
10001188:	20002398 	.word	0x20002398

1000118c <runtime_init_default_alarm_pool>:
1000118c:	b570      	push	{r4, r5, r6, lr}
1000118e:	4c2e      	ldr	r4, [pc, #184]	@ (10001248 <runtime_init_default_alarm_pool+0xbc>)
10001190:	6925      	ldr	r5, [r4, #16]
10001192:	2d00      	cmp	r5, #0
10001194:	d004      	beq.n	100011a0 <runtime_init_default_alarm_pool+0x14>
10001196:	210a      	movs	r1, #10
10001198:	482c      	ldr	r0, [pc, #176]	@ (1000124c <runtime_init_default_alarm_pool+0xc0>)
1000119a:	f7ff fe0f 	bl	10000dbc <lock_init>
1000119e:	bd70      	pop	{r4, r5, r6, pc}
100011a0:	4e2b      	ldr	r6, [pc, #172]	@ (10001250 <runtime_init_default_alarm_pool+0xc4>)
100011a2:	2103      	movs	r1, #3
100011a4:	0030      	movs	r0, r6
100011a6:	f000 f9dd 	bl	10001564 <timer_hardware_alarm_claim>
100011aa:	60e6      	str	r6, [r4, #12]
100011ac:	f7ff fafe 	bl	100007ac <next_striped_spin_lock_num>
100011b0:	4b28      	ldr	r3, [pc, #160]	@ (10001254 <runtime_init_default_alarm_pool+0xc8>)
100011b2:	2203      	movs	r2, #3
100011b4:	469c      	mov	ip, r3
100011b6:	23d0      	movs	r3, #208	@ 0xd0
100011b8:	7022      	strb	r2, [r4, #0]
100011ba:	061b      	lsls	r3, r3, #24
100011bc:	681b      	ldr	r3, [r3, #0]
100011be:	2101      	movs	r1, #1
100011c0:	7063      	strb	r3, [r4, #1]
100011c2:	4b25      	ldr	r3, [pc, #148]	@ (10001258 <runtime_init_default_alarm_pool+0xcc>)
100011c4:	4460      	add	r0, ip
100011c6:	60a3      	str	r3, [r4, #8]
100011c8:	230f      	movs	r3, #15
100011ca:	0080      	lsls	r0, r0, #2
100011cc:	6120      	str	r0, [r4, #16]
100011ce:	2002      	movs	r0, #2
100011d0:	8063      	strh	r3, [r4, #2]
100011d2:	6963      	ldr	r3, [r4, #20]
100011d4:	4249      	negs	r1, r1
100011d6:	80a1      	strh	r1, [r4, #4]
100011d8:	8019      	strh	r1, [r3, #0]
100011da:	3102      	adds	r1, #2
100011dc:	8619      	strh	r1, [r3, #48]	@ 0x30
100011de:	3147      	adds	r1, #71	@ 0x47
100011e0:	831d      	strh	r5, [r3, #24]
100011e2:	5258      	strh	r0, [r3, r1]
100011e4:	3118      	adds	r1, #24
100011e6:	525a      	strh	r2, [r3, r1]
100011e8:	3275      	adds	r2, #117	@ 0x75
100011ea:	395c      	subs	r1, #92	@ 0x5c
100011ec:	5299      	strh	r1, [r3, r2]
100011ee:	3218      	adds	r2, #24
100011f0:	3101      	adds	r1, #1
100011f2:	5299      	strh	r1, [r3, r2]
100011f4:	3218      	adds	r2, #24
100011f6:	3101      	adds	r1, #1
100011f8:	5299      	strh	r1, [r3, r2]
100011fa:	3218      	adds	r2, #24
100011fc:	3101      	adds	r1, #1
100011fe:	5299      	strh	r1, [r3, r2]
10001200:	3508      	adds	r5, #8
10001202:	3218      	adds	r2, #24
10001204:	529d      	strh	r5, [r3, r2]
10001206:	3102      	adds	r1, #2
10001208:	3218      	adds	r2, #24
1000120a:	5299      	strh	r1, [r3, r2]
1000120c:	3218      	adds	r2, #24
1000120e:	3101      	adds	r1, #1
10001210:	5299      	strh	r1, [r3, r2]
10001212:	3218      	adds	r2, #24
10001214:	3101      	adds	r1, #1
10001216:	5299      	strh	r1, [r3, r2]
10001218:	3218      	adds	r2, #24
1000121a:	3101      	adds	r1, #1
1000121c:	5299      	strh	r1, [r3, r2]
1000121e:	3218      	adds	r2, #24
10001220:	3101      	adds	r1, #1
10001222:	5299      	strh	r1, [r3, r2]
10001224:	3218      	adds	r2, #24
10001226:	3101      	adds	r1, #1
10001228:	5299      	strh	r1, [r3, r2]
1000122a:	4b0c      	ldr	r3, [pc, #48]	@ (1000125c <runtime_init_default_alarm_pool+0xd0>)
1000122c:	490c      	ldr	r1, [pc, #48]	@ (10001260 <runtime_init_default_alarm_pool+0xd4>)
1000122e:	60dc      	str	r4, [r3, #12]
10001230:	3001      	adds	r0, #1
10001232:	6235      	str	r5, [r6, #32]
10001234:	f7ff fb30 	bl	10000898 <irq_set_exclusive_handler>
10001238:	2101      	movs	r1, #1
1000123a:	2003      	movs	r0, #3
1000123c:	f7ff faf4 	bl	10000828 <irq_set_enabled>
10001240:	4b08      	ldr	r3, [pc, #32]	@ (10001264 <runtime_init_default_alarm_pool+0xd8>)
10001242:	601d      	str	r5, [r3, #0]
10001244:	e7a7      	b.n	10001196 <runtime_init_default_alarm_pool+0xa>
10001246:	46c0      	nop			@ (mov r8, r8)
10001248:	20000fa4 	.word	0x20000fa4
1000124c:	20002398 	.word	0x20002398
10001250:	40054000 	.word	0x40054000
10001254:	34000040 	.word	0x34000040
10001258:	0010ffff 	.word	0x0010ffff
1000125c:	20001fe0 	.word	0x20001fe0
10001260:	10000e6d 	.word	0x10000e6d
10001264:	40056038 	.word	0x40056038

10001268 <alarm_pool_get_default>:
10001268:	4800      	ldr	r0, [pc, #0]	@ (1000126c <alarm_pool_get_default+0x4>)
1000126a:	4770      	bx	lr
1000126c:	20000fa4 	.word	0x20000fa4

10001270 <alarm_pool_add_alarm_at>:
10001270:	b5f8      	push	{r3, r4, r5, r6, r7, lr}
10001272:	001f      	movs	r7, r3
10001274:	ab08      	add	r3, sp, #32
10001276:	781b      	ldrb	r3, [r3, #0]
10001278:	0004      	movs	r4, r0
1000127a:	0016      	movs	r6, r2
1000127c:	2b00      	cmp	r3, #0
1000127e:	d108      	bne.n	10001292 <alarm_pool_add_alarm_at+0x22>
10001280:	f000 f982 	bl	10001588 <time_us_64>
10001284:	0032      	movs	r2, r6
10001286:	003b      	movs	r3, r7
10001288:	1a12      	subs	r2, r2, r0
1000128a:	418b      	sbcs	r3, r1
1000128c:	2b00      	cmp	r3, #0
1000128e:	da00      	bge.n	10001292 <alarm_pool_add_alarm_at+0x22>
10001290:	e053      	b.n	1000133a <alarm_pool_add_alarm_at+0xca>
10001292:	6922      	ldr	r2, [r4, #16]
10001294:	f3ef 8010 	mrs	r0, PRIMASK
10001298:	b672      	cpsid	i
1000129a:	6813      	ldr	r3, [r2, #0]
1000129c:	2b00      	cmp	r3, #0
1000129e:	d0fc      	beq.n	1000129a <alarm_pool_add_alarm_at+0x2a>
100012a0:	f3bf 8f5f 	dmb	sy
100012a4:	2302      	movs	r3, #2
100012a6:	5ee1      	ldrsh	r1, [r4, r3]
100012a8:	6963      	ldr	r3, [r4, #20]
100012aa:	004a      	lsls	r2, r1, #1
100012ac:	1852      	adds	r2, r2, r1
100012ae:	00d2      	lsls	r2, r2, #3
100012b0:	189b      	adds	r3, r3, r2
100012b2:	2900      	cmp	r1, #0
100012b4:	db37      	blt.n	10001326 <alarm_pool_add_alarm_at+0xb6>
100012b6:	881a      	ldrh	r2, [r3, #0]
100012b8:	8062      	strh	r2, [r4, #2]
100012ba:	6922      	ldr	r2, [r4, #16]
100012bc:	f3bf 8f5f 	dmb	sy
100012c0:	2500      	movs	r5, #0
100012c2:	6015      	str	r5, [r2, #0]
100012c4:	f380 8810 	msr	PRIMASK, r0
100012c8:	9a06      	ldr	r2, [sp, #24]
100012ca:	609e      	str	r6, [r3, #8]
100012cc:	60df      	str	r7, [r3, #12]
100012ce:	611a      	str	r2, [r3, #16]
100012d0:	9a07      	ldr	r2, [sp, #28]
100012d2:	615a      	str	r2, [r3, #20]
100012d4:	885a      	ldrh	r2, [r3, #2]
100012d6:	3201      	adds	r2, #1
100012d8:	0452      	lsls	r2, r2, #17
100012da:	0c52      	lsrs	r2, r2, #17
100012dc:	1c10      	adds	r0, r2, #0
100012de:	2a00      	cmp	r2, #0
100012e0:	d01f      	beq.n	10001322 <alarm_pool_add_alarm_at+0xb2>
100012e2:	b282      	uxth	r2, r0
100012e4:	8058      	strh	r0, [r3, #2]
100012e6:	0408      	lsls	r0, r1, #16
100012e8:	4310      	orrs	r0, r2
100012ea:	6926      	ldr	r6, [r4, #16]
100012ec:	f3ef 8710 	mrs	r7, PRIMASK
100012f0:	b672      	cpsid	i
100012f2:	6832      	ldr	r2, [r6, #0]
100012f4:	2a00      	cmp	r2, #0
100012f6:	d0fc      	beq.n	100012f2 <alarm_pool_add_alarm_at+0x82>
100012f8:	f3bf 8f5f 	dmb	sy
100012fc:	88a2      	ldrh	r2, [r4, #4]
100012fe:	801a      	strh	r2, [r3, #0]
10001300:	80a1      	strh	r1, [r4, #4]
10001302:	6923      	ldr	r3, [r4, #16]
10001304:	f3bf 8f5f 	dmb	sy
10001308:	2200      	movs	r2, #0
1000130a:	601a      	str	r2, [r3, #0]
1000130c:	f387 8810 	msr	PRIMASK, r7
10001310:	490b      	ldr	r1, [pc, #44]	@ (10001340 <alarm_pool_add_alarm_at+0xd0>)
10001312:	7823      	ldrb	r3, [r4, #0]
10001314:	468c      	mov	ip, r1
10001316:	3201      	adds	r2, #1
10001318:	409a      	lsls	r2, r3
1000131a:	68e3      	ldr	r3, [r4, #12]
1000131c:	4463      	add	r3, ip
1000131e:	601a      	str	r2, [r3, #0]
10001320:	bdf8      	pop	{r3, r4, r5, r6, r7, pc}
10001322:	2001      	movs	r0, #1
10001324:	e7dd      	b.n	100012e2 <alarm_pool_add_alarm_at+0x72>
10001326:	6923      	ldr	r3, [r4, #16]
10001328:	f3bf 8f5f 	dmb	sy
1000132c:	2200      	movs	r2, #0
1000132e:	601a      	str	r2, [r3, #0]
10001330:	f380 8810 	msr	PRIMASK, r0
10001334:	2001      	movs	r0, #1
10001336:	4240      	negs	r0, r0
10001338:	e7f2      	b.n	10001320 <alarm_pool_add_alarm_at+0xb0>
1000133a:	2000      	movs	r0, #0
1000133c:	e7f0      	b.n	10001320 <alarm_pool_add_alarm_at+0xb0>
1000133e:	46c0      	nop			@ (mov r8, r8)
10001340:	0000203c 	.word	0x0000203c

10001344 <alarm_pool_add_alarm_at_force_in_context>:
10001344:	b570      	push	{r4, r5, r6, lr}
10001346:	0001      	movs	r1, r0
10001348:	6904      	ldr	r4, [r0, #16]
1000134a:	f3ef 8c10 	mrs	ip, PRIMASK
1000134e:	b672      	cpsid	i
10001350:	6820      	ldr	r0, [r4, #0]
10001352:	2800      	cmp	r0, #0
10001354:	d0fc      	beq.n	10001350 <alarm_pool_add_alarm_at_force_in_context+0xc>
10001356:	f3bf 8f5f 	dmb	sy
1000135a:	2002      	movs	r0, #2
1000135c:	5e0d      	ldrsh	r5, [r1, r0]
1000135e:	694c      	ldr	r4, [r1, #20]
10001360:	0068      	lsls	r0, r5, #1
10001362:	1940      	adds	r0, r0, r5
10001364:	00c0      	lsls	r0, r0, #3
10001366:	1824      	adds	r4, r4, r0
10001368:	2d00      	cmp	r5, #0
1000136a:	db37      	blt.n	100013dc <alarm_pool_add_alarm_at_force_in_context+0x98>
1000136c:	8820      	ldrh	r0, [r4, #0]
1000136e:	8048      	strh	r0, [r1, #2]
10001370:	6908      	ldr	r0, [r1, #16]
10001372:	f3bf 8f5f 	dmb	sy
10001376:	2600      	movs	r6, #0
10001378:	6006      	str	r6, [r0, #0]
1000137a:	f38c 8810 	msr	PRIMASK, ip
1000137e:	60e3      	str	r3, [r4, #12]
10001380:	8863      	ldrh	r3, [r4, #2]
10001382:	9804      	ldr	r0, [sp, #16]
10001384:	3301      	adds	r3, #1
10001386:	6120      	str	r0, [r4, #16]
10001388:	045b      	lsls	r3, r3, #17
1000138a:	9805      	ldr	r0, [sp, #20]
1000138c:	0c5b      	lsrs	r3, r3, #17
1000138e:	60a2      	str	r2, [r4, #8]
10001390:	6160      	str	r0, [r4, #20]
10001392:	1c1a      	adds	r2, r3, #0
10001394:	2b00      	cmp	r3, #0
10001396:	d01f      	beq.n	100013d8 <alarm_pool_add_alarm_at_force_in_context+0x94>
10001398:	b293      	uxth	r3, r2
1000139a:	0428      	lsls	r0, r5, #16
1000139c:	8062      	strh	r2, [r4, #2]
1000139e:	4318      	orrs	r0, r3
100013a0:	690a      	ldr	r2, [r1, #16]
100013a2:	f3ef 8c10 	mrs	ip, PRIMASK
100013a6:	b672      	cpsid	i
100013a8:	6813      	ldr	r3, [r2, #0]
100013aa:	2b00      	cmp	r3, #0
100013ac:	d0fc      	beq.n	100013a8 <alarm_pool_add_alarm_at_force_in_context+0x64>
100013ae:	f3bf 8f5f 	dmb	sy
100013b2:	888b      	ldrh	r3, [r1, #4]
100013b4:	8023      	strh	r3, [r4, #0]
100013b6:	808d      	strh	r5, [r1, #4]
100013b8:	690b      	ldr	r3, [r1, #16]
100013ba:	f3bf 8f5f 	dmb	sy
100013be:	2200      	movs	r2, #0
100013c0:	601a      	str	r2, [r3, #0]
100013c2:	f38c 8810 	msr	PRIMASK, ip
100013c6:	780b      	ldrb	r3, [r1, #0]
100013c8:	3201      	adds	r2, #1
100013ca:	409a      	lsls	r2, r3
100013cc:	68cb      	ldr	r3, [r1, #12]
100013ce:	4908      	ldr	r1, [pc, #32]	@ (100013f0 <alarm_pool_add_alarm_at_force_in_context+0xac>)
100013d0:	468c      	mov	ip, r1
100013d2:	4463      	add	r3, ip
100013d4:	601a      	str	r2, [r3, #0]
100013d6:	bd70      	pop	{r4, r5, r6, pc}
100013d8:	2201      	movs	r2, #1
100013da:	e7dd      	b.n	10001398 <alarm_pool_add_alarm_at_force_in_context+0x54>
100013dc:	690b      	ldr	r3, [r1, #16]
100013de:	f3bf 8f5f 	dmb	sy
100013e2:	2200      	movs	r2, #0
100013e4:	601a      	str	r2, [r3, #0]
100013e6:	f38c 8810 	msr	PRIMASK, ip
100013ea:	2001      	movs	r0, #1
100013ec:	4240      	negs	r0, r0
100013ee:	e7f2      	b.n	100013d6 <alarm_pool_add_alarm_at_force_in_context+0x92>
100013f0:	0000203c 	.word	0x0000203c

100013f4 <alarm_pool_cancel_alarm>:
100013f4:	b510      	push	{r4, lr}
100013f6:	8943      	ldrh	r3, [r0, #10]
100013f8:	140a      	asrs	r2, r1, #16
100013fa:	4293      	cmp	r3, r2
100013fc:	dd1a      	ble.n	10001434 <alarm_pool_cancel_alarm+0x40>
100013fe:	0053      	lsls	r3, r2, #1
10001400:	189b      	adds	r3, r3, r2
10001402:	6942      	ldr	r2, [r0, #20]
10001404:	00db      	lsls	r3, r3, #3
10001406:	18d3      	adds	r3, r2, r3
10001408:	6904      	ldr	r4, [r0, #16]
1000140a:	f3ef 8c10 	mrs	ip, PRIMASK
1000140e:	b672      	cpsid	i
10001410:	6822      	ldr	r2, [r4, #0]
10001412:	2a00      	cmp	r2, #0
10001414:	d0fc      	beq.n	10001410 <alarm_pool_cancel_alarm+0x1c>
10001416:	f3bf 8f5f 	dmb	sy
1000141a:	885a      	ldrh	r2, [r3, #2]
1000141c:	0409      	lsls	r1, r1, #16
1000141e:	b294      	uxth	r4, r2
10001420:	0c09      	lsrs	r1, r1, #16
10001422:	428a      	cmp	r2, r1
10001424:	d008      	beq.n	10001438 <alarm_pool_cancel_alarm+0x44>
10001426:	6903      	ldr	r3, [r0, #16]
10001428:	f3bf 8f5f 	dmb	sy
1000142c:	2200      	movs	r2, #0
1000142e:	601a      	str	r2, [r3, #0]
10001430:	f38c 8810 	msr	PRIMASK, ip
10001434:	2000      	movs	r0, #0
10001436:	bd10      	pop	{r4, pc}
10001438:	2280      	movs	r2, #128	@ 0x80
1000143a:	0212      	lsls	r2, r2, #8
1000143c:	4314      	orrs	r4, r2
1000143e:	805c      	strh	r4, [r3, #2]
10001440:	2301      	movs	r3, #1
10001442:	6902      	ldr	r2, [r0, #16]
10001444:	7183      	strb	r3, [r0, #6]
10001446:	f3bf 8f5f 	dmb	sy
1000144a:	2100      	movs	r1, #0
1000144c:	6011      	str	r1, [r2, #0]
1000144e:	f38c 8810 	msr	PRIMASK, ip
10001452:	4904      	ldr	r1, [pc, #16]	@ (10001464 <alarm_pool_cancel_alarm+0x70>)
10001454:	7802      	ldrb	r2, [r0, #0]
10001456:	468c      	mov	ip, r1
10001458:	4093      	lsls	r3, r2
1000145a:	68c2      	ldr	r2, [r0, #12]
1000145c:	2001      	movs	r0, #1
1000145e:	4462      	add	r2, ip
10001460:	6013      	str	r3, [r2, #0]
10001462:	e7e8      	b.n	10001436 <alarm_pool_cancel_alarm+0x42>
10001464:	0000203c 	.word	0x0000203c

10001468 <alarm_pool_core_num>:
10001468:	7840      	ldrb	r0, [r0, #1]
1000146a:	4770      	bx	lr

1000146c <best_effort_wfe_or_timeout>:
1000146c:	b5f0      	push	{r4, r5, r6, r7, lr}
1000146e:	46d6      	mov	lr, sl
10001470:	464f      	mov	r7, r9
10001472:	4646      	mov	r6, r8
10001474:	b5c0      	push	{r6, r7, lr}
10001476:	0004      	movs	r4, r0
10001478:	000d      	movs	r5, r1
1000147a:	b082      	sub	sp, #8
1000147c:	f3ef 8705 	mrs	r7, IPSR
10001480:	4689      	mov	r9, r1
10001482:	2f00      	cmp	r7, #0
10001484:	d00e      	beq.n	100014a4 <best_effort_wfe_or_timeout+0x38>
10001486:	4934      	ldr	r1, [pc, #208]	@ (10001558 <best_effort_wfe_or_timeout+0xec>)
10001488:	2000      	movs	r0, #0
1000148a:	6a4b      	ldr	r3, [r1, #36]	@ 0x24
1000148c:	42ab      	cmp	r3, r5
1000148e:	d303      	bcc.n	10001498 <best_effort_wfe_or_timeout+0x2c>
10001490:	6a8a      	ldr	r2, [r1, #40]	@ 0x28
10001492:	3001      	adds	r0, #1
10001494:	42a2      	cmp	r2, r4
10001496:	d326      	bcc.n	100014e6 <best_effort_wfe_or_timeout+0x7a>
10001498:	b002      	add	sp, #8
1000149a:	bce0      	pop	{r5, r6, r7}
1000149c:	46ba      	mov	sl, r7
1000149e:	46b1      	mov	r9, r6
100014a0:	46a8      	mov	r8, r5
100014a2:	bdf0      	pop	{r4, r5, r6, r7, pc}
100014a4:	4b2d      	ldr	r3, [pc, #180]	@ (1000155c <best_effort_wfe_or_timeout+0xf0>)
100014a6:	4698      	mov	r8, r3
100014a8:	68db      	ldr	r3, [r3, #12]
100014aa:	469a      	mov	sl, r3
100014ac:	4643      	mov	r3, r8
100014ae:	4650      	mov	r0, sl
100014b0:	781e      	ldrb	r6, [r3, #0]
100014b2:	f000 f861 	bl	10001578 <timer_time_us_64>
100014b6:	000b      	movs	r3, r1
100014b8:	4651      	mov	r1, sl
100014ba:	0002      	movs	r2, r0
100014bc:	3604      	adds	r6, #4
100014be:	00b6      	lsls	r6, r6, #2
100014c0:	5871      	ldr	r1, [r6, r1]
100014c2:	0020      	movs	r0, r4
100014c4:	1a8e      	subs	r6, r1, r2
100014c6:	0029      	movs	r1, r5
100014c8:	1a80      	subs	r0, r0, r2
100014ca:	4199      	sbcs	r1, r3
100014cc:	428f      	cmp	r7, r1
100014ce:	dc11      	bgt.n	100014f4 <best_effort_wfe_or_timeout+0x88>
100014d0:	d00e      	beq.n	100014f0 <best_effort_wfe_or_timeout+0x84>
100014d2:	bf20      	wfe
100014d4:	4a20      	ldr	r2, [pc, #128]	@ (10001558 <best_effort_wfe_or_timeout+0xec>)
100014d6:	2000      	movs	r0, #0
100014d8:	6a53      	ldr	r3, [r2, #36]	@ 0x24
100014da:	454b      	cmp	r3, r9
100014dc:	d3dc      	bcc.n	10001498 <best_effort_wfe_or_timeout+0x2c>
100014de:	6a92      	ldr	r2, [r2, #40]	@ 0x28
100014e0:	3001      	adds	r0, #1
100014e2:	42a2      	cmp	r2, r4
100014e4:	d2d8      	bcs.n	10001498 <best_effort_wfe_or_timeout+0x2c>
100014e6:	1b5b      	subs	r3, r3, r5
100014e8:	1e5a      	subs	r2, r3, #1
100014ea:	4193      	sbcs	r3, r2
100014ec:	b2d8      	uxtb	r0, r3
100014ee:	e7d3      	b.n	10001498 <best_effort_wfe_or_timeout+0x2c>
100014f0:	4286      	cmp	r6, r0
100014f2:	d9ee      	bls.n	100014d2 <best_effort_wfe_or_timeout+0x66>
100014f4:	f000 f848 	bl	10001588 <time_us_64>
100014f8:	0022      	movs	r2, r4
100014fa:	002b      	movs	r3, r5
100014fc:	1a12      	subs	r2, r2, r0
100014fe:	418b      	sbcs	r3, r1
10001500:	2b00      	cmp	r3, #0
10001502:	db1a      	blt.n	1000153a <best_effort_wfe_or_timeout+0xce>
10001504:	2300      	movs	r3, #0
10001506:	9301      	str	r3, [sp, #4]
10001508:	4b15      	ldr	r3, [pc, #84]	@ (10001560 <best_effort_wfe_or_timeout+0xf4>)
1000150a:	0022      	movs	r2, r4
1000150c:	9300      	str	r3, [sp, #0]
1000150e:	4640      	mov	r0, r8
10001510:	002b      	movs	r3, r5
10001512:	f7ff ff17 	bl	10001344 <alarm_pool_add_alarm_at_force_in_context>
10001516:	1e01      	subs	r1, r0, #0
10001518:	dd0f      	ble.n	1000153a <best_effort_wfe_or_timeout+0xce>
1000151a:	4b0f      	ldr	r3, [pc, #60]	@ (10001558 <best_effort_wfe_or_timeout+0xec>)
1000151c:	6a5a      	ldr	r2, [r3, #36]	@ 0x24
1000151e:	454a      	cmp	r2, r9
10001520:	d317      	bcc.n	10001552 <best_effort_wfe_or_timeout+0xe6>
10001522:	6a9b      	ldr	r3, [r3, #40]	@ 0x28
10001524:	42a3      	cmp	r3, r4
10001526:	d312      	bcc.n	1000154e <best_effort_wfe_or_timeout+0xe2>
10001528:	4640      	mov	r0, r8
1000152a:	f7ff ff63 	bl	100013f4 <alarm_pool_cancel_alarm>
1000152e:	4a0a      	ldr	r2, [pc, #40]	@ (10001558 <best_effort_wfe_or_timeout+0xec>)
10001530:	2000      	movs	r0, #0
10001532:	6a53      	ldr	r3, [r2, #36]	@ 0x24
10001534:	454b      	cmp	r3, r9
10001536:	d3af      	bcc.n	10001498 <best_effort_wfe_or_timeout+0x2c>
10001538:	e7d1      	b.n	100014de <best_effort_wfe_or_timeout+0x72>
1000153a:	4a07      	ldr	r2, [pc, #28]	@ (10001558 <best_effort_wfe_or_timeout+0xec>)
1000153c:	2000      	movs	r0, #0
1000153e:	6a53      	ldr	r3, [r2, #36]	@ 0x24
10001540:	454b      	cmp	r3, r9
10001542:	d3a9      	bcc.n	10001498 <best_effort_wfe_or_timeout+0x2c>
10001544:	6a92      	ldr	r2, [r2, #40]	@ 0x28
10001546:	2001      	movs	r0, #1
10001548:	42a2      	cmp	r2, r4
1000154a:	d2a5      	bcs.n	10001498 <best_effort_wfe_or_timeout+0x2c>
1000154c:	e7cb      	b.n	100014e6 <best_effort_wfe_or_timeout+0x7a>
1000154e:	454a      	cmp	r2, r9
10001550:	d1ea      	bne.n	10001528 <best_effort_wfe_or_timeout+0xbc>
10001552:	bf20      	wfe
10001554:	e7e8      	b.n	10001528 <best_effort_wfe_or_timeout+0xbc>
10001556:	46c0      	nop			@ (mov r8, r8)
10001558:	40054000 	.word	0x40054000
1000155c:	20000fa4 	.word	0x20000fa4
10001560:	10001169 	.word	0x10001169

10001564 <timer_hardware_alarm_claim>:
10001564:	b510      	push	{r4, lr}
10001566:	4a02      	ldr	r2, [pc, #8]	@ (10001570 <timer_hardware_alarm_claim+0xc>)
10001568:	4802      	ldr	r0, [pc, #8]	@ (10001574 <timer_hardware_alarm_claim+0x10>)
1000156a:	f7ff f8af 	bl	100006cc <hw_claim_or_assert>
1000156e:	bd10      	pop	{r4, pc}
10001570:	10009358 	.word	0x10009358
10001574:	20001b6c 	.word	0x20001b6c

10001578 <timer_time_us_64>:
10001578:	0003      	movs	r3, r0
1000157a:	6a41      	ldr	r1, [r0, #36]	@ 0x24
1000157c:	000a      	movs	r2, r1
1000157e:	6a98      	ldr	r0, [r3, #40]	@ 0x28
10001580:	6a59      	ldr	r1, [r3, #36]	@ 0x24
10001582:	428a      	cmp	r2, r1
10001584:	d1fa      	bne.n	1000157c <timer_time_us_64+0x4>
10001586:	4770      	bx	lr

10001588 <time_us_64>:
10001588:	4b03      	ldr	r3, [pc, #12]	@ (10001598 <time_us_64+0x10>)
1000158a:	6a59      	ldr	r1, [r3, #36]	@ 0x24
1000158c:	000a      	movs	r2, r1
1000158e:	6a98      	ldr	r0, [r3, #40]	@ 0x28
10001590:	6a59      	ldr	r1, [r3, #36]	@ 0x24
10001592:	4291      	cmp	r1, r2
10001594:	d1fa      	bne.n	1000158c <time_us_64+0x4>
10001596:	4770      	bx	lr
10001598:	40054000 	.word	0x40054000

1000159c <busy_wait_us>:
1000159c:	b570      	push	{r4, r5, r6, lr}
1000159e:	0004      	movs	r4, r0
100015a0:	000d      	movs	r5, r1
100015a2:	4a17      	ldr	r2, [pc, #92]	@ (10001600 <busy_wait_us+0x64>)
100015a4:	6a53      	ldr	r3, [r2, #36]	@ 0x24
100015a6:	0019      	movs	r1, r3
100015a8:	6a96      	ldr	r6, [r2, #40]	@ 0x28
100015aa:	6a53      	ldr	r3, [r2, #36]	@ 0x24
100015ac:	428b      	cmp	r3, r1
100015ae:	d1fa      	bne.n	100015a6 <busy_wait_us+0xa>
100015b0:	0030      	movs	r0, r6
100015b2:	0019      	movs	r1, r3
100015b4:	1824      	adds	r4, r4, r0
100015b6:	414d      	adcs	r5, r1
100015b8:	42ab      	cmp	r3, r5
100015ba:	d816      	bhi.n	100015ea <busy_wait_us+0x4e>
100015bc:	d013      	beq.n	100015e6 <busy_wait_us+0x4a>
100015be:	4a10      	ldr	r2, [pc, #64]	@ (10001600 <busy_wait_us+0x64>)
100015c0:	002b      	movs	r3, r5
100015c2:	6a52      	ldr	r2, [r2, #36]	@ 0x24
100015c4:	4295      	cmp	r5, r2
100015c6:	d903      	bls.n	100015d0 <busy_wait_us+0x34>
100015c8:	490d      	ldr	r1, [pc, #52]	@ (10001600 <busy_wait_us+0x64>)
100015ca:	6a4a      	ldr	r2, [r1, #36]	@ 0x24
100015cc:	429a      	cmp	r2, r3
100015ce:	d3fc      	bcc.n	100015ca <busy_wait_us+0x2e>
100015d0:	429a      	cmp	r2, r3
100015d2:	d107      	bne.n	100015e4 <busy_wait_us+0x48>
100015d4:	4a0a      	ldr	r2, [pc, #40]	@ (10001600 <busy_wait_us+0x64>)
100015d6:	e002      	b.n	100015de <busy_wait_us+0x42>
100015d8:	6a51      	ldr	r1, [r2, #36]	@ 0x24
100015da:	4299      	cmp	r1, r3
100015dc:	d102      	bne.n	100015e4 <busy_wait_us+0x48>
100015de:	6a91      	ldr	r1, [r2, #40]	@ 0x28
100015e0:	42a1      	cmp	r1, r4
100015e2:	d3f9      	bcc.n	100015d8 <busy_wait_us+0x3c>
100015e4:	bd70      	pop	{r4, r5, r6, pc}
100015e6:	42a6      	cmp	r6, r4
100015e8:	d9e9      	bls.n	100015be <busy_wait_us+0x22>
100015ea:	4b05      	ldr	r3, [pc, #20]	@ (10001600 <busy_wait_us+0x64>)
100015ec:	6a5b      	ldr	r3, [r3, #36]	@ 0x24
100015ee:	001c      	movs	r4, r3
100015f0:	1c5a      	adds	r2, r3, #1
100015f2:	d0ef      	beq.n	100015d4 <busy_wait_us+0x38>
100015f4:	2301      	movs	r3, #1
100015f6:	2401      	movs	r4, #1
100015f8:	4264      	negs	r4, r4
100015fa:	17e5      	asrs	r5, r4, #31
100015fc:	425b      	negs	r3, r3
100015fe:	e7e3      	b.n	100015c8 <busy_wait_us+0x2c>
10001600:	40054000 	.word	0x40054000

10001604 <uart_init>:
10001604:	b5f8      	push	{r3, r4, r5, r6, r7, lr}
10001606:	0004      	movs	r4, r0
10001608:	2006      	movs	r0, #6
1000160a:	000d      	movs	r5, r1
1000160c:	f000 f978 	bl	10001900 <clock_get_hz>
10001610:	2800      	cmp	r0, #0
10001612:	d044      	beq.n	1000169e <uart_init+0x9a>
10001614:	4b37      	ldr	r3, [pc, #220]	@ (100016f4 <uart_init+0xf0>)
10001616:	4938      	ldr	r1, [pc, #224]	@ (100016f8 <uart_init+0xf4>)
10001618:	18e3      	adds	r3, r4, r3
1000161a:	1e5a      	subs	r2, r3, #1
1000161c:	4193      	sbcs	r3, r2
1000161e:	2280      	movs	r2, #128	@ 0x80
10001620:	0412      	lsls	r2, r2, #16
10001622:	4694      	mov	ip, r2
10001624:	425b      	negs	r3, r3
10001626:	0d9b      	lsrs	r3, r3, #22
10001628:	4a34      	ldr	r2, [pc, #208]	@ (100016fc <uart_init+0xf8>)
1000162a:	059b      	lsls	r3, r3, #22
1000162c:	4463      	add	r3, ip
1000162e:	6013      	str	r3, [r2, #0]
10001630:	4a33      	ldr	r2, [pc, #204]	@ (10001700 <uart_init+0xfc>)
10001632:	6013      	str	r3, [r2, #0]
10001634:	0018      	movs	r0, r3
10001636:	680a      	ldr	r2, [r1, #0]
10001638:	4390      	bics	r0, r2
1000163a:	d1fb      	bne.n	10001634 <uart_init+0x30>
1000163c:	4b2d      	ldr	r3, [pc, #180]	@ (100016f4 <uart_init+0xf0>)
1000163e:	4a31      	ldr	r2, [pc, #196]	@ (10001704 <uart_init+0x100>)
10001640:	18e3      	adds	r3, r4, r3
10001642:	4259      	negs	r1, r3
10001644:	414b      	adcs	r3, r1
10001646:	2180      	movs	r1, #128	@ 0x80
10001648:	005b      	lsls	r3, r3, #1
1000164a:	0049      	lsls	r1, r1, #1
1000164c:	2006      	movs	r0, #6
1000164e:	5299      	strh	r1, [r3, r2]
10001650:	f000 f956 	bl	10001900 <clock_get_hz>
10001654:	0029      	movs	r1, r5
10001656:	00c0      	lsls	r0, r0, #3
10001658:	f000 fb62 	bl	10001d20 <__wrap___aeabi_uidiv>
1000165c:	3001      	adds	r0, #1
1000165e:	09c3      	lsrs	r3, r0, #7
10001660:	d11e      	bne.n	100016a0 <uart_init+0x9c>
10001662:	2740      	movs	r7, #64	@ 0x40
10001664:	2201      	movs	r2, #1
10001666:	6262      	str	r2, [r4, #36]	@ 0x24
10001668:	62a3      	str	r3, [r4, #40]	@ 0x28
1000166a:	6b26      	ldr	r6, [r4, #48]	@ 0x30
1000166c:	07f3      	lsls	r3, r6, #31
1000166e:	d422      	bmi.n	100016b6 <uart_init+0xb2>
10001670:	6ae3      	ldr	r3, [r4, #44]	@ 0x2c
10001672:	4b25      	ldr	r3, [pc, #148]	@ (10001708 <uart_init+0x104>)
10001674:	2006      	movs	r0, #6
10001676:	18e5      	adds	r5, r4, r3
10001678:	2300      	movs	r3, #0
1000167a:	602b      	str	r3, [r5, #0]
1000167c:	6326      	str	r6, [r4, #48]	@ 0x30
1000167e:	f000 f93f 	bl	10001900 <clock_get_hz>
10001682:	0039      	movs	r1, r7
10001684:	0080      	lsls	r0, r0, #2
10001686:	f000 fb4b 	bl	10001d20 <__wrap___aeabi_uidiv>
1000168a:	2370      	movs	r3, #112	@ 0x70
1000168c:	6ae2      	ldr	r2, [r4, #44]	@ 0x2c
1000168e:	405a      	eors	r2, r3
10001690:	330e      	adds	r3, #14
10001692:	4013      	ands	r3, r2
10001694:	602b      	str	r3, [r5, #0]
10001696:	4b1d      	ldr	r3, [pc, #116]	@ (1000170c <uart_init+0x108>)
10001698:	6323      	str	r3, [r4, #48]	@ 0x30
1000169a:	2303      	movs	r3, #3
1000169c:	64a3      	str	r3, [r4, #72]	@ 0x48
1000169e:	bdf8      	pop	{r3, r4, r5, r6, r7, pc}
100016a0:	4a1b      	ldr	r2, [pc, #108]	@ (10001710 <uart_init+0x10c>)
100016a2:	4293      	cmp	r3, r2
100016a4:	d91e      	bls.n	100016e4 <uart_init+0xe0>
100016a6:	2300      	movs	r3, #0
100016a8:	4a1a      	ldr	r2, [pc, #104]	@ (10001714 <uart_init+0x110>)
100016aa:	4f1b      	ldr	r7, [pc, #108]	@ (10001718 <uart_init+0x114>)
100016ac:	6262      	str	r2, [r4, #36]	@ 0x24
100016ae:	62a3      	str	r3, [r4, #40]	@ 0x28
100016b0:	6b26      	ldr	r6, [r4, #48]	@ 0x30
100016b2:	07f3      	lsls	r3, r6, #31
100016b4:	d5dc      	bpl.n	10001670 <uart_init+0x6c>
100016b6:	4b19      	ldr	r3, [pc, #100]	@ (1000171c <uart_init+0x118>)
100016b8:	4a14      	ldr	r2, [pc, #80]	@ (1000170c <uart_init+0x108>)
100016ba:	18e3      	adds	r3, r4, r3
100016bc:	601a      	str	r2, [r3, #0]
100016be:	6a65      	ldr	r5, [r4, #36]	@ 0x24
100016c0:	6aa3      	ldr	r3, [r4, #40]	@ 0x28
100016c2:	2006      	movs	r0, #6
100016c4:	01ad      	lsls	r5, r5, #6
100016c6:	18ed      	adds	r5, r5, r3
100016c8:	f000 f91a 	bl	10001900 <clock_get_hz>
100016cc:	4914      	ldr	r1, [pc, #80]	@ (10001720 <uart_init+0x11c>)
100016ce:	f000 fb27 	bl	10001d20 <__wrap___aeabi_uidiv>
100016d2:	02ad      	lsls	r5, r5, #10
100016d4:	0001      	movs	r1, r0
100016d6:	0028      	movs	r0, r5
100016d8:	f000 fb22 	bl	10001d20 <__wrap___aeabi_uidiv>
100016dc:	2100      	movs	r1, #0
100016de:	f7ff ff5d 	bl	1000159c <busy_wait_us>
100016e2:	e7c5      	b.n	10001670 <uart_init+0x6c>
100016e4:	0640      	lsls	r0, r0, #25
100016e6:	0e80      	lsrs	r0, r0, #26
100016e8:	019f      	lsls	r7, r3, #6
100016ea:	001a      	movs	r2, r3
100016ec:	183f      	adds	r7, r7, r0
100016ee:	0003      	movs	r3, r0
100016f0:	e7b9      	b.n	10001666 <uart_init+0x62>
100016f2:	46c0      	nop			@ (mov r8, r8)
100016f4:	bffc8000 	.word	0xbffc8000
100016f8:	4000c008 	.word	0x4000c008
100016fc:	4000e000 	.word	0x4000e000
10001700:	4000f000 	.word	0x4000f000
10001704:	200023a4 	.word	0x200023a4
10001708:	0000102c 	.word	0x0000102c
1000170c:	00000301 	.word	0x00000301
10001710:	0000fffe 	.word	0x0000fffe
10001714:	0000ffff 	.word	0x0000ffff
10001718:	003fffc0 	.word	0x003fffc0
1000171c:	00003030 	.word	0x00003030
10001720:	00000e4e 	.word	0x00000e4e

10001724 <clock_configure_int_divider>:
10001724:	b5f8      	push	{r3, r4, r5, r6, r7, lr}
10001726:	46de      	mov	lr, fp
10001728:	464e      	mov	r6, r9
1000172a:	4657      	mov	r7, sl
1000172c:	4645      	mov	r5, r8
1000172e:	b5e0      	push	{r5, r6, r7, lr}
10001730:	468b      	mov	fp, r1
10001732:	0005      	movs	r5, r0
10001734:	990a      	ldr	r1, [sp, #40]	@ 0x28
10001736:	0018      	movs	r0, r3
10001738:	0016      	movs	r6, r2
1000173a:	f000 faf1 	bl	10001d20 <__wrap___aeabi_uidiv>
1000173e:	9b0a      	ldr	r3, [sp, #40]	@ 0x28
10001740:	006c      	lsls	r4, r5, #1
10001742:	021f      	lsls	r7, r3, #8
10001744:	4b32      	ldr	r3, [pc, #200]	@ (10001810 <clock_configure_int_divider+0xec>)
10001746:	1964      	adds	r4, r4, r5
10001748:	469c      	mov	ip, r3
1000174a:	00a4      	lsls	r4, r4, #2
1000174c:	4464      	add	r4, ip
1000174e:	6863      	ldr	r3, [r4, #4]
10001750:	4681      	mov	r9, r0
10001752:	429f      	cmp	r7, r3
10001754:	d900      	bls.n	10001758 <clock_configure_int_divider+0x34>
10001756:	6067      	str	r7, [r4, #4]
10001758:	1f2b      	subs	r3, r5, #4
1000175a:	b2db      	uxtb	r3, r3
1000175c:	4698      	mov	r8, r3
1000175e:	2b01      	cmp	r3, #1
10001760:	d930      	bls.n	100017c4 <clock_configure_int_divider+0xa0>
10001762:	23c0      	movs	r3, #192	@ 0xc0
10001764:	2280      	movs	r2, #128	@ 0x80
10001766:	019b      	lsls	r3, r3, #6
10001768:	18e3      	adds	r3, r4, r3
1000176a:	0112      	lsls	r2, r2, #4
1000176c:	601a      	str	r2, [r3, #0]
1000176e:	4b29      	ldr	r3, [pc, #164]	@ (10001814 <clock_configure_int_divider+0xf0>)
10001770:	00ad      	lsls	r5, r5, #2
10001772:	5959      	ldr	r1, [r3, r5]
10001774:	469a      	mov	sl, r3
10001776:	2900      	cmp	r1, #0
10001778:	d11b      	bne.n	100017b2 <clock_configure_int_divider+0x8e>
1000177a:	0173      	lsls	r3, r6, #5
1000177c:	26e0      	movs	r6, #224	@ 0xe0
1000177e:	6822      	ldr	r2, [r4, #0]
10001780:	4053      	eors	r3, r2
10001782:	401e      	ands	r6, r3
10001784:	2380      	movs	r3, #128	@ 0x80
10001786:	4642      	mov	r2, r8
10001788:	015b      	lsls	r3, r3, #5
1000178a:	18e3      	adds	r3, r4, r3
1000178c:	601e      	str	r6, [r3, #0]
1000178e:	2a01      	cmp	r2, #1
10001790:	d930      	bls.n	100017f4 <clock_configure_int_divider+0xd0>
10001792:	2380      	movs	r3, #128	@ 0x80
10001794:	2280      	movs	r2, #128	@ 0x80
10001796:	019b      	lsls	r3, r3, #6
10001798:	18e3      	adds	r3, r4, r3
1000179a:	0112      	lsls	r2, r2, #4
1000179c:	601a      	str	r2, [r3, #0]
1000179e:	4653      	mov	r3, sl
100017a0:	464a      	mov	r2, r9
100017a2:	6067      	str	r7, [r4, #4]
100017a4:	515a      	str	r2, [r3, r5]
100017a6:	bcf0      	pop	{r4, r5, r6, r7}
100017a8:	46bb      	mov	fp, r7
100017aa:	46b2      	mov	sl, r6
100017ac:	46a9      	mov	r9, r5
100017ae:	46a0      	mov	r8, r4
100017b0:	bdf8      	pop	{r3, r4, r5, r6, r7, pc}
100017b2:	6958      	ldr	r0, [r3, #20]
100017b4:	f000 fab4 	bl	10001d20 <__wrap___aeabi_uidiv>
100017b8:	3001      	adds	r0, #1
100017ba:	0043      	lsls	r3, r0, #1
100017bc:	181b      	adds	r3, r3, r0
100017be:	3b03      	subs	r3, #3
100017c0:	d2fd      	bcs.n	100017be <clock_configure_int_divider+0x9a>
100017c2:	e7da      	b.n	1000177a <clock_configure_int_divider+0x56>
100017c4:	465b      	mov	r3, fp
100017c6:	2b01      	cmp	r3, #1
100017c8:	d1cb      	bne.n	10001762 <clock_configure_int_divider+0x3e>
100017ca:	23c0      	movs	r3, #192	@ 0xc0
100017cc:	2203      	movs	r2, #3
100017ce:	019b      	lsls	r3, r3, #6
100017d0:	18e3      	adds	r3, r4, r3
100017d2:	601a      	str	r2, [r3, #0]
100017d4:	3a02      	subs	r2, #2
100017d6:	68a3      	ldr	r3, [r4, #8]
100017d8:	421a      	tst	r2, r3
100017da:	d0fc      	beq.n	100017d6 <clock_configure_int_divider+0xb2>
100017dc:	0173      	lsls	r3, r6, #5
100017de:	26e0      	movs	r6, #224	@ 0xe0
100017e0:	6822      	ldr	r2, [r4, #0]
100017e2:	00ad      	lsls	r5, r5, #2
100017e4:	4053      	eors	r3, r2
100017e6:	401e      	ands	r6, r3
100017e8:	2380      	movs	r3, #128	@ 0x80
100017ea:	4a0a      	ldr	r2, [pc, #40]	@ (10001814 <clock_configure_int_divider+0xf0>)
100017ec:	015b      	lsls	r3, r3, #5
100017ee:	4692      	mov	sl, r2
100017f0:	18e3      	adds	r3, r4, r3
100017f2:	601e      	str	r6, [r3, #0]
100017f4:	465a      	mov	r2, fp
100017f6:	6821      	ldr	r1, [r4, #0]
100017f8:	4051      	eors	r1, r2
100017fa:	2203      	movs	r2, #3
100017fc:	400a      	ands	r2, r1
100017fe:	601a      	str	r2, [r3, #0]
10001800:	2201      	movs	r2, #1
10001802:	465b      	mov	r3, fp
10001804:	409a      	lsls	r2, r3
10001806:	68a3      	ldr	r3, [r4, #8]
10001808:	421a      	tst	r2, r3
1000180a:	d0fc      	beq.n	10001806 <clock_configure_int_divider+0xe2>
1000180c:	e7c1      	b.n	10001792 <clock_configure_int_divider+0x6e>
1000180e:	46c0      	nop			@ (mov r8, r8)
10001810:	40008000 	.word	0x40008000
10001814:	20001b70 	.word	0x20001b70

10001818 <clock_configure_undivided>:
10001818:	b5f0      	push	{r4, r5, r6, r7, lr}
1000181a:	4646      	mov	r6, r8
1000181c:	464f      	mov	r7, r9
1000181e:	46d6      	mov	lr, sl
10001820:	b5c0      	push	{r6, r7, lr}
10001822:	001f      	movs	r7, r3
10001824:	4b34      	ldr	r3, [pc, #208]	@ (100018f8 <clock_configure_undivided+0xe0>)
10001826:	0044      	lsls	r4, r0, #1
10001828:	469c      	mov	ip, r3
1000182a:	1824      	adds	r4, r4, r0
1000182c:	00a4      	lsls	r4, r4, #2
1000182e:	4464      	add	r4, ip
10001830:	6863      	ldr	r3, [r4, #4]
10001832:	4688      	mov	r8, r1
10001834:	0016      	movs	r6, r2
10001836:	2bff      	cmp	r3, #255	@ 0xff
10001838:	d802      	bhi.n	10001840 <clock_configure_undivided+0x28>
1000183a:	2380      	movs	r3, #128	@ 0x80
1000183c:	005b      	lsls	r3, r3, #1
1000183e:	6063      	str	r3, [r4, #4]
10001840:	1f03      	subs	r3, r0, #4
10001842:	b2db      	uxtb	r3, r3
10001844:	469a      	mov	sl, r3
10001846:	2b01      	cmp	r3, #1
10001848:	d930      	bls.n	100018ac <clock_configure_undivided+0x94>
1000184a:	23c0      	movs	r3, #192	@ 0xc0
1000184c:	2280      	movs	r2, #128	@ 0x80
1000184e:	019b      	lsls	r3, r3, #6
10001850:	18e3      	adds	r3, r4, r3
10001852:	0112      	lsls	r2, r2, #4
10001854:	601a      	str	r2, [r3, #0]
10001856:	4b29      	ldr	r3, [pc, #164]	@ (100018fc <clock_configure_undivided+0xe4>)
10001858:	0085      	lsls	r5, r0, #2
1000185a:	5959      	ldr	r1, [r3, r5]
1000185c:	4699      	mov	r9, r3
1000185e:	2900      	cmp	r1, #0
10001860:	d11b      	bne.n	1000189a <clock_configure_undivided+0x82>
10001862:	0173      	lsls	r3, r6, #5
10001864:	26e0      	movs	r6, #224	@ 0xe0
10001866:	6822      	ldr	r2, [r4, #0]
10001868:	4053      	eors	r3, r2
1000186a:	401e      	ands	r6, r3
1000186c:	2380      	movs	r3, #128	@ 0x80
1000186e:	4652      	mov	r2, sl
10001870:	015b      	lsls	r3, r3, #5
10001872:	18e3      	adds	r3, r4, r3
10001874:	601e      	str	r6, [r3, #0]
10001876:	2a01      	cmp	r2, #1
10001878:	d930      	bls.n	100018dc <clock_configure_undivided+0xc4>
1000187a:	2380      	movs	r3, #128	@ 0x80
1000187c:	2280      	movs	r2, #128	@ 0x80
1000187e:	019b      	lsls	r3, r3, #6
10001880:	18e3      	adds	r3, r4, r3
10001882:	0112      	lsls	r2, r2, #4
10001884:	601a      	str	r2, [r3, #0]
10001886:	2380      	movs	r3, #128	@ 0x80
10001888:	005b      	lsls	r3, r3, #1
1000188a:	6063      	str	r3, [r4, #4]
1000188c:	464b      	mov	r3, r9
1000188e:	515f      	str	r7, [r3, r5]
10001890:	bce0      	pop	{r5, r6, r7}
10001892:	46ba      	mov	sl, r7
10001894:	46b1      	mov	r9, r6
10001896:	46a8      	mov	r8, r5
10001898:	bdf0      	pop	{r4, r5, r6, r7, pc}
1000189a:	6958      	ldr	r0, [r3, #20]
1000189c:	f000 fa40 	bl	10001d20 <__wrap___aeabi_uidiv>
100018a0:	3001      	adds	r0, #1
100018a2:	0043      	lsls	r3, r0, #1
100018a4:	181b      	adds	r3, r3, r0
100018a6:	3b03      	subs	r3, #3
100018a8:	d2fd      	bcs.n	100018a6 <clock_configure_undivided+0x8e>
100018aa:	e7da      	b.n	10001862 <clock_configure_undivided+0x4a>
100018ac:	4643      	mov	r3, r8
100018ae:	2b01      	cmp	r3, #1
100018b0:	d1cb      	bne.n	1000184a <clock_configure_undivided+0x32>
100018b2:	23c0      	movs	r3, #192	@ 0xc0
100018b4:	2203      	movs	r2, #3
100018b6:	019b      	lsls	r3, r3, #6
100018b8:	18e3      	adds	r3, r4, r3
100018ba:	601a      	str	r2, [r3, #0]
100018bc:	3a02      	subs	r2, #2
100018be:	68a3      	ldr	r3, [r4, #8]
100018c0:	421a      	tst	r2, r3
100018c2:	d0fc      	beq.n	100018be <clock_configure_undivided+0xa6>
100018c4:	0173      	lsls	r3, r6, #5
100018c6:	26e0      	movs	r6, #224	@ 0xe0
100018c8:	6822      	ldr	r2, [r4, #0]
100018ca:	0085      	lsls	r5, r0, #2
100018cc:	4053      	eors	r3, r2
100018ce:	401e      	ands	r6, r3
100018d0:	2380      	movs	r3, #128	@ 0x80
100018d2:	4a0a      	ldr	r2, [pc, #40]	@ (100018fc <clock_configure_undivided+0xe4>)
100018d4:	015b      	lsls	r3, r3, #5
100018d6:	4691      	mov	r9, r2
100018d8:	18e3      	adds	r3, r4, r3
100018da:	601e      	str	r6, [r3, #0]
100018dc:	4642      	mov	r2, r8
100018de:	6821      	ldr	r1, [r4, #0]
100018e0:	4051      	eors	r1, r2
100018e2:	2203      	movs	r2, #3
100018e4:	400a      	ands	r2, r1
100018e6:	601a      	str	r2, [r3, #0]
100018e8:	2301      	movs	r3, #1
100018ea:	4642      	mov	r2, r8
100018ec:	4093      	lsls	r3, r2
100018ee:	68a2      	ldr	r2, [r4, #8]
100018f0:	4213      	tst	r3, r2
100018f2:	d0fc      	beq.n	100018ee <clock_configure_undivided+0xd6>
100018f4:	e7c1      	b.n	1000187a <clock_configure_undivided+0x62>
100018f6:	46c0      	nop			@ (mov r8, r8)
100018f8:	40008000 	.word	0x40008000
100018fc:	20001b70 	.word	0x20001b70

10001900 <clock_get_hz>:
10001900:	4b01      	ldr	r3, [pc, #4]	@ (10001908 <clock_get_hz+0x8>)
10001902:	0080      	lsls	r0, r0, #2
10001904:	58c0      	ldr	r0, [r0, r3]
10001906:	4770      	bx	lr
10001908:	20001b70 	.word	0x20001b70

1000190c <pll_init>:
1000190c:	b5f8      	push	{r3, r4, r5, r6, r7, lr}
1000190e:	0004      	movs	r4, r0
10001910:	4821      	ldr	r0, [pc, #132]	@ (10001998 <pll_init+0x8c>)
10001912:	001e      	movs	r6, r3
10001914:	0017      	movs	r7, r2
10001916:	000d      	movs	r5, r1
10001918:	f000 fa02 	bl	10001d20 <__wrap___aeabi_uidiv>
1000191c:	0001      	movs	r1, r0
1000191e:	0038      	movs	r0, r7
10001920:	f000 f9fe 	bl	10001d20 <__wrap___aeabi_uidiv>
10001924:	9b06      	ldr	r3, [sp, #24]
10001926:	0436      	lsls	r6, r6, #16
10001928:	031b      	lsls	r3, r3, #12
1000192a:	431e      	orrs	r6, r3
1000192c:	6823      	ldr	r3, [r4, #0]
1000192e:	2b00      	cmp	r3, #0
10001930:	db20      	blt.n	10001974 <pll_init+0x68>
10001932:	4b1a      	ldr	r3, [pc, #104]	@ (1000199c <pll_init+0x90>)
10001934:	491a      	ldr	r1, [pc, #104]	@ (100019a0 <pll_init+0x94>)
10001936:	18e3      	adds	r3, r4, r3
10001938:	1e5a      	subs	r2, r3, #1
1000193a:	4193      	sbcs	r3, r2
1000193c:	2280      	movs	r2, #128	@ 0x80
1000193e:	0192      	lsls	r2, r2, #6
10001940:	4694      	mov	ip, r2
10001942:	425b      	negs	r3, r3
10001944:	0b1b      	lsrs	r3, r3, #12
10001946:	4a17      	ldr	r2, [pc, #92]	@ (100019a4 <pll_init+0x98>)
10001948:	031b      	lsls	r3, r3, #12
1000194a:	4463      	add	r3, ip
1000194c:	6013      	str	r3, [r2, #0]
1000194e:	4a16      	ldr	r2, [pc, #88]	@ (100019a8 <pll_init+0x9c>)
10001950:	6013      	str	r3, [r2, #0]
10001952:	001f      	movs	r7, r3
10001954:	680a      	ldr	r2, [r1, #0]
10001956:	4397      	bics	r7, r2
10001958:	d1fb      	bne.n	10001952 <pll_init+0x46>
1000195a:	4b14      	ldr	r3, [pc, #80]	@ (100019ac <pll_init+0xa0>)
1000195c:	6025      	str	r5, [r4, #0]
1000195e:	18e2      	adds	r2, r4, r3
10001960:	2321      	movs	r3, #33	@ 0x21
10001962:	60a0      	str	r0, [r4, #8]
10001964:	6013      	str	r3, [r2, #0]
10001966:	6823      	ldr	r3, [r4, #0]
10001968:	2b00      	cmp	r3, #0
1000196a:	dafc      	bge.n	10001966 <pll_init+0x5a>
1000196c:	2308      	movs	r3, #8
1000196e:	60e6      	str	r6, [r4, #12]
10001970:	6013      	str	r3, [r2, #0]
10001972:	bdf8      	pop	{r3, r4, r5, r6, r7, pc}
10001974:	233f      	movs	r3, #63	@ 0x3f
10001976:	6822      	ldr	r2, [r4, #0]
10001978:	4013      	ands	r3, r2
1000197a:	42ab      	cmp	r3, r5
1000197c:	d1d9      	bne.n	10001932 <pll_init+0x26>
1000197e:	68a3      	ldr	r3, [r4, #8]
10001980:	051b      	lsls	r3, r3, #20
10001982:	0d1b      	lsrs	r3, r3, #20
10001984:	4283      	cmp	r3, r0
10001986:	d1d4      	bne.n	10001932 <pll_init+0x26>
10001988:	22ee      	movs	r2, #238	@ 0xee
1000198a:	68e3      	ldr	r3, [r4, #12]
1000198c:	02d2      	lsls	r2, r2, #11
1000198e:	4013      	ands	r3, r2
10001990:	42b3      	cmp	r3, r6
10001992:	d1ce      	bne.n	10001932 <pll_init+0x26>
10001994:	e7ed      	b.n	10001972 <pll_init+0x66>
10001996:	46c0      	nop			@ (mov r8, r8)
10001998:	00b71b00 	.word	0x00b71b00
1000199c:	bffd4000 	.word	0xbffd4000
100019a0:	4000c008 	.word	0x4000c008
100019a4:	4000e000 	.word	0x4000e000
100019a8:	4000f000 	.word	0x4000f000
100019ac:	00003004 	.word	0x00003004

100019b0 <watchdog_reboot>:
100019b0:	b510      	push	{r4, lr}
100019b2:	2480      	movs	r4, #128	@ 0x80
100019b4:	4b1c      	ldr	r3, [pc, #112]	@ (10001a28 <watchdog_reboot+0x78>)
100019b6:	05e4      	lsls	r4, r4, #23
100019b8:	601c      	str	r4, [r3, #0]
100019ba:	2800      	cmp	r0, #0
100019bc:	d01a      	beq.n	100019f4 <watchdog_reboot+0x44>
100019be:	2301      	movs	r3, #1
100019c0:	4c1a      	ldr	r4, [pc, #104]	@ (10001a2c <watchdog_reboot+0x7c>)
100019c2:	4318      	orrs	r0, r3
100019c4:	4b1a      	ldr	r3, [pc, #104]	@ (10001a30 <watchdog_reboot+0x80>)
100019c6:	61dc      	str	r4, [r3, #28]
100019c8:	4c1a      	ldr	r4, [pc, #104]	@ (10001a34 <watchdog_reboot+0x84>)
100019ca:	4044      	eors	r4, r0
100019cc:	621c      	str	r4, [r3, #32]
100019ce:	6259      	str	r1, [r3, #36]	@ 0x24
100019d0:	6298      	str	r0, [r3, #40]	@ 0x28
100019d2:	2180      	movs	r1, #128	@ 0x80
100019d4:	4b14      	ldr	r3, [pc, #80]	@ (10001a28 <watchdog_reboot+0x78>)
100019d6:	05c9      	lsls	r1, r1, #23
100019d8:	6019      	str	r1, [r3, #0]
100019da:	4817      	ldr	r0, [pc, #92]	@ (10001a38 <watchdog_reboot+0x88>)
100019dc:	4917      	ldr	r1, [pc, #92]	@ (10001a3c <watchdog_reboot+0x8c>)
100019de:	6008      	str	r0, [r1, #0]
100019e0:	21e0      	movs	r1, #224	@ 0xe0
100019e2:	04c9      	lsls	r1, r1, #19
100019e4:	6019      	str	r1, [r3, #0]
100019e6:	2a00      	cmp	r2, #0
100019e8:	d107      	bne.n	100019fa <watchdog_reboot+0x4a>
100019ea:	2280      	movs	r2, #128	@ 0x80
100019ec:	4b14      	ldr	r3, [pc, #80]	@ (10001a40 <watchdog_reboot+0x90>)
100019ee:	0612      	lsls	r2, r2, #24
100019f0:	601a      	str	r2, [r3, #0]
100019f2:	bd10      	pop	{r4, pc}
100019f4:	4b0e      	ldr	r3, [pc, #56]	@ (10001a30 <watchdog_reboot+0x80>)
100019f6:	61d8      	str	r0, [r3, #28]
100019f8:	e7eb      	b.n	100019d2 <watchdog_reboot+0x22>
100019fa:	0153      	lsls	r3, r2, #5
100019fc:	1a9b      	subs	r3, r3, r2
100019fe:	009b      	lsls	r3, r3, #2
10001a00:	189a      	adds	r2, r3, r2
10001a02:	2380      	movs	r3, #128	@ 0x80
10001a04:	0112      	lsls	r2, r2, #4
10001a06:	045b      	lsls	r3, r3, #17
10001a08:	429a      	cmp	r2, r3
10001a0a:	d209      	bcs.n	10001a20 <watchdog_reboot+0x70>
10001a0c:	0013      	movs	r3, r2
10001a0e:	490d      	ldr	r1, [pc, #52]	@ (10001a44 <watchdog_reboot+0x94>)
10001a10:	600b      	str	r3, [r1, #0]
10001a12:	4b07      	ldr	r3, [pc, #28]	@ (10001a30 <watchdog_reboot+0x80>)
10001a14:	605a      	str	r2, [r3, #4]
10001a16:	2280      	movs	r2, #128	@ 0x80
10001a18:	4b09      	ldr	r3, [pc, #36]	@ (10001a40 <watchdog_reboot+0x90>)
10001a1a:	05d2      	lsls	r2, r2, #23
10001a1c:	601a      	str	r2, [r3, #0]
10001a1e:	e7e8      	b.n	100019f2 <watchdog_reboot+0x42>
10001a20:	4b09      	ldr	r3, [pc, #36]	@ (10001a48 <watchdog_reboot+0x98>)
10001a22:	001a      	movs	r2, r3
10001a24:	e7f3      	b.n	10001a0e <watchdog_reboot+0x5e>
10001a26:	46c0      	nop			@ (mov r8, r8)
10001a28:	4005b000 	.word	0x4005b000
10001a2c:	b007c0d3 	.word	0xb007c0d3
10001a30:	40058000 	.word	0x40058000
10001a34:	4ff83f2d 	.word	0x4ff83f2d
10001a38:	0001fffc 	.word	0x0001fffc
10001a3c:	40012008 	.word	0x40012008
10001a40:	4005a000 	.word	0x4005a000
10001a44:	20001fd0 	.word	0x20001fd0
10001a48:	00ffffff 	.word	0x00ffffff

10001a4c <tick_start>:
10001a4c:	2380      	movs	r3, #128	@ 0x80
10001a4e:	4a02      	ldr	r2, [pc, #8]	@ (10001a58 <tick_start+0xc>)
10001a50:	009b      	lsls	r3, r3, #2
10001a52:	430b      	orrs	r3, r1
10001a54:	62d3      	str	r3, [r2, #44]	@ 0x2c
10001a56:	4770      	bx	lr
10001a58:	40058000 	.word	0x40058000

10001a5c <rom_func_lookup>:
10001a5c:	2314      	movs	r3, #20
10001a5e:	b510      	push	{r4, lr}
10001a60:	0001      	movs	r1, r0
10001a62:	8818      	ldrh	r0, [r3, #0]
10001a64:	3304      	adds	r3, #4
10001a66:	881b      	ldrh	r3, [r3, #0]
10001a68:	4798      	blx	r3
10001a6a:	bd10      	pop	{r4, pc}

10001a6c <rom_data_lookup>:
10001a6c:	2316      	movs	r3, #22
10001a6e:	b510      	push	{r4, lr}
10001a70:	0001      	movs	r1, r0
10001a72:	8818      	ldrh	r0, [r3, #0]
10001a74:	3302      	adds	r3, #2
10001a76:	881b      	ldrh	r3, [r3, #0]
10001a78:	4798      	blx	r3
10001a7a:	bd10      	pop	{r4, pc}

10001a7c <rom_funcs_lookup>:
10001a7c:	b5f8      	push	{r3, r4, r5, r6, r7, lr}
10001a7e:	4647      	mov	r7, r8
10001a80:	46ce      	mov	lr, r9
10001a82:	b580      	push	{r7, lr}
10001a84:	1e0f      	subs	r7, r1, #0
10001a86:	d019      	beq.n	10001abc <rom_funcs_lookup+0x40>
10001a88:	2314      	movs	r3, #20
10001a8a:	4699      	mov	r9, r3
10001a8c:	3304      	adds	r3, #4
10001a8e:	0004      	movs	r4, r0
10001a90:	2500      	movs	r5, #0
10001a92:	2601      	movs	r6, #1
10001a94:	4698      	mov	r8, r3
10001a96:	464b      	mov	r3, r9
10001a98:	8818      	ldrh	r0, [r3, #0]
10001a9a:	4643      	mov	r3, r8
10001a9c:	6821      	ldr	r1, [r4, #0]
10001a9e:	881b      	ldrh	r3, [r3, #0]
10001aa0:	4798      	blx	r3
10001aa2:	c401      	stmia	r4!, {r0}
10001aa4:	1e43      	subs	r3, r0, #1
10001aa6:	4198      	sbcs	r0, r3
10001aa8:	3501      	adds	r5, #1
10001aaa:	4240      	negs	r0, r0
10001aac:	4006      	ands	r6, r0
10001aae:	42af      	cmp	r7, r5
10001ab0:	d1f1      	bne.n	10001a96 <rom_funcs_lookup+0x1a>
10001ab2:	0030      	movs	r0, r6
10001ab4:	bcc0      	pop	{r6, r7}
10001ab6:	46b9      	mov	r9, r7
10001ab8:	46b0      	mov	r8, r6
10001aba:	bdf8      	pop	{r3, r4, r5, r6, r7, pc}
10001abc:	2601      	movs	r6, #1
10001abe:	e7f8      	b.n	10001ab2 <rom_funcs_lookup+0x36>

10001ac0 <rom_reset_usb_boot_extra>:
10001ac0:	2314      	movs	r3, #20
10001ac2:	b570      	push	{r4, r5, r6, lr}
10001ac4:	0004      	movs	r4, r0
10001ac6:	8818      	ldrh	r0, [r3, #0]
10001ac8:	3304      	adds	r3, #4
10001aca:	881b      	ldrh	r3, [r3, #0]
10001acc:	000d      	movs	r5, r1
10001ace:	4905      	ldr	r1, [pc, #20]	@ (10001ae4 <rom_reset_usb_boot_extra+0x24>)
10001ad0:	4798      	blx	r3
10001ad2:	0003      	movs	r3, r0
10001ad4:	2000      	movs	r0, #0
10001ad6:	2c00      	cmp	r4, #0
10001ad8:	db01      	blt.n	10001ade <rom_reset_usb_boot_extra+0x1e>
10001ada:	3001      	adds	r0, #1
10001adc:	40a0      	lsls	r0, r4
10001ade:	0029      	movs	r1, r5
10001ae0:	4798      	blx	r3
10001ae2:	46c0      	nop			@ (mov r8, r8)
10001ae4:	00004255 	.word	0x00004255

10001ae8 <xosc_init>:
10001ae8:	23aa      	movs	r3, #170	@ 0xaa
10001aea:	4a06      	ldr	r2, [pc, #24]	@ (10001b04 <xosc_init+0x1c>)
10001aec:	011b      	lsls	r3, r3, #4
10001aee:	6013      	str	r3, [r2, #0]
10001af0:	238d      	movs	r3, #141	@ 0x8d
10001af2:	005b      	lsls	r3, r3, #1
10001af4:	60d3      	str	r3, [r2, #12]
10001af6:	4904      	ldr	r1, [pc, #16]	@ (10001b08 <xosc_init+0x20>)
10001af8:	4b04      	ldr	r3, [pc, #16]	@ (10001b0c <xosc_init+0x24>)
10001afa:	6019      	str	r1, [r3, #0]
10001afc:	6853      	ldr	r3, [r2, #4]
10001afe:	2b00      	cmp	r3, #0
10001b00:	dafc      	bge.n	10001afc <xosc_init+0x14>
10001b02:	4770      	bx	lr
10001b04:	40024000 	.word	0x40024000
10001b08:	00fab000 	.word	0x00fab000
10001b0c:	40026000 	.word	0x40026000

10001b10 <first_per_core_initializer>:
10001b10:	4770      	bx	lr
10001b12:	46c0      	nop			@ (mov r8, r8)

10001b14 <hard_assertion_failure>:
10001b14:	b510      	push	{r4, lr}
10001b16:	4801      	ldr	r0, [pc, #4]	@ (10001b1c <hard_assertion_failure+0x8>)
10001b18:	f7fe fdba 	bl	10000690 <panic>
10001b1c:	1000937c 	.word	0x1000937c

10001b20 <runtime_run_initializers>:
10001b20:	b570      	push	{r4, r5, r6, lr}
10001b22:	4d07      	ldr	r5, [pc, #28]	@ (10001b40 <runtime_run_initializers+0x20>)
10001b24:	4e07      	ldr	r6, [pc, #28]	@ (10001b44 <runtime_run_initializers+0x24>)
10001b26:	42b5      	cmp	r5, r6
10001b28:	d209      	bcs.n	10001b3e <runtime_run_initializers+0x1e>
10001b2a:	2400      	movs	r4, #0
10001b2c:	3e01      	subs	r6, #1
10001b2e:	1b76      	subs	r6, r6, r5
10001b30:	08b6      	lsrs	r6, r6, #2
10001b32:	cd08      	ldmia	r5!, {r3}
10001b34:	4798      	blx	r3
10001b36:	0023      	movs	r3, r4
10001b38:	3401      	adds	r4, #1
10001b3a:	42b3      	cmp	r3, r6
10001b3c:	d1f9      	bne.n	10001b32 <runtime_run_initializers+0x12>
10001b3e:	bd70      	pop	{r4, r5, r6, pc}
10001b40:	10009258 	.word	0x10009258
10001b44:	10009294 	.word	0x10009294

10001b48 <runtime_init_early_resets>:
10001b48:	4b05      	ldr	r3, [pc, #20]	@ (10001b60 <runtime_init_early_resets+0x18>)
10001b4a:	4a06      	ldr	r2, [pc, #24]	@ (10001b64 <runtime_init_early_resets+0x1c>)
10001b4c:	4906      	ldr	r1, [pc, #24]	@ (10001b68 <runtime_init_early_resets+0x20>)
10001b4e:	601a      	str	r2, [r3, #0]
10001b50:	4a06      	ldr	r2, [pc, #24]	@ (10001b6c <runtime_init_early_resets+0x24>)
10001b52:	4b07      	ldr	r3, [pc, #28]	@ (10001b70 <runtime_init_early_resets+0x28>)
10001b54:	601a      	str	r2, [r3, #0]
10001b56:	0010      	movs	r0, r2
10001b58:	680b      	ldr	r3, [r1, #0]
10001b5a:	4398      	bics	r0, r3
10001b5c:	d1fb      	bne.n	10001b56 <runtime_init_early_resets+0xe>
10001b5e:	4770      	bx	lr
10001b60:	4000e000 	.word	0x4000e000
10001b64:	fefbcdbf 	.word	0xfefbcdbf
10001b68:	4000c008 	.word	0x4000c008
10001b6c:	003c7ffe 	.word	0x003c7ffe
10001b70:	4000f000 	.word	0x4000f000

10001b74 <runtime_init_usb_power_down>:
10001b74:	4b04      	ldr	r3, [pc, #16]	@ (10001b88 <runtime_init_usb_power_down+0x14>)
10001b76:	6cdb      	ldr	r3, [r3, #76]	@ 0x4c
10001b78:	2b00      	cmp	r3, #0
10001b7a:	d103      	bne.n	10001b84 <runtime_init_usb_power_down+0x10>
10001b7c:	2280      	movs	r2, #128	@ 0x80
10001b7e:	4b03      	ldr	r3, [pc, #12]	@ (10001b8c <runtime_init_usb_power_down+0x18>)
10001b80:	02d2      	lsls	r2, r2, #11
10001b82:	601a      	str	r2, [r3, #0]
10001b84:	4770      	bx	lr
10001b86:	46c0      	nop			@ (mov r8, r8)
10001b88:	50110000 	.word	0x50110000
10001b8c:	5011204c 	.word	0x5011204c

10001b90 <runtime_init_post_clock_resets>:
10001b90:	4a04      	ldr	r2, [pc, #16]	@ (10001ba4 <runtime_init_post_clock_resets+0x14>)
10001b92:	4b05      	ldr	r3, [pc, #20]	@ (10001ba8 <runtime_init_post_clock_resets+0x18>)
10001b94:	601a      	str	r2, [r3, #0]
10001b96:	4a05      	ldr	r2, [pc, #20]	@ (10001bac <runtime_init_post_clock_resets+0x1c>)
10001b98:	6813      	ldr	r3, [r2, #0]
10001b9a:	01db      	lsls	r3, r3, #7
10001b9c:	3380      	adds	r3, #128	@ 0x80
10001b9e:	d1fb      	bne.n	10001b98 <runtime_init_post_clock_resets+0x8>
10001ba0:	4770      	bx	lr
10001ba2:	46c0      	nop			@ (mov r8, r8)
10001ba4:	01ffffff 	.word	0x01ffffff
10001ba8:	4000f000 	.word	0x4000f000
10001bac:	4000c008 	.word	0x4000c008

10001bb0 <runtime_init_rp2040_gpio_ie_disable>:
10001bb0:	2240      	movs	r2, #64	@ 0x40
10001bb2:	4b03      	ldr	r3, [pc, #12]	@ (10001bc0 <runtime_init_rp2040_gpio_ie_disable+0x10>)
10001bb4:	679a      	str	r2, [r3, #120]	@ 0x78
10001bb6:	675a      	str	r2, [r3, #116]	@ 0x74
10001bb8:	671a      	str	r2, [r3, #112]	@ 0x70
10001bba:	66da      	str	r2, [r3, #108]	@ 0x6c
10001bbc:	4770      	bx	lr
10001bbe:	46c0      	nop			@ (mov r8, r8)
10001bc0:	4001f000 	.word	0x4001f000

10001bc4 <runtime_init_spin_locks_reset>:
10001bc4:	b510      	push	{r4, lr}
10001bc6:	f7fe fe0f 	bl	100007e8 <spin_locks_reset>
10001bca:	bd10      	pop	{r4, pc}

10001bcc <runtime_init_install_ram_vector_table>:
10001bcc:	b570      	push	{r4, r5, r6, lr}
10001bce:	4d04      	ldr	r5, [pc, #16]	@ (10001be0 <runtime_init_install_ram_vector_table+0x14>)
10001bd0:	4c04      	ldr	r4, [pc, #16]	@ (10001be4 <runtime_init_install_ram_vector_table+0x18>)
10001bd2:	68a9      	ldr	r1, [r5, #8]
10001bd4:	22c0      	movs	r2, #192	@ 0xc0
10001bd6:	0020      	movs	r0, r4
10001bd8:	f000 fcea 	bl	100025b0 <__wrap___aeabi_memcpy>
10001bdc:	60ac      	str	r4, [r5, #8]
10001bde:	bd70      	pop	{r4, r5, r6, pc}
10001be0:	e000ed00 	.word	0xe000ed00
10001be4:	20000000 	.word	0x20000000

10001be8 <runtime_init_clocks>:
10001be8:	2300      	movs	r3, #0
10001bea:	b510      	push	{r4, lr}
10001bec:	4c29      	ldr	r4, [pc, #164]	@ (10001c94 <runtime_init_clocks+0xac>)
10001bee:	b082      	sub	sp, #8
10001bf0:	67a3      	str	r3, [r4, #120]	@ 0x78
10001bf2:	f7ff ff79 	bl	10001ae8 <xosc_init>
10001bf6:	2201      	movs	r2, #1
10001bf8:	4b27      	ldr	r3, [pc, #156]	@ (10001c98 <runtime_init_clocks+0xb0>)
10001bfa:	601a      	str	r2, [r3, #0]
10001bfc:	6c63      	ldr	r3, [r4, #68]	@ 0x44
10001bfe:	2b01      	cmp	r3, #1
10001c00:	d1fc      	bne.n	10001bfc <runtime_init_clocks+0x14>
10001c02:	2203      	movs	r2, #3
10001c04:	4b25      	ldr	r3, [pc, #148]	@ (10001c9c <runtime_init_clocks+0xb4>)
10001c06:	601a      	str	r2, [r3, #0]
10001c08:	4a22      	ldr	r2, [pc, #136]	@ (10001c94 <runtime_init_clocks+0xac>)
10001c0a:	6b93      	ldr	r3, [r2, #56]	@ 0x38
10001c0c:	2b01      	cmp	r3, #1
10001c0e:	d1fc      	bne.n	10001c0a <runtime_init_clocks+0x22>
10001c10:	3301      	adds	r3, #1
10001c12:	9300      	str	r3, [sp, #0]
10001c14:	2101      	movs	r1, #1
10001c16:	4a22      	ldr	r2, [pc, #136]	@ (10001ca0 <runtime_init_clocks+0xb8>)
10001c18:	4822      	ldr	r0, [pc, #136]	@ (10001ca4 <runtime_init_clocks+0xbc>)
10001c1a:	3304      	adds	r3, #4
10001c1c:	f7ff fe76 	bl	1000190c <pll_init>
10001c20:	2305      	movs	r3, #5
10001c22:	2101      	movs	r1, #1
10001c24:	9300      	str	r3, [sp, #0]
10001c26:	4a20      	ldr	r2, [pc, #128]	@ (10001ca8 <runtime_init_clocks+0xc0>)
10001c28:	4820      	ldr	r0, [pc, #128]	@ (10001cac <runtime_init_clocks+0xc4>)
10001c2a:	f7ff fe6f 	bl	1000190c <pll_init>
10001c2e:	2200      	movs	r2, #0
10001c30:	2102      	movs	r1, #2
10001c32:	2004      	movs	r0, #4
10001c34:	4b1e      	ldr	r3, [pc, #120]	@ (10001cb0 <runtime_init_clocks+0xc8>)
10001c36:	f7ff fdef 	bl	10001818 <clock_configure_undivided>
10001c3a:	2200      	movs	r2, #0
10001c3c:	2101      	movs	r1, #1
10001c3e:	2005      	movs	r0, #5
10001c40:	4b1c      	ldr	r3, [pc, #112]	@ (10001cb4 <runtime_init_clocks+0xcc>)
10001c42:	f7ff fde9 	bl	10001818 <clock_configure_undivided>
10001c46:	2200      	movs	r2, #0
10001c48:	2100      	movs	r1, #0
10001c4a:	2007      	movs	r0, #7
10001c4c:	4b1a      	ldr	r3, [pc, #104]	@ (10001cb8 <runtime_init_clocks+0xd0>)
10001c4e:	f7ff fde3 	bl	10001818 <clock_configure_undivided>
10001c52:	2200      	movs	r2, #0
10001c54:	2100      	movs	r1, #0
10001c56:	2008      	movs	r0, #8
10001c58:	4b17      	ldr	r3, [pc, #92]	@ (10001cb8 <runtime_init_clocks+0xd0>)
10001c5a:	f7ff fddd 	bl	10001818 <clock_configure_undivided>
10001c5e:	2380      	movs	r3, #128	@ 0x80
10001c60:	00db      	lsls	r3, r3, #3
10001c62:	9300      	str	r3, [sp, #0]
10001c64:	2200      	movs	r2, #0
10001c66:	2100      	movs	r1, #0
10001c68:	2009      	movs	r0, #9
10001c6a:	4b13      	ldr	r3, [pc, #76]	@ (10001cb8 <runtime_init_clocks+0xd0>)
10001c6c:	f7ff fd5a 	bl	10001724 <clock_configure_int_divider>
10001c70:	2200      	movs	r2, #0
10001c72:	4b10      	ldr	r3, [pc, #64]	@ (10001cb4 <runtime_init_clocks+0xcc>)
10001c74:	2100      	movs	r1, #0
10001c76:	2006      	movs	r0, #6
10001c78:	f7ff fdce 	bl	10001818 <clock_configure_undivided>
10001c7c:	2004      	movs	r0, #4
10001c7e:	f7ff fe3f 	bl	10001900 <clock_get_hz>
10001c82:	490e      	ldr	r1, [pc, #56]	@ (10001cbc <runtime_init_clocks+0xd4>)
10001c84:	f000 f84c 	bl	10001d20 <__wrap___aeabi_uidiv>
10001c88:	0001      	movs	r1, r0
10001c8a:	2000      	movs	r0, #0
10001c8c:	f7ff fede 	bl	10001a4c <tick_start>
10001c90:	b002      	add	sp, #8
10001c92:	bd10      	pop	{r4, pc}
10001c94:	40008000 	.word	0x40008000
10001c98:	4000b03c 	.word	0x4000b03c
10001c9c:	4000b030 	.word	0x4000b030
10001ca0:	59682f00 	.word	0x59682f00
10001ca4:	40028000 	.word	0x40028000
10001ca8:	47868c00 	.word	0x47868c00
10001cac:	4002c000 	.word	0x4002c000
10001cb0:	00b71b00 	.word	0x00b71b00
10001cb4:	07735940 	.word	0x07735940
10001cb8:	02dc6c00 	.word	0x02dc6c00
10001cbc:	000f4240 	.word	0x000f4240

10001cc0 <__aeabi_bits_init>:
10001cc0:	4801      	ldr	r0, [pc, #4]	@ (10001cc8 <__aeabi_bits_init+0x8>)
10001cc2:	2104      	movs	r1, #4
10001cc4:	4b01      	ldr	r3, [pc, #4]	@ (10001ccc <__aeabi_bits_init+0xc>)
10001cc6:	4718      	bx	r3
10001cc8:	20000fc0 	.word	0x20000fc0
10001ccc:	10001a7d 	.word	0x10001a7d

10001cd0 <__wrap___aeabi_idiv>:
10001cd0:	4a12      	ldr	r2, [pc, #72]	@ (10001d1c <divmod_s32s32_savestate+0x18>)
10001cd2:	6f93      	ldr	r3, [r2, #120]	@ 0x78
10001cd4:	089b      	lsrs	r3, r3, #2
10001cd6:	d215      	bcs.n	10001d04 <divmod_s32s32_savestate>

10001cd8 <divmod_s32s32_unsafe>:
10001cd8:	6690      	str	r0, [r2, #104]	@ 0x68
10001cda:	66d1      	str	r1, [r2, #108]	@ 0x6c
10001cdc:	2900      	cmp	r1, #0
10001cde:	d005      	beq.n	10001cec <divmod_s32s32_unsafe+0x14>
10001ce0:	e7ff      	b.n	10001ce2 <divmod_s32s32_unsafe+0xa>
10001ce2:	e7ff      	b.n	10001ce4 <divmod_s32s32_unsafe+0xc>
10001ce4:	e7ff      	b.n	10001ce6 <divmod_s32s32_unsafe+0xe>
10001ce6:	6f51      	ldr	r1, [r2, #116]	@ 0x74
10001ce8:	6f10      	ldr	r0, [r2, #112]	@ 0x70
10001cea:	4770      	bx	lr
10001cec:	b504      	push	{r2, lr}
10001cee:	2180      	movs	r1, #128	@ 0x80
10001cf0:	0609      	lsls	r1, r1, #24
10001cf2:	17c2      	asrs	r2, r0, #31
10001cf4:	4051      	eors	r1, r2
10001cf6:	2800      	cmp	r0, #0
10001cf8:	d000      	beq.n	10001cfc <divmod_s32s32_unsafe+0x24>
10001cfa:	43c8      	mvns	r0, r1
10001cfc:	f007 fa7c 	bl	100091f8 <____aeabi_idiv0_veneer>
10001d00:	2100      	movs	r1, #0
10001d02:	bd04      	pop	{r2, pc}

10001d04 <divmod_s32s32_savestate>:
10001d04:	b5f0      	push	{r4, r5, r6, r7, lr}
10001d06:	6e14      	ldr	r4, [r2, #96]	@ 0x60
10001d08:	6e55      	ldr	r5, [r2, #100]	@ 0x64
10001d0a:	6f57      	ldr	r7, [r2, #116]	@ 0x74
10001d0c:	6f16      	ldr	r6, [r2, #112]	@ 0x70
10001d0e:	f7ff ffe3 	bl	10001cd8 <divmod_s32s32_unsafe>
10001d12:	6614      	str	r4, [r2, #96]	@ 0x60
10001d14:	6655      	str	r5, [r2, #100]	@ 0x64
10001d16:	6757      	str	r7, [r2, #116]	@ 0x74
10001d18:	6716      	str	r6, [r2, #112]	@ 0x70
10001d1a:	bdf0      	pop	{r4, r5, r6, r7, pc}
10001d1c:	d0000000 	.word	0xd0000000

10001d20 <__wrap___aeabi_uidiv>:
10001d20:	4a11      	ldr	r2, [pc, #68]	@ (10001d68 <divmod_u32u32_savestate+0x18>)
10001d22:	6f93      	ldr	r3, [r2, #120]	@ 0x78
10001d24:	089b      	lsrs	r3, r3, #2
10001d26:	d213      	bcs.n	10001d50 <divmod_u32u32_savestate>

10001d28 <divmod_u32u32_unsafe>:
10001d28:	6610      	str	r0, [r2, #96]	@ 0x60
10001d2a:	6651      	str	r1, [r2, #100]	@ 0x64
10001d2c:	2900      	cmp	r1, #0
10001d2e:	d005      	beq.n	10001d3c <divmod_u32u32_unsafe+0x14>
10001d30:	e7ff      	b.n	10001d32 <divmod_u32u32_unsafe+0xa>
10001d32:	e7ff      	b.n	10001d34 <divmod_u32u32_unsafe+0xc>
10001d34:	e7ff      	b.n	10001d36 <divmod_u32u32_unsafe+0xe>
10001d36:	6f51      	ldr	r1, [r2, #116]	@ 0x74
10001d38:	6f10      	ldr	r0, [r2, #112]	@ 0x70
10001d3a:	4770      	bx	lr
10001d3c:	b504      	push	{r2, lr}
10001d3e:	2800      	cmp	r0, #0
10001d40:	d001      	beq.n	10001d46 <divmod_u32u32_unsafe+0x1e>
10001d42:	2000      	movs	r0, #0
10001d44:	43c0      	mvns	r0, r0
10001d46:	f007 fa57 	bl	100091f8 <____aeabi_idiv0_veneer>
10001d4a:	2100      	movs	r1, #0
10001d4c:	bd04      	pop	{r2, pc}
10001d4e:	46c0      	nop			@ (mov r8, r8)

10001d50 <divmod_u32u32_savestate>:
10001d50:	b5f0      	push	{r4, r5, r6, r7, lr}
10001d52:	6e14      	ldr	r4, [r2, #96]	@ 0x60
10001d54:	6e55      	ldr	r5, [r2, #100]	@ 0x64
10001d56:	6f57      	ldr	r7, [r2, #116]	@ 0x74
10001d58:	6f16      	ldr	r6, [r2, #112]	@ 0x70
10001d5a:	f7ff ffe5 	bl	10001d28 <divmod_u32u32_unsafe>
10001d5e:	6614      	str	r4, [r2, #96]	@ 0x60
10001d60:	6655      	str	r5, [r2, #100]	@ 0x64
10001d62:	6757      	str	r7, [r2, #116]	@ 0x74
10001d64:	6716      	str	r6, [r2, #112]	@ 0x70
10001d66:	bdf0      	pop	{r4, r5, r6, r7, pc}
10001d68:	d0000000 	.word	0xd0000000

10001d6c <__wrap___aeabi_ldivmod>:
10001d6c:	4694      	mov	ip, r2
10001d6e:	4a4a      	ldr	r2, [pc, #296]	@ (10001e98 <udiv0+0x1a>)
10001d70:	6f92      	ldr	r2, [r2, #120]	@ 0x78
10001d72:	0892      	lsrs	r2, r2, #2
10001d74:	4662      	mov	r2, ip
10001d76:	d201      	bcs.n	10001d7c <divmod_s64s64_savestate>
10001d78:	e028      	b.n	10001dcc <divmod_s64s64_unsafe>
10001d7a:	46c0      	nop			@ (mov r8, r8)

10001d7c <divmod_s64s64_savestate>:
10001d7c:	b5f0      	push	{r4, r5, r6, r7, lr}
10001d7e:	4e46      	ldr	r6, [pc, #280]	@ (10001e98 <udiv0+0x1a>)
10001d80:	6e34      	ldr	r4, [r6, #96]	@ 0x60
10001d82:	6e75      	ldr	r5, [r6, #100]	@ 0x64
10001d84:	6f77      	ldr	r7, [r6, #116]	@ 0x74
10001d86:	6f36      	ldr	r6, [r6, #112]	@ 0x70
10001d88:	f000 f820 	bl	10001dcc <divmod_s64s64_unsafe>
10001d8c:	4694      	mov	ip, r2
10001d8e:	4a42      	ldr	r2, [pc, #264]	@ (10001e98 <udiv0+0x1a>)
10001d90:	6614      	str	r4, [r2, #96]	@ 0x60
10001d92:	6655      	str	r5, [r2, #100]	@ 0x64
10001d94:	6757      	str	r7, [r2, #116]	@ 0x74
10001d96:	6716      	str	r6, [r2, #112]	@ 0x70
10001d98:	4662      	mov	r2, ip
10001d9a:	bdf0      	pop	{r4, r5, r6, r7, pc}

10001d9c <__wrap___aeabi_uldivmod>:
10001d9c:	4694      	mov	ip, r2
10001d9e:	4a3e      	ldr	r2, [pc, #248]	@ (10001e98 <udiv0+0x1a>)
10001da0:	6f92      	ldr	r2, [r2, #120]	@ 0x78
10001da2:	0892      	lsrs	r2, r2, #2
10001da4:	4662      	mov	r2, ip
10001da6:	d201      	bcs.n	10001dac <divmod_u64u64_savestate>
10001da8:	e054      	b.n	10001e54 <divmod_u64u64_unsafe>
10001daa:	46c0      	nop			@ (mov r8, r8)

10001dac <divmod_u64u64_savestate>:
10001dac:	b5f0      	push	{r4, r5, r6, r7, lr}
10001dae:	4e3a      	ldr	r6, [pc, #232]	@ (10001e98 <udiv0+0x1a>)
10001db0:	6e34      	ldr	r4, [r6, #96]	@ 0x60
10001db2:	6e75      	ldr	r5, [r6, #100]	@ 0x64
10001db4:	6f77      	ldr	r7, [r6, #116]	@ 0x74
10001db6:	6f36      	ldr	r6, [r6, #112]	@ 0x70
10001db8:	f000 f84c 	bl	10001e54 <divmod_u64u64_unsafe>
10001dbc:	4694      	mov	ip, r2
10001dbe:	4a36      	ldr	r2, [pc, #216]	@ (10001e98 <udiv0+0x1a>)
10001dc0:	6614      	str	r4, [r2, #96]	@ 0x60
10001dc2:	6655      	str	r5, [r2, #100]	@ 0x64
10001dc4:	6757      	str	r7, [r2, #116]	@ 0x74
10001dc6:	6716      	str	r6, [r2, #112]	@ 0x70
10001dc8:	4662      	mov	r2, ip
10001dca:	bdf0      	pop	{r4, r5, r6, r7, pc}

10001dcc <divmod_s64s64_unsafe>:
10001dcc:	2b00      	cmp	r3, #0
10001dce:	db24      	blt.n	10001e1a <l42_1+0x26>
10001dd0:	d011      	beq.n	10001df6 <l42_1+0x2>
10001dd2:	2900      	cmp	r1, #0
10001dd4:	da3e      	bge.n	10001e54 <divmod_u64u64_unsafe>
10001dd6:	b500      	push	{lr}
10001dd8:	43c9      	mvns	r1, r1
10001dda:	4240      	negs	r0, r0
10001ddc:	d100      	bne.n	10001de0 <l40_1>
10001dde:	3101      	adds	r1, #1

10001de0 <l40_1>:
10001de0:	f000 f838 	bl	10001e54 <divmod_u64u64_unsafe>
10001de4:	43c9      	mvns	r1, r1
10001de6:	4240      	negs	r0, r0
10001de8:	d100      	bne.n	10001dec <l41_1>
10001dea:	3101      	adds	r1, #1

10001dec <l41_1>:
10001dec:	43db      	mvns	r3, r3
10001dee:	4252      	negs	r2, r2
10001df0:	d100      	bne.n	10001df4 <l42_1>
10001df2:	3301      	adds	r3, #1

10001df4 <l42_1>:
10001df4:	bd00      	pop	{pc}
10001df6:	2a00      	cmp	r2, #0
10001df8:	d1eb      	bne.n	10001dd2 <divmod_s64s64_unsafe+0x6>
10001dfa:	2800      	cmp	r0, #0
10001dfc:	d101      	bne.n	10001e02 <l42_1+0xe>
10001dfe:	2900      	cmp	r1, #0
10001e00:	d005      	beq.n	10001e0e <l42_1+0x1a>
10001e02:	2000      	movs	r0, #0
10001e04:	0fc9      	lsrs	r1, r1, #31
10001e06:	07c9      	lsls	r1, r1, #31
10001e08:	d101      	bne.n	10001e0e <l42_1+0x1a>
10001e0a:	43c0      	mvns	r0, r0
10001e0c:	0841      	lsrs	r1, r0, #1
10001e0e:	b500      	push	{lr}
10001e10:	f007 f9ea 	bl	100091e8 <____aeabi_ldiv0_veneer>
10001e14:	2200      	movs	r2, #0
10001e16:	2300      	movs	r3, #0
10001e18:	bd00      	pop	{pc}
10001e1a:	b500      	push	{lr}
10001e1c:	2900      	cmp	r1, #0
10001e1e:	db0a      	blt.n	10001e36 <l44_1+0x2>
10001e20:	43db      	mvns	r3, r3
10001e22:	4252      	negs	r2, r2
10001e24:	d100      	bne.n	10001e28 <l43_1>
10001e26:	3301      	adds	r3, #1

10001e28 <l43_1>:
10001e28:	f000 f814 	bl	10001e54 <divmod_u64u64_unsafe>
10001e2c:	43c9      	mvns	r1, r1
10001e2e:	4240      	negs	r0, r0
10001e30:	d100      	bne.n	10001e34 <l44_1>
10001e32:	3101      	adds	r1, #1

10001e34 <l44_1>:
10001e34:	bd00      	pop	{pc}
10001e36:	43c9      	mvns	r1, r1
10001e38:	4240      	negs	r0, r0
10001e3a:	d100      	bne.n	10001e3e <l45_1>
10001e3c:	3101      	adds	r1, #1

10001e3e <l45_1>:
10001e3e:	43db      	mvns	r3, r3
10001e40:	4252      	negs	r2, r2
10001e42:	d100      	bne.n	10001e46 <l46_1>
10001e44:	3301      	adds	r3, #1

10001e46 <l46_1>:
10001e46:	f000 f805 	bl	10001e54 <divmod_u64u64_unsafe>
10001e4a:	43db      	mvns	r3, r3
10001e4c:	4252      	negs	r2, r2
10001e4e:	d100      	bne.n	10001e52 <l47_1>
10001e50:	3301      	adds	r3, #1

10001e52 <l47_1>:
10001e52:	bd00      	pop	{pc}

10001e54 <divmod_u64u64_unsafe>:
10001e54:	2900      	cmp	r1, #0
10001e56:	d123      	bne.n	10001ea0 <y64>
10001e58:	2b00      	cmp	r3, #0
10001e5a:	d118      	bne.n	10001e8e <udiv0+0x10>
10001e5c:	2a00      	cmp	r2, #0
10001e5e:	d00c      	beq.n	10001e7a <divmod_u64u64_unsafe+0x26>
10001e60:	46bc      	mov	ip, r7
10001e62:	4f0d      	ldr	r7, [pc, #52]	@ (10001e98 <udiv0+0x1a>)
10001e64:	6638      	str	r0, [r7, #96]	@ 0x60
10001e66:	667a      	str	r2, [r7, #100]	@ 0x64
10001e68:	2100      	movs	r1, #0
10001e6a:	2300      	movs	r3, #0
10001e6c:	e7ff      	b.n	10001e6e <divmod_u64u64_unsafe+0x1a>
10001e6e:	e7ff      	b.n	10001e70 <divmod_u64u64_unsafe+0x1c>
10001e70:	e7ff      	b.n	10001e72 <divmod_u64u64_unsafe+0x1e>
10001e72:	6f7a      	ldr	r2, [r7, #116]	@ 0x74
10001e74:	6f38      	ldr	r0, [r7, #112]	@ 0x70
10001e76:	4667      	mov	r7, ip
10001e78:	4770      	bx	lr
10001e7a:	2800      	cmp	r0, #0
10001e7c:	d001      	beq.n	10001e82 <udiv0+0x4>

10001e7e <udiv0>:
10001e7e:	4807      	ldr	r0, [pc, #28]	@ (10001e9c <udiv0+0x1e>)
10001e80:	0001      	movs	r1, r0
10001e82:	b500      	push	{lr}
10001e84:	f007 f9b0 	bl	100091e8 <____aeabi_ldiv0_veneer>
10001e88:	2200      	movs	r2, #0
10001e8a:	2300      	movs	r3, #0
10001e8c:	bd00      	pop	{pc}
10001e8e:	0002      	movs	r2, r0
10001e90:	000b      	movs	r3, r1
10001e92:	2000      	movs	r0, #0
10001e94:	2100      	movs	r1, #0
10001e96:	4770      	bx	lr
10001e98:	d0000000 	.word	0xd0000000
10001e9c:	ffffffff 	.word	0xffffffff

10001ea0 <y64>:
10001ea0:	2b00      	cmp	r3, #0
10001ea2:	d000      	beq.n	10001ea6 <y64+0x6>
10001ea4:	e0bf      	b.n	10002026 <y64_x48>
10001ea6:	0c13      	lsrs	r3, r2, #16
10001ea8:	d128      	bne.n	10001efc <y64_x32>
10001eaa:	2a00      	cmp	r2, #0
10001eac:	d0e7      	beq.n	10001e7e <udiv0>
10001eae:	b480      	push	{r7}
10001eb0:	4f11      	ldr	r7, [pc, #68]	@ (10001ef8 <y64+0x58>)
10001eb2:	6639      	str	r1, [r7, #96]	@ 0x60
10001eb4:	667a      	str	r2, [r7, #100]	@ 0x64
10001eb6:	e7ff      	b.n	10001eb8 <y64+0x18>
10001eb8:	e7ff      	b.n	10001eba <y64+0x1a>
10001eba:	b430      	push	{r4, r5}
10001ebc:	0c04      	lsrs	r4, r0, #16
10001ebe:	6f7b      	ldr	r3, [r7, #116]	@ 0x74
10001ec0:	6f39      	ldr	r1, [r7, #112]	@ 0x70
10001ec2:	041b      	lsls	r3, r3, #16
10001ec4:	4323      	orrs	r3, r4
10001ec6:	663b      	str	r3, [r7, #96]	@ 0x60
10001ec8:	667a      	str	r2, [r7, #100]	@ 0x64
10001eca:	e7ff      	b.n	10001ecc <y64+0x2c>
10001ecc:	e7ff      	b.n	10001ece <y64+0x2e>
10001ece:	e7ff      	b.n	10001ed0 <y64+0x30>
10001ed0:	46c0      	nop			@ (mov r8, r8)
10001ed2:	b284      	uxth	r4, r0
10001ed4:	6f7b      	ldr	r3, [r7, #116]	@ 0x74
10001ed6:	6f3d      	ldr	r5, [r7, #112]	@ 0x70
10001ed8:	041b      	lsls	r3, r3, #16
10001eda:	4323      	orrs	r3, r4
10001edc:	663b      	str	r3, [r7, #96]	@ 0x60
10001ede:	667a      	str	r2, [r7, #100]	@ 0x64
10001ee0:	e7ff      	b.n	10001ee2 <y64+0x42>
10001ee2:	e7ff      	b.n	10001ee4 <y64+0x44>
10001ee4:	46c0      	nop			@ (mov r8, r8)
10001ee6:	2300      	movs	r3, #0
10001ee8:	042c      	lsls	r4, r5, #16
10001eea:	0c2d      	lsrs	r5, r5, #16
10001eec:	6f7a      	ldr	r2, [r7, #116]	@ 0x74
10001eee:	6f38      	ldr	r0, [r7, #112]	@ 0x70
10001ef0:	1900      	adds	r0, r0, r4
10001ef2:	4169      	adcs	r1, r5
10001ef4:	bcb0      	pop	{r4, r5, r7}
10001ef6:	4770      	bx	lr
10001ef8:	d0000000 	.word	0xd0000000

10001efc <y64_x32>:
10001efc:	b5f0      	push	{r4, r5, r6, r7, lr}
10001efe:	4694      	mov	ip, r2
10001f00:	2500      	movs	r5, #0
10001f02:	0e14      	lsrs	r4, r2, #24
10001f04:	d101      	bne.n	10001f0a <y64_x32+0xe>
10001f06:	0212      	lsls	r2, r2, #8
10001f08:	3508      	adds	r5, #8
10001f0a:	0f14      	lsrs	r4, r2, #28
10001f0c:	d101      	bne.n	10001f12 <y64_x32+0x16>
10001f0e:	0112      	lsls	r2, r2, #4
10001f10:	3504      	adds	r5, #4
10001f12:	0f94      	lsrs	r4, r2, #30
10001f14:	d101      	bne.n	10001f1a <y64_x32+0x1e>
10001f16:	0092      	lsls	r2, r2, #2
10001f18:	3502      	adds	r5, #2
10001f1a:	0fd4      	lsrs	r4, r2, #31
10001f1c:	d101      	bne.n	10001f22 <y64_x32+0x26>
10001f1e:	0052      	lsls	r2, r2, #1
10001f20:	3501      	adds	r5, #1
10001f22:	0bd4      	lsrs	r4, r2, #15
10001f24:	3401      	adds	r4, #1
10001f26:	4f25      	ldr	r7, [pc, #148]	@ (10001fbc <y64_x32+0xc0>)
10001f28:	667c      	str	r4, [r7, #100]	@ 0x64
10001f2a:	4c25      	ldr	r4, [pc, #148]	@ (10001fc0 <y64_x32+0xc4>)
10001f2c:	663c      	str	r4, [r7, #96]	@ 0x60
10001f2e:	0c0e      	lsrs	r6, r1, #16
10001f30:	b293      	uxth	r3, r2
10001f32:	e7ff      	b.n	10001f34 <y64_x32+0x38>
10001f34:	e7ff      	b.n	10001f36 <y64_x32+0x3a>
10001f36:	e7ff      	b.n	10001f38 <y64_x32+0x3c>
10001f38:	6f3c      	ldr	r4, [r7, #112]	@ 0x70
10001f3a:	4366      	muls	r6, r4
10001f3c:	0c36      	lsrs	r6, r6, #16
10001f3e:	0377      	lsls	r7, r6, #13
10001f40:	46be      	mov	lr, r7
10001f42:	4373      	muls	r3, r6
10001f44:	0bdf      	lsrs	r7, r3, #15
10001f46:	045b      	lsls	r3, r3, #17
10001f48:	1ac0      	subs	r0, r0, r3
10001f4a:	41b9      	sbcs	r1, r7
10001f4c:	0c13      	lsrs	r3, r2, #16
10001f4e:	4373      	muls	r3, r6
10001f50:	18db      	adds	r3, r3, r3
10001f52:	1ac9      	subs	r1, r1, r3
10001f54:	08ce      	lsrs	r6, r1, #3
10001f56:	4366      	muls	r6, r4
10001f58:	0c36      	lsrs	r6, r6, #16
10001f5a:	44b6      	add	lr, r6
10001f5c:	b293      	uxth	r3, r2
10001f5e:	4373      	muls	r3, r6
10001f60:	0f1f      	lsrs	r7, r3, #28
10001f62:	011b      	lsls	r3, r3, #4
10001f64:	1ac0      	subs	r0, r0, r3
10001f66:	41b9      	sbcs	r1, r7
10001f68:	0c13      	lsrs	r3, r2, #16
10001f6a:	4373      	muls	r3, r6
10001f6c:	0b1f      	lsrs	r7, r3, #12
10001f6e:	051b      	lsls	r3, r3, #20
10001f70:	1ac0      	subs	r0, r0, r3
10001f72:	41b9      	sbcs	r1, r7
10001f74:	0d86      	lsrs	r6, r0, #22
10001f76:	028f      	lsls	r7, r1, #10
10001f78:	433e      	orrs	r6, r7
10001f7a:	4366      	muls	r6, r4
10001f7c:	0c36      	lsrs	r6, r6, #16
10001f7e:	2d09      	cmp	r5, #9
10001f80:	db24      	blt.n	10001fcc <last0>
10001f82:	0a52      	lsrs	r2, r2, #9
10001f84:	4372      	muls	r2, r6
10001f86:	1a80      	subs	r0, r0, r2
10001f88:	0377      	lsls	r7, r6, #13
10001f8a:	0a46      	lsrs	r6, r0, #9
10001f8c:	4366      	muls	r6, r4
10001f8e:	0c36      	lsrs	r6, r6, #16
10001f90:	2316      	movs	r3, #22
10001f92:	1b5b      	subs	r3, r3, r5
10001f94:	40de      	lsrs	r6, r3
10001f96:	40df      	lsrs	r7, r3
10001f98:	19bf      	adds	r7, r7, r6
10001f9a:	4664      	mov	r4, ip
10001f9c:	4366      	muls	r6, r4
10001f9e:	1b82      	subs	r2, r0, r6
10001fa0:	4670      	mov	r0, lr
10001fa2:	3504      	adds	r5, #4
10001fa4:	3306      	adds	r3, #6
10001fa6:	0001      	movs	r1, r0
10001fa8:	40d9      	lsrs	r1, r3
10001faa:	40a8      	lsls	r0, r5
10001fac:	19c0      	adds	r0, r0, r7
10001fae:	d300      	bcc.n	10001fb2 <y64_x32+0xb6>
10001fb0:	3101      	adds	r1, #1
10001fb2:	42a2      	cmp	r2, r4
10001fb4:	d206      	bcs.n	10001fc4 <y64_x32+0xc8>
10001fb6:	2300      	movs	r3, #0
10001fb8:	bdf0      	pop	{r4, r5, r6, r7, pc}
10001fba:	0000      	.short	0x0000
10001fbc:	d0000000 	.word	0xd0000000
10001fc0:	ffffffff 	.word	0xffffffff
10001fc4:	1b12      	subs	r2, r2, r4
10001fc6:	3001      	adds	r0, #1
10001fc8:	d3f3      	bcc.n	10001fb2 <y64_x32+0xb6>
10001fca:	e7f1      	b.n	10001fb0 <y64_x32+0xb4>

10001fcc <last0>:
10001fcc:	2709      	movs	r7, #9
10001fce:	1b7f      	subs	r7, r7, r5
10001fd0:	40fe      	lsrs	r6, r7
10001fd2:	4664      	mov	r4, ip
10001fd4:	b2a2      	uxth	r2, r4
10001fd6:	4372      	muls	r2, r6
10001fd8:	1a80      	subs	r0, r0, r2
10001fda:	d200      	bcs.n	10001fde <last0+0x12>
10001fdc:	3901      	subs	r1, #1
10001fde:	0c22      	lsrs	r2, r4, #16
10001fe0:	4372      	muls	r2, r6
10001fe2:	0c13      	lsrs	r3, r2, #16
10001fe4:	0412      	lsls	r2, r2, #16
10001fe6:	1a82      	subs	r2, r0, r2
10001fe8:	4199      	sbcs	r1, r3
10001fea:	000b      	movs	r3, r1
10001fec:	4670      	mov	r0, lr
10001fee:	3504      	adds	r5, #4
10001ff0:	3713      	adds	r7, #19
10001ff2:	0001      	movs	r1, r0
10001ff4:	40f9      	lsrs	r1, r7
10001ff6:	40a8      	lsls	r0, r5
10001ff8:	1980      	adds	r0, r0, r6
10001ffa:	d300      	bcc.n	10001ffe <last0+0x32>
10001ffc:	3101      	adds	r1, #1
10001ffe:	2b00      	cmp	r3, #0
10002000:	d102      	bne.n	10002008 <last0+0x3c>
10002002:	42a2      	cmp	r2, r4
10002004:	d20a      	bcs.n	1000201c <last0+0x50>
10002006:	bdf0      	pop	{r4, r5, r6, r7, pc}
10002008:	3001      	adds	r0, #1
1000200a:	d300      	bcc.n	1000200e <last0+0x42>
1000200c:	3101      	adds	r1, #1
1000200e:	1b12      	subs	r2, r2, r4
10002010:	d2fa      	bcs.n	10002008 <last0+0x3c>
10002012:	3b01      	subs	r3, #1
10002014:	d1f8      	bne.n	10002008 <last0+0x3c>
10002016:	42a2      	cmp	r2, r4
10002018:	d200      	bcs.n	1000201c <last0+0x50>
1000201a:	bdf0      	pop	{r4, r5, r6, r7, pc}
1000201c:	3001      	adds	r0, #1
1000201e:	d300      	bcc.n	10002022 <last0+0x56>
10002020:	3101      	adds	r1, #1
10002022:	1b12      	subs	r2, r2, r4
10002024:	e7f7      	b.n	10002016 <last0+0x4a>

10002026 <y64_x48>:
10002026:	b5f0      	push	{r4, r5, r6, r7, lr}
10002028:	0c1c      	lsrs	r4, r3, #16
1000202a:	d000      	beq.n	1000202e <y64_x48+0x8>
1000202c:	e080      	b.n	10002130 <y64_x64>
1000202e:	b40c      	push	{r2, r3}
10002030:	2500      	movs	r5, #0
10002032:	0a1c      	lsrs	r4, r3, #8
10002034:	d104      	bne.n	10002040 <y64_x48+0x1a>
10002036:	021b      	lsls	r3, r3, #8
10002038:	0e16      	lsrs	r6, r2, #24
1000203a:	4333      	orrs	r3, r6
1000203c:	0212      	lsls	r2, r2, #8
1000203e:	3508      	adds	r5, #8
10002040:	0b1c      	lsrs	r4, r3, #12
10002042:	d104      	bne.n	1000204e <y64_x48+0x28>
10002044:	011b      	lsls	r3, r3, #4
10002046:	0f16      	lsrs	r6, r2, #28
10002048:	4333      	orrs	r3, r6
1000204a:	0112      	lsls	r2, r2, #4
1000204c:	3504      	adds	r5, #4
1000204e:	0b9c      	lsrs	r4, r3, #14
10002050:	d104      	bne.n	1000205c <y64_x48+0x36>
10002052:	009b      	lsls	r3, r3, #2
10002054:	0f96      	lsrs	r6, r2, #30
10002056:	4333      	orrs	r3, r6
10002058:	0092      	lsls	r2, r2, #2
1000205a:	3502      	adds	r5, #2
1000205c:	0bdc      	lsrs	r4, r3, #15
1000205e:	d102      	bne.n	10002066 <y64_x48+0x40>
10002060:	1892      	adds	r2, r2, r2
10002062:	415b      	adcs	r3, r3
10002064:	3501      	adds	r5, #1
10002066:	001c      	movs	r4, r3
10002068:	1897      	adds	r7, r2, r2
1000206a:	4164      	adcs	r4, r4
1000206c:	3401      	adds	r4, #1
1000206e:	4f46      	ldr	r7, [pc, #280]	@ (10002188 <y64_x64+0x58>)
10002070:	667c      	str	r4, [r7, #100]	@ 0x64
10002072:	4c46      	ldr	r4, [pc, #280]	@ (1000218c <y64_x64+0x5c>)
10002074:	663c      	str	r4, [r7, #96]	@ 0x60
10002076:	0c0e      	lsrs	r6, r1, #16
10002078:	e7ff      	b.n	1000207a <y64_x48+0x54>
1000207a:	e7ff      	b.n	1000207c <y64_x48+0x56>
1000207c:	e7ff      	b.n	1000207e <y64_x48+0x58>
1000207e:	46c0      	nop			@ (mov r8, r8)
10002080:	6f3c      	ldr	r4, [r7, #112]	@ 0x70
10002082:	4366      	muls	r6, r4
10002084:	0c36      	lsrs	r6, r6, #16
10002086:	0377      	lsls	r7, r6, #13
10002088:	46be      	mov	lr, r7
1000208a:	b297      	uxth	r7, r2
1000208c:	4377      	muls	r7, r6
1000208e:	1bc0      	subs	r0, r0, r7
10002090:	d200      	bcs.n	10002094 <y64_x48+0x6e>
10002092:	3901      	subs	r1, #1
10002094:	1bc0      	subs	r0, r0, r7
10002096:	d200      	bcs.n	1000209a <y64_x48+0x74>
10002098:	3901      	subs	r1, #1
1000209a:	b29f      	uxth	r7, r3
1000209c:	4377      	muls	r7, r6
1000209e:	1bc9      	subs	r1, r1, r7
100020a0:	1bc9      	subs	r1, r1, r7
100020a2:	0c17      	lsrs	r7, r2, #16
100020a4:	4377      	muls	r7, r6
100020a6:	047e      	lsls	r6, r7, #17
100020a8:	0bff      	lsrs	r7, r7, #15
100020aa:	1b80      	subs	r0, r0, r6
100020ac:	41b9      	sbcs	r1, r7
100020ae:	08ce      	lsrs	r6, r1, #3
100020b0:	4366      	muls	r6, r4
100020b2:	0c36      	lsrs	r6, r6, #16
100020b4:	2d0c      	cmp	r5, #12
100020b6:	db33      	blt.n	10002120 <last1>
100020b8:	44b6      	add	lr, r6
100020ba:	0b12      	lsrs	r2, r2, #12
100020bc:	051f      	lsls	r7, r3, #20
100020be:	433a      	orrs	r2, r7
100020c0:	0b1b      	lsrs	r3, r3, #12
100020c2:	b297      	uxth	r7, r2
100020c4:	4377      	muls	r7, r6
100020c6:	1bc0      	subs	r0, r0, r7
100020c8:	d200      	bcs.n	100020cc <y64_x48+0xa6>
100020ca:	3901      	subs	r1, #1
100020cc:	b29f      	uxth	r7, r3
100020ce:	4377      	muls	r7, r6
100020d0:	1bc9      	subs	r1, r1, r7
100020d2:	0c17      	lsrs	r7, r2, #16
100020d4:	4377      	muls	r7, r6
100020d6:	043e      	lsls	r6, r7, #16
100020d8:	0c3f      	lsrs	r7, r7, #16
100020da:	1b80      	subs	r0, r0, r6
100020dc:	41b9      	sbcs	r1, r7
100020de:	0d86      	lsrs	r6, r0, #22
100020e0:	028f      	lsls	r7, r1, #10
100020e2:	433e      	orrs	r6, r7
100020e4:	4366      	muls	r6, r4
100020e6:	2729      	movs	r7, #41	@ 0x29
100020e8:	1b7f      	subs	r7, r7, r5
100020ea:	40fe      	lsrs	r6, r7
100020ec:	3d0c      	subs	r5, #12
100020ee:	4677      	mov	r7, lr
100020f0:	40af      	lsls	r7, r5
100020f2:	19bf      	adds	r7, r7, r6
100020f4:	bc30      	pop	{r4, r5}
100020f6:	b2a2      	uxth	r2, r4
100020f8:	b2ab      	uxth	r3, r5
100020fa:	4372      	muls	r2, r6
100020fc:	4373      	muls	r3, r6
100020fe:	1a80      	subs	r0, r0, r2
10002100:	4199      	sbcs	r1, r3
10002102:	0c22      	lsrs	r2, r4, #16
10002104:	4372      	muls	r2, r6
10002106:	0c13      	lsrs	r3, r2, #16
10002108:	0412      	lsls	r2, r2, #16
1000210a:	1a80      	subs	r0, r0, r2
1000210c:	4199      	sbcs	r1, r3
1000210e:	0002      	movs	r2, r0
10002110:	000b      	movs	r3, r1
10002112:	3701      	adds	r7, #1
10002114:	1b00      	subs	r0, r0, r4
10002116:	41a9      	sbcs	r1, r5
10002118:	d2f9      	bcs.n	1000210e <y64_x48+0xe8>
1000211a:	1e78      	subs	r0, r7, #1
1000211c:	2100      	movs	r1, #0
1000211e:	bdf0      	pop	{r4, r5, r6, r7, pc}

10002120 <last1>:
10002120:	270c      	movs	r7, #12
10002122:	1b7f      	subs	r7, r7, r5
10002124:	40fe      	lsrs	r6, r7
10002126:	4677      	mov	r7, lr
10002128:	0b7f      	lsrs	r7, r7, #13
1000212a:	40af      	lsls	r7, r5
1000212c:	19ff      	adds	r7, r7, r7
1000212e:	e7e0      	b.n	100020f2 <y64_x48+0xcc>

10002130 <y64_x64>:
10002130:	2400      	movs	r4, #0
10002132:	1c5d      	adds	r5, r3, #1
10002134:	d007      	beq.n	10002146 <y64_x64+0x16>
10002136:	4f14      	ldr	r7, [pc, #80]	@ (10002188 <y64_x64+0x58>)
10002138:	667d      	str	r5, [r7, #100]	@ 0x64
1000213a:	6639      	str	r1, [r7, #96]	@ 0x60
1000213c:	e7ff      	b.n	1000213e <y64_x64+0xe>
1000213e:	e7ff      	b.n	10002140 <y64_x64+0x10>
10002140:	e7ff      	b.n	10002142 <y64_x64+0x12>
10002142:	e7ff      	b.n	10002144 <y64_x64+0x14>
10002144:	6f3c      	ldr	r4, [r7, #112]	@ 0x70
10002146:	b295      	uxth	r5, r2
10002148:	b29e      	uxth	r6, r3
1000214a:	4365      	muls	r5, r4
1000214c:	4366      	muls	r6, r4
1000214e:	1b40      	subs	r0, r0, r5
10002150:	41b1      	sbcs	r1, r6
10002152:	0c15      	lsrs	r5, r2, #16
10002154:	0c1e      	lsrs	r6, r3, #16
10002156:	4365      	muls	r5, r4
10002158:	4366      	muls	r6, r4
1000215a:	0436      	lsls	r6, r6, #16
1000215c:	0c2f      	lsrs	r7, r5, #16
1000215e:	433e      	orrs	r6, r7
10002160:	042d      	lsls	r5, r5, #16
10002162:	1b40      	subs	r0, r0, r5
10002164:	41b1      	sbcs	r1, r6
10002166:	4299      	cmp	r1, r3
10002168:	d204      	bcs.n	10002174 <y64_x64+0x44>
1000216a:	0002      	movs	r2, r0
1000216c:	000b      	movs	r3, r1
1000216e:	0020      	movs	r0, r4
10002170:	2100      	movs	r1, #0
10002172:	bdf0      	pop	{r4, r5, r6, r7, pc}
10002174:	d101      	bne.n	1000217a <y64_x64+0x4a>
10002176:	4290      	cmp	r0, r2
10002178:	d3f7      	bcc.n	1000216a <y64_x64+0x3a>
1000217a:	1a80      	subs	r0, r0, r2
1000217c:	4199      	sbcs	r1, r3
1000217e:	3401      	adds	r4, #1
10002180:	4299      	cmp	r1, r3
10002182:	d3f2      	bcc.n	1000216a <y64_x64+0x3a>
10002184:	e7f6      	b.n	10002174 <y64_x64+0x44>
10002186:	0000      	.short	0x0000
10002188:	d0000000 	.word	0xd0000000
1000218c:	ffffffff 	.word	0xffffffff

10002190 <__wrap___aeabi_drsub>:
10002190:	4048      	eors	r0, r1
10002192:	4041      	eors	r1, r0
10002194:	4048      	eors	r0, r1

10002196 <__wrap___aeabi_dsub>:
10002196:	b418      	push	{r3, r4}
10002198:	4b13      	ldr	r3, [pc, #76]	@ (100021e8 <__wrap___aeabi_dmul+0xa>)
1000219a:	685b      	ldr	r3, [r3, #4]
1000219c:	9301      	str	r3, [sp, #4]
1000219e:	bd08      	pop	{r3, pc}

100021a0 <__wrap___aeabi_dadd>:
100021a0:	b418      	push	{r3, r4}
100021a2:	4b11      	ldr	r3, [pc, #68]	@ (100021e8 <__wrap___aeabi_dmul+0xa>)
100021a4:	681b      	ldr	r3, [r3, #0]
100021a6:	9301      	str	r3, [sp, #4]
100021a8:	bd08      	pop	{r3, pc}

100021aa <__wrap___aeabi_ddiv>:
100021aa:	4694      	mov	ip, r2
100021ac:	4a0f      	ldr	r2, [pc, #60]	@ (100021ec <__wrap___aeabi_dmul+0xe>)
100021ae:	6f92      	ldr	r2, [r2, #120]	@ 0x78
100021b0:	0892      	lsrs	r2, r2, #2
100021b2:	d205      	bcs.n	100021c0 <ddiv_save_state>
100021b4:	4662      	mov	r2, ip

100021b6 <ddiv_shim_call>:
100021b6:	b418      	push	{r3, r4}
100021b8:	4b0b      	ldr	r3, [pc, #44]	@ (100021e8 <__wrap___aeabi_dmul+0xa>)
100021ba:	68db      	ldr	r3, [r3, #12]
100021bc:	9301      	str	r3, [sp, #4]
100021be:	bd08      	pop	{r3, pc}

100021c0 <ddiv_save_state>:
100021c0:	4a0a      	ldr	r2, [pc, #40]	@ (100021ec <__wrap___aeabi_dmul+0xe>)
100021c2:	b5f0      	push	{r4, r5, r6, r7, lr}
100021c4:	6e14      	ldr	r4, [r2, #96]	@ 0x60
100021c6:	6e55      	ldr	r5, [r2, #100]	@ 0x64
100021c8:	6f57      	ldr	r7, [r2, #116]	@ 0x74
100021ca:	6f16      	ldr	r6, [r2, #112]	@ 0x70
100021cc:	4662      	mov	r2, ip
100021ce:	f7ff fff2 	bl	100021b6 <ddiv_shim_call>
100021d2:	4a06      	ldr	r2, [pc, #24]	@ (100021ec <__wrap___aeabi_dmul+0xe>)
100021d4:	6614      	str	r4, [r2, #96]	@ 0x60
100021d6:	6655      	str	r5, [r2, #100]	@ 0x64
100021d8:	6757      	str	r7, [r2, #116]	@ 0x74
100021da:	6716      	str	r6, [r2, #112]	@ 0x70
100021dc:	bdf0      	pop	{r4, r5, r6, r7, pc}

100021de <__wrap___aeabi_dmul>:
100021de:	b418      	push	{r3, r4}
100021e0:	4b01      	ldr	r3, [pc, #4]	@ (100021e8 <__wrap___aeabi_dmul+0xa>)
100021e2:	689b      	ldr	r3, [r3, #8]
100021e4:	9301      	str	r3, [sp, #4]
100021e6:	bd08      	pop	{r3, pc}
100021e8:	200011d0 	.word	0x200011d0
100021ec:	d0000000 	.word	0xd0000000

100021f0 <__wrap___aeabi_cdrcmple>:
100021f0:	b5ff      	push	{r0, r1, r2, r3, r4, r5, r6, r7, lr}
100021f2:	4050      	eors	r0, r2
100021f4:	4042      	eors	r2, r0
100021f6:	4050      	eors	r0, r2
100021f8:	4059      	eors	r1, r3
100021fa:	404b      	eors	r3, r1
100021fc:	4059      	eors	r1, r3
100021fe:	e000      	b.n	10002202 <__aeabi_dfcmple_guts>

10002200 <__wrap___aeabi_cdcmpeq>:
10002200:	b5ff      	push	{r0, r1, r2, r3, r4, r5, r6, r7, lr}

10002202 <__aeabi_dfcmple_guts>:
10002202:	4f15      	ldr	r7, [pc, #84]	@ (10002258 <__aeabi_dfcmple_guts+0x56>)
10002204:	004c      	lsls	r4, r1, #1
10002206:	0d64      	lsrs	r4, r4, #21
10002208:	d003      	beq.n	10002212 <__aeabi_dfcmple_guts+0x10>
1000220a:	42bc      	cmp	r4, r7
1000220c:	d104      	bne.n	10002218 <__aeabi_dfcmple_guts+0x16>
1000220e:	030c      	lsls	r4, r1, #12
10002210:	d814      	bhi.n	1000223c <__aeabi_dfcmple_guts+0x3a>
10002212:	2000      	movs	r0, #0
10002214:	0d09      	lsrs	r1, r1, #20
10002216:	0509      	lsls	r1, r1, #20
10002218:	005c      	lsls	r4, r3, #1
1000221a:	0d64      	lsrs	r4, r4, #21
1000221c:	d003      	beq.n	10002226 <__aeabi_dfcmple_guts+0x24>
1000221e:	42bc      	cmp	r4, r7
10002220:	d104      	bne.n	1000222c <__aeabi_dfcmple_guts+0x2a>
10002222:	031c      	lsls	r4, r3, #12
10002224:	d80a      	bhi.n	1000223c <__aeabi_dfcmple_guts+0x3a>
10002226:	2200      	movs	r2, #0
10002228:	0d1b      	lsrs	r3, r3, #20
1000222a:	051b      	lsls	r3, r3, #20
1000222c:	2601      	movs	r6, #1
1000222e:	404b      	eors	r3, r1
10002230:	d409      	bmi.n	10002246 <__aeabi_dfcmple_guts+0x44>
10002232:	404b      	eors	r3, r1
10002234:	d503      	bpl.n	1000223e <__aeabi_dfcmple_guts+0x3c>
10002236:	428b      	cmp	r3, r1
10002238:	d100      	bne.n	1000223c <__aeabi_dfcmple_guts+0x3a>
1000223a:	4282      	cmp	r2, r0
1000223c:	bdff      	pop	{r0, r1, r2, r3, r4, r5, r6, r7, pc}
1000223e:	4299      	cmp	r1, r3
10002240:	d1fc      	bne.n	1000223c <__aeabi_dfcmple_guts+0x3a>
10002242:	4290      	cmp	r0, r2
10002244:	bdff      	pop	{r0, r1, r2, r3, r4, r5, r6, r7, pc}
10002246:	430b      	orrs	r3, r1
10002248:	18db      	adds	r3, r3, r3
1000224a:	4303      	orrs	r3, r0
1000224c:	4313      	orrs	r3, r2
1000224e:	d0f5      	beq.n	1000223c <__aeabi_dfcmple_guts+0x3a>
10002250:	43c9      	mvns	r1, r1
10002252:	1849      	adds	r1, r1, r1
10002254:	bdff      	pop	{r0, r1, r2, r3, r4, r5, r6, r7, pc}
10002256:	0000      	.short	0x0000
10002258:	000007ff 	.word	0x000007ff

1000225c <__wrap___aeabi_dcmplt>:
1000225c:	b500      	push	{lr}
1000225e:	f7ff ffcf 	bl	10002200 <__wrap___aeabi_cdcmpeq>
10002262:	4180      	sbcs	r0, r0
10002264:	bd00      	pop	{pc}
10002266:	46c0      	nop			@ (mov r8, r8)

10002268 <__wrap___aeabi_dcmpge>:
10002268:	b500      	push	{lr}
1000226a:	f7ff ffc1 	bl	100021f0 <__wrap___aeabi_cdrcmple>
1000226e:	d901      	bls.n	10002274 <__wrap___aeabi_dcmpge+0xc>
10002270:	2000      	movs	r0, #0
10002272:	bd00      	pop	{pc}
10002274:	2001      	movs	r0, #1
10002276:	bd00      	pop	{pc}

10002278 <__wrap___aeabi_dcmpgt>:
10002278:	b500      	push	{lr}
1000227a:	f7ff ffb9 	bl	100021f0 <__wrap___aeabi_cdrcmple>
1000227e:	4180      	sbcs	r0, r0
10002280:	bd00      	pop	{pc}

10002282 <__wrap___aeabi_dcmpun>:
10002282:	2001      	movs	r0, #1
10002284:	0540      	lsls	r0, r0, #21
10002286:	004a      	lsls	r2, r1, #1
10002288:	1812      	adds	r2, r2, r0
1000228a:	d804      	bhi.n	10002296 <__wrap___aeabi_dcmpun+0x14>
1000228c:	005a      	lsls	r2, r3, #1
1000228e:	1812      	adds	r2, r2, r0
10002290:	d801      	bhi.n	10002296 <__wrap___aeabi_dcmpun+0x14>
10002292:	2000      	movs	r0, #0
10002294:	4770      	bx	lr
10002296:	2001      	movs	r0, #1
10002298:	4770      	bx	lr
	...

1000229c <__wrap___aeabi_ui2d>:
1000229c:	2100      	movs	r1, #0
1000229e:	2800      	cmp	r0, #0
100022a0:	d105      	bne.n	100022ae <__wrap___aeabi_i2d+0xa>
100022a2:	4770      	bx	lr

100022a4 <__wrap___aeabi_i2d>:
100022a4:	17c1      	asrs	r1, r0, #31
100022a6:	4048      	eors	r0, r1
100022a8:	1a40      	subs	r0, r0, r1
100022aa:	d0fa      	beq.n	100022a2 <__wrap___aeabi_ui2d+0x6>
100022ac:	07c9      	lsls	r1, r1, #31
100022ae:	b513      	push	{r0, r1, r4, lr}
100022b0:	4b06      	ldr	r3, [pc, #24]	@ (100022cc <__wrap___aeabi_i2d+0x28>)
100022b2:	681b      	ldr	r3, [r3, #0]
100022b4:	4798      	blx	r3
100022b6:	bc0c      	pop	{r2, r3}
100022b8:	1c44      	adds	r4, r0, #1
100022ba:	40a2      	lsls	r2, r4
100022bc:	0510      	lsls	r0, r2, #20
100022be:	0b12      	lsrs	r2, r2, #12
100022c0:	4903      	ldr	r1, [pc, #12]	@ (100022d0 <__wrap___aeabi_i2d+0x2c>)
100022c2:	1b09      	subs	r1, r1, r4
100022c4:	0509      	lsls	r1, r1, #20
100022c6:	4319      	orrs	r1, r3
100022c8:	4311      	orrs	r1, r2
100022ca:	bd10      	pop	{r4, pc}
100022cc:	20002294 	.word	0x20002294
100022d0:	0000041f 	.word	0x0000041f

100022d4 <__wrap___aeabi_d2iz>:
100022d4:	b510      	push	{r4, lr}
100022d6:	004c      	lsls	r4, r1, #1
100022d8:	0d62      	lsrs	r2, r4, #21
100022da:	2380      	movs	r3, #128	@ 0x80
100022dc:	18d2      	adds	r2, r2, r3
100022de:	00db      	lsls	r3, r3, #3
100022e0:	1ad2      	subs	r2, r2, r3
100022e2:	055b      	lsls	r3, r3, #21
100022e4:	2a7e      	cmp	r2, #126	@ 0x7e
100022e6:	dd10      	ble.n	1000230a <__wrap___aeabi_d2iz+0x36>
100022e8:	3a9e      	subs	r2, #158	@ 0x9e
100022ea:	da13      	bge.n	10002314 <__wrap___aeabi_d2iz+0x40>
100022ec:	17cc      	asrs	r4, r1, #31
100022ee:	0309      	lsls	r1, r1, #12
100022f0:	0849      	lsrs	r1, r1, #1
100022f2:	4319      	orrs	r1, r3
100022f4:	4252      	negs	r2, r2
100022f6:	40d1      	lsrs	r1, r2
100022f8:	0064      	lsls	r4, r4, #1
100022fa:	3401      	adds	r4, #1
100022fc:	3215      	adds	r2, #21
100022fe:	2a20      	cmp	r2, #32
10002300:	da05      	bge.n	1000230e <__wrap___aeabi_d2iz+0x3a>
10002302:	40d0      	lsrs	r0, r2
10002304:	4308      	orrs	r0, r1
10002306:	4360      	muls	r0, r4
10002308:	bd10      	pop	{r4, pc}
1000230a:	2000      	movs	r0, #0
1000230c:	bd10      	pop	{r4, pc}
1000230e:	4608      	mov	r0, r1
10002310:	4360      	muls	r0, r4
10002312:	bd10      	pop	{r4, pc}
10002314:	0fc8      	lsrs	r0, r1, #31
10002316:	18c0      	adds	r0, r0, r3
10002318:	3801      	subs	r0, #1
1000231a:	bd10      	pop	{r4, pc}

1000231c <__wrap___aeabi_d2uiz>:
1000231c:	b418      	push	{r3, r4}
1000231e:	4b02      	ldr	r3, [pc, #8]	@ (10002328 <__wrap___aeabi_d2uiz+0xc>)
10002320:	6a5b      	ldr	r3, [r3, #36]	@ 0x24
10002322:	9301      	str	r3, [sp, #4]
10002324:	bd08      	pop	{r3, pc}
10002326:	0000      	.short	0x0000
10002328:	200011d0 	.word	0x200011d0

1000232c <missing_double_func_shim>:
1000232c:	b510      	push	{r4, lr}
1000232e:	4801      	ldr	r0, [pc, #4]	@ (10002334 <missing_double_func_shim+0x8>)
10002330:	f7fe f9ae 	bl	10000690 <panic>
10002334:	10009388 	.word	0x10009388

10002338 <__aeabi_double_init>:
10002338:	2313      	movs	r3, #19
1000233a:	b570      	push	{r4, r5, r6, lr}
1000233c:	781d      	ldrb	r5, [r3, #0]
1000233e:	2d01      	cmp	r5, #1
10002340:	d019      	beq.n	10002376 <__aeabi_double_init+0x3e>
10002342:	dd14      	ble.n	1000236e <__aeabi_double_init+0x36>
10002344:	481d      	ldr	r0, [pc, #116]	@ (100023bc <__aeabi_double_init+0x84>)
10002346:	f7ff fb91 	bl	10001a6c <rom_data_lookup>
1000234a:	0006      	movs	r6, r0
1000234c:	481c      	ldr	r0, [pc, #112]	@ (100023c0 <__aeabi_double_init+0x88>)
1000234e:	f7ff fb8d 	bl	10001a6c <rom_data_lookup>
10002352:	4c1c      	ldr	r4, [pc, #112]	@ (100023c4 <__aeabi_double_init+0x8c>)
10002354:	2280      	movs	r2, #128	@ 0x80
10002356:	0031      	movs	r1, r6
10002358:	0020      	movs	r0, r4
1000235a:	f000 f929 	bl	100025b0 <__wrap___aeabi_memcpy>
1000235e:	2d02      	cmp	r5, #2
10002360:	d006      	beq.n	10002370 <__aeabi_double_init+0x38>
10002362:	4819      	ldr	r0, [pc, #100]	@ (100023c8 <__aeabi_double_init+0x90>)
10002364:	f7ff fb7a 	bl	10001a5c <rom_func_lookup>
10002368:	4b18      	ldr	r3, [pc, #96]	@ (100023cc <__aeabi_double_init+0x94>)
1000236a:	6018      	str	r0, [r3, #0]
1000236c:	bd70      	pop	{r4, r5, r6, pc}
1000236e:	4c15      	ldr	r4, [pc, #84]	@ (100023c4 <__aeabi_double_init+0x8c>)
10002370:	4b17      	ldr	r3, [pc, #92]	@ (100023d0 <__aeabi_double_init+0x98>)
10002372:	64a3      	str	r3, [r4, #72]	@ 0x48
10002374:	e7f5      	b.n	10002362 <__aeabi_double_init+0x2a>
10002376:	4b17      	ldr	r3, [pc, #92]	@ (100023d4 <__aeabi_double_init+0x9c>)
10002378:	4c12      	ldr	r4, [pc, #72]	@ (100023c4 <__aeabi_double_init+0x8c>)
1000237a:	6023      	str	r3, [r4, #0]
1000237c:	6063      	str	r3, [r4, #4]
1000237e:	60a3      	str	r3, [r4, #8]
10002380:	60e3      	str	r3, [r4, #12]
10002382:	6123      	str	r3, [r4, #16]
10002384:	6163      	str	r3, [r4, #20]
10002386:	61a3      	str	r3, [r4, #24]
10002388:	61e3      	str	r3, [r4, #28]
1000238a:	6223      	str	r3, [r4, #32]
1000238c:	6263      	str	r3, [r4, #36]	@ 0x24
1000238e:	62a3      	str	r3, [r4, #40]	@ 0x28
10002390:	62e3      	str	r3, [r4, #44]	@ 0x2c
10002392:	6323      	str	r3, [r4, #48]	@ 0x30
10002394:	6363      	str	r3, [r4, #52]	@ 0x34
10002396:	63a3      	str	r3, [r4, #56]	@ 0x38
10002398:	63e3      	str	r3, [r4, #60]	@ 0x3c
1000239a:	6423      	str	r3, [r4, #64]	@ 0x40
1000239c:	6463      	str	r3, [r4, #68]	@ 0x44
1000239e:	64a3      	str	r3, [r4, #72]	@ 0x48
100023a0:	64e3      	str	r3, [r4, #76]	@ 0x4c
100023a2:	6523      	str	r3, [r4, #80]	@ 0x50
100023a4:	6563      	str	r3, [r4, #84]	@ 0x54
100023a6:	65a3      	str	r3, [r4, #88]	@ 0x58
100023a8:	65e3      	str	r3, [r4, #92]	@ 0x5c
100023aa:	6623      	str	r3, [r4, #96]	@ 0x60
100023ac:	6663      	str	r3, [r4, #100]	@ 0x64
100023ae:	66a3      	str	r3, [r4, #104]	@ 0x68
100023b0:	66e3      	str	r3, [r4, #108]	@ 0x6c
100023b2:	6723      	str	r3, [r4, #112]	@ 0x70
100023b4:	6763      	str	r3, [r4, #116]	@ 0x74
100023b6:	67a3      	str	r3, [r4, #120]	@ 0x78
100023b8:	67e3      	str	r3, [r4, #124]	@ 0x7c
100023ba:	e7d9      	b.n	10002370 <__aeabi_double_init+0x38>
100023bc:	00004453 	.word	0x00004453
100023c0:	00004653 	.word	0x00004653
100023c4:	200011d0 	.word	0x200011d0
100023c8:	0000334c 	.word	0x0000334c
100023cc:	20002294 	.word	0x20002294
100023d0:	100023d9 	.word	0x100023d9
100023d4:	1000232d 	.word	0x1000232d

100023d8 <double_table_shim_on_use_helper>:
100023d8:	b507      	push	{r0, r1, r2, lr}
100023da:	4660      	mov	r0, ip
100023dc:	8801      	ldrh	r1, [r0, #0]
100023de:	0a0a      	lsrs	r2, r1, #8
100023e0:	3002      	adds	r0, #2
100023e2:	2adf      	cmp	r2, #223	@ 0xdf
100023e4:	d1fa      	bne.n	100023dc <double_table_shim_on_use_helper+0x4>
100023e6:	b2c9      	uxtb	r1, r1
100023e8:	0882      	lsrs	r2, r0, #2
100023ea:	d304      	bcc.n	100023f6 <double_table_shim_on_use_helper+0x1e>
100023ec:	8802      	ldrh	r2, [r0, #0]
100023ee:	8840      	ldrh	r0, [r0, #2]
100023f0:	0400      	lsls	r0, r0, #16
100023f2:	4310      	orrs	r0, r2
100023f4:	e000      	b.n	100023f8 <double_table_shim_on_use_helper+0x20>
100023f6:	6800      	ldr	r0, [r0, #0]
100023f8:	4a01      	ldr	r2, [pc, #4]	@ (10002400 <double_table_shim_on_use_helper+0x28>)
100023fa:	5050      	str	r0, [r2, r1]
100023fc:	9003      	str	r0, [sp, #12]
100023fe:	bd07      	pop	{r0, r1, r2, pc}
10002400:	200011d0 	.word	0x200011d0

10002404 <__wrap___aeabi_lmul>:
10002404:	4351      	muls	r1, r2
10002406:	4343      	muls	r3, r0
10002408:	18c9      	adds	r1, r1, r3
1000240a:	468c      	mov	ip, r1
1000240c:	0c11      	lsrs	r1, r2, #16
1000240e:	b283      	uxth	r3, r0
10002410:	434b      	muls	r3, r1
10002412:	b410      	push	{r4}
10002414:	0c04      	lsrs	r4, r0, #16
10002416:	4361      	muls	r1, r4
10002418:	b292      	uxth	r2, r2
1000241a:	b280      	uxth	r0, r0
1000241c:	4350      	muls	r0, r2
1000241e:	4362      	muls	r2, r4
10002420:	041c      	lsls	r4, r3, #16
10002422:	0c1b      	lsrs	r3, r3, #16
10002424:	1900      	adds	r0, r0, r4
10002426:	bc10      	pop	{r4}
10002428:	4159      	adcs	r1, r3
1000242a:	0413      	lsls	r3, r2, #16
1000242c:	0c12      	lsrs	r2, r2, #16
1000242e:	18c0      	adds	r0, r0, r3
10002430:	4151      	adcs	r1, r2
10002432:	4461      	add	r1, ip
10002434:	4770      	bx	lr
	...

10002438 <__wrap___aeabi_frsub>:
10002438:	4048      	eors	r0, r1
1000243a:	4041      	eors	r1, r0
1000243c:	4048      	eors	r0, r1

1000243e <__wrap___aeabi_fsub>:
1000243e:	4b0e      	ldr	r3, [pc, #56]	@ (10002478 <__wrap___aeabi_fmul+0x6>)
10002440:	685b      	ldr	r3, [r3, #4]
10002442:	4718      	bx	r3

10002444 <__wrap___aeabi_fadd>:
10002444:	4b0c      	ldr	r3, [pc, #48]	@ (10002478 <__wrap___aeabi_fmul+0x6>)
10002446:	681b      	ldr	r3, [r3, #0]
10002448:	4718      	bx	r3

1000244a <__wrap___aeabi_fdiv>:
1000244a:	4a0c      	ldr	r2, [pc, #48]	@ (1000247c <__wrap___aeabi_fmul+0xa>)
1000244c:	6f93      	ldr	r3, [r2, #120]	@ 0x78
1000244e:	089b      	lsrs	r3, r3, #2
10002450:	d202      	bcs.n	10002458 <fdiv_save_state>

10002452 <fdiv_shim_call>:
10002452:	4b09      	ldr	r3, [pc, #36]	@ (10002478 <__wrap___aeabi_fmul+0x6>)
10002454:	68db      	ldr	r3, [r3, #12]
10002456:	4718      	bx	r3

10002458 <fdiv_save_state>:
10002458:	b5f0      	push	{r4, r5, r6, r7, lr}
1000245a:	6e14      	ldr	r4, [r2, #96]	@ 0x60
1000245c:	6e55      	ldr	r5, [r2, #100]	@ 0x64
1000245e:	6f57      	ldr	r7, [r2, #116]	@ 0x74
10002460:	6f16      	ldr	r6, [r2, #112]	@ 0x70
10002462:	f7ff fff6 	bl	10002452 <fdiv_shim_call>
10002466:	4a05      	ldr	r2, [pc, #20]	@ (1000247c <__wrap___aeabi_fmul+0xa>)
10002468:	6614      	str	r4, [r2, #96]	@ 0x60
1000246a:	6655      	str	r5, [r2, #100]	@ 0x64
1000246c:	6757      	str	r7, [r2, #116]	@ 0x74
1000246e:	6716      	str	r6, [r2, #112]	@ 0x70
10002470:	bdf0      	pop	{r4, r5, r6, r7, pc}

10002472 <__wrap___aeabi_fmul>:
10002472:	4b01      	ldr	r3, [pc, #4]	@ (10002478 <__wrap___aeabi_fmul+0x6>)
10002474:	689b      	ldr	r3, [r3, #8]
10002476:	4718      	bx	r3
10002478:	20002298 	.word	0x20002298
1000247c:	d0000000 	.word	0xd0000000

10002480 <__wrap___aeabi_i2f>:
10002480:	0fc1      	lsrs	r1, r0, #31
10002482:	07c9      	lsls	r1, r1, #31
10002484:	d500      	bpl.n	10002488 <__wrap___aeabi_i2f+0x8>
10002486:	4240      	negs	r0, r0
10002488:	2800      	cmp	r0, #0
1000248a:	d017      	beq.n	100024bc <__aeabi_i2f_main+0x30>

1000248c <__aeabi_i2f_main>:
1000248c:	46f4      	mov	ip, lr
1000248e:	b403      	push	{r0, r1}
10002490:	4b0b      	ldr	r3, [pc, #44]	@ (100024c0 <__aeabi_i2f_main+0x34>)
10002492:	681b      	ldr	r3, [r3, #0]
10002494:	4798      	blx	r3
10002496:	bc06      	pop	{r1, r2}
10002498:	4081      	lsls	r1, r0
1000249a:	389e      	subs	r0, #158	@ 0x9e
1000249c:	4240      	negs	r0, r0
1000249e:	3180      	adds	r1, #128	@ 0x80
100024a0:	d207      	bcs.n	100024b2 <__aeabi_i2f_main+0x26>
100024a2:	060b      	lsls	r3, r1, #24
100024a4:	d007      	beq.n	100024b6 <__aeabi_i2f_main+0x2a>
100024a6:	0049      	lsls	r1, r1, #1
100024a8:	0a49      	lsrs	r1, r1, #9
100024aa:	05c0      	lsls	r0, r0, #23
100024ac:	4310      	orrs	r0, r2
100024ae:	4308      	orrs	r0, r1
100024b0:	4760      	bx	ip
100024b2:	3001      	adds	r0, #1
100024b4:	e7f8      	b.n	100024a8 <__aeabi_i2f_main+0x1c>
100024b6:	0a49      	lsrs	r1, r1, #9
100024b8:	0289      	lsls	r1, r1, #10
100024ba:	e7f5      	b.n	100024a8 <__aeabi_i2f_main+0x1c>
100024bc:	4770      	bx	lr
100024be:	0000      	.short	0x0000
100024c0:	20002294 	.word	0x20002294

100024c4 <__wrap___aeabi_f2iz>:
100024c4:	0041      	lsls	r1, r0, #1
100024c6:	0e0a      	lsrs	r2, r1, #24
100024c8:	2380      	movs	r3, #128	@ 0x80
100024ca:	061b      	lsls	r3, r3, #24
100024cc:	2a7e      	cmp	r2, #126	@ 0x7e
100024ce:	dd0b      	ble.n	100024e8 <__wrap___aeabi_f2iz+0x24>
100024d0:	3a9e      	subs	r2, #158	@ 0x9e
100024d2:	da0b      	bge.n	100024ec <__wrap___aeabi_f2iz+0x28>
100024d4:	17c1      	asrs	r1, r0, #31
100024d6:	0240      	lsls	r0, r0, #9
100024d8:	0840      	lsrs	r0, r0, #1
100024da:	4318      	orrs	r0, r3
100024dc:	4252      	negs	r2, r2
100024de:	40d0      	lsrs	r0, r2
100024e0:	0049      	lsls	r1, r1, #1
100024e2:	3101      	adds	r1, #1
100024e4:	4348      	muls	r0, r1
100024e6:	4770      	bx	lr
100024e8:	2000      	movs	r0, #0
100024ea:	4770      	bx	lr
100024ec:	0fc0      	lsrs	r0, r0, #31
100024ee:	18c0      	adds	r0, r0, r3
100024f0:	3801      	subs	r0, #1
100024f2:	4770      	bx	lr
100024f4:	42c0      	cmn	r0, r0
100024f6:	d30d      	bcc.n	10002514 <float2int>
100024f8:	b500      	push	{lr}
100024fa:	0040      	lsls	r0, r0, #1
100024fc:	0840      	lsrs	r0, r0, #1
100024fe:	2100      	movs	r1, #0
10002500:	f000 f80e 	bl	10002520 <__wrap___aeabi_f2uiz>
10002504:	2800      	cmp	r0, #0
10002506:	d401      	bmi.n	1000250c <__wrap___aeabi_f2iz+0x48>
10002508:	4240      	negs	r0, r0
1000250a:	bd00      	pop	{pc}
1000250c:	2080      	movs	r0, #128	@ 0x80
1000250e:	0600      	lsls	r0, r0, #24
10002510:	bd00      	pop	{pc}
	...

10002514 <float2int>:
10002514:	4b01      	ldr	r3, [pc, #4]	@ (1000251c <float2int+0x8>)
10002516:	69db      	ldr	r3, [r3, #28]
10002518:	4718      	bx	r3
1000251a:	0000      	.short	0x0000
1000251c:	20002298 	.word	0x20002298

10002520 <__wrap___aeabi_f2uiz>:
10002520:	4b01      	ldr	r3, [pc, #4]	@ (10002528 <__wrap___aeabi_f2uiz+0x8>)
10002522:	6a5b      	ldr	r3, [r3, #36]	@ 0x24
10002524:	4718      	bx	r3
10002526:	0000      	.short	0x0000
10002528:	20002298 	.word	0x20002298

1000252c <missing_float_func_shim>:
1000252c:	b510      	push	{r4, lr}
1000252e:	4801      	ldr	r0, [pc, #4]	@ (10002534 <missing_float_func_shim+0x8>)
10002530:	f7fe f8ae 	bl	10000690 <panic>
10002534:	100092e0 	.word	0x100092e0

10002538 <__aeabi_float_init>:
10002538:	2313      	movs	r3, #19
1000253a:	b510      	push	{r4, lr}
1000253c:	4810      	ldr	r0, [pc, #64]	@ (10002580 <__aeabi_float_init+0x48>)
1000253e:	781c      	ldrb	r4, [r3, #0]
10002540:	f7ff fa94 	bl	10001a6c <rom_data_lookup>
10002544:	0001      	movs	r1, r0
10002546:	2c01      	cmp	r4, #1
10002548:	d00a      	beq.n	10002560 <__aeabi_float_init+0x28>
1000254a:	dd03      	ble.n	10002554 <__aeabi_float_init+0x1c>
1000254c:	2280      	movs	r2, #128	@ 0x80
1000254e:	480d      	ldr	r0, [pc, #52]	@ (10002584 <__aeabi_float_init+0x4c>)
10002550:	f000 f82e 	bl	100025b0 <__wrap___aeabi_memcpy>
10002554:	480c      	ldr	r0, [pc, #48]	@ (10002588 <__aeabi_float_init+0x50>)
10002556:	f7ff fa81 	bl	10001a5c <rom_func_lookup>
1000255a:	4b0c      	ldr	r3, [pc, #48]	@ (1000258c <__aeabi_float_init+0x54>)
1000255c:	6018      	str	r0, [r3, #0]
1000255e:	bd10      	pop	{r4, pc}
10002560:	4c08      	ldr	r4, [pc, #32]	@ (10002584 <__aeabi_float_init+0x4c>)
10002562:	2254      	movs	r2, #84	@ 0x54
10002564:	0020      	movs	r0, r4
10002566:	f000 f823 	bl	100025b0 <__wrap___aeabi_memcpy>
1000256a:	0022      	movs	r2, r4
1000256c:	4908      	ldr	r1, [pc, #32]	@ (10002590 <__aeabi_float_init+0x58>)
1000256e:	3280      	adds	r2, #128	@ 0x80
10002570:	6823      	ldr	r3, [r4, #0]
10002572:	2b00      	cmp	r3, #0
10002574:	d100      	bne.n	10002578 <__aeabi_float_init+0x40>
10002576:	6021      	str	r1, [r4, #0]
10002578:	3404      	adds	r4, #4
1000257a:	4294      	cmp	r4, r2
1000257c:	d1f8      	bne.n	10002570 <__aeabi_float_init+0x38>
1000257e:	e7e9      	b.n	10002554 <__aeabi_float_init+0x1c>
10002580:	00004653 	.word	0x00004653
10002584:	20002298 	.word	0x20002298
10002588:	0000334c 	.word	0x0000334c
1000258c:	20002294 	.word	0x20002294
10002590:	1000252d 	.word	0x1000252d

10002594 <__aeabi_mem_init>:
10002594:	4801      	ldr	r0, [pc, #4]	@ (1000259c <__aeabi_mem_init+0x8>)
10002596:	2104      	movs	r1, #4
10002598:	4b01      	ldr	r3, [pc, #4]	@ (100025a0 <__aeabi_mem_init+0xc>)
1000259a:	4718      	bx	r3
1000259c:	20000fd0 	.word	0x20000fd0
100025a0:	10001a7d 	.word	0x10001a7d

100025a4 <__wrap_memset>:
100025a4:	4b01      	ldr	r3, [pc, #4]	@ (100025ac <__wrap_memset+0x8>)
100025a6:	681b      	ldr	r3, [r3, #0]
100025a8:	4718      	bx	r3
100025aa:	0000      	.short	0x0000
100025ac:	20000fd0 	.word	0x20000fd0

100025b0 <__wrap___aeabi_memcpy>:
100025b0:	4b01      	ldr	r3, [pc, #4]	@ (100025b8 <__wrap___aeabi_memcpy+0x8>)
100025b2:	685b      	ldr	r3, [r3, #4]
100025b4:	4718      	bx	r3
100025b6:	0000      	.short	0x0000
100025b8:	20000fd0 	.word	0x20000fd0

100025bc <_out_null>:
100025bc:	4770      	bx	lr
100025be:	46c0      	nop			@ (mov r8, r8)

100025c0 <_out_rev>:
100025c0:	b5f8      	push	{r3, r4, r5, r6, r7, lr}
100025c2:	4657      	mov	r7, sl
100025c4:	46de      	mov	lr, fp
100025c6:	464e      	mov	r6, r9
100025c8:	4645      	mov	r5, r8
100025ca:	b5e0      	push	{r5, r6, r7, lr}
100025cc:	4699      	mov	r9, r3
100025ce:	9b0a      	ldr	r3, [sp, #40]	@ 0x28
100025d0:	0007      	movs	r7, r0
100025d2:	469a      	mov	sl, r3
100025d4:	9b0d      	ldr	r3, [sp, #52]	@ 0x34
100025d6:	4688      	mov	r8, r1
100025d8:	4693      	mov	fp, r2
100025da:	9c0b      	ldr	r4, [sp, #44]	@ 0x2c
100025dc:	079b      	lsls	r3, r3, #30
100025de:	d13b      	bne.n	10002658 <_out_rev+0x98>
100025e0:	9b0c      	ldr	r3, [sp, #48]	@ 0x30
100025e2:	429c      	cmp	r4, r3
100025e4:	d23d      	bcs.n	10002662 <_out_rev+0xa2>
100025e6:	1b1e      	subs	r6, r3, r4
100025e8:	940b      	str	r4, [sp, #44]	@ 0x2c
100025ea:	0015      	movs	r5, r2
100025ec:	000c      	movs	r4, r1
100025ee:	445e      	add	r6, fp
100025f0:	002a      	movs	r2, r5
100025f2:	464b      	mov	r3, r9
100025f4:	3501      	adds	r5, #1
100025f6:	0021      	movs	r1, r4
100025f8:	2020      	movs	r0, #32
100025fa:	47b8      	blx	r7
100025fc:	42b5      	cmp	r5, r6
100025fe:	d1f7      	bne.n	100025f0 <_out_rev+0x30>
10002600:	46a0      	mov	r8, r4
10002602:	9c0b      	ldr	r4, [sp, #44]	@ 0x2c
10002604:	2c00      	cmp	r4, #0
10002606:	d020      	beq.n	1000264a <_out_rev+0x8a>
10002608:	4645      	mov	r5, r8
1000260a:	1936      	adds	r6, r6, r4
1000260c:	4653      	mov	r3, sl
1000260e:	1b32      	subs	r2, r6, r4
10002610:	3c01      	subs	r4, #1
10002612:	5d18      	ldrb	r0, [r3, r4]
10002614:	0029      	movs	r1, r5
10002616:	464b      	mov	r3, r9
10002618:	47b8      	blx	r7
1000261a:	2c00      	cmp	r4, #0
1000261c:	d1f6      	bne.n	1000260c <_out_rev+0x4c>
1000261e:	002b      	movs	r3, r5
10002620:	0035      	movs	r5, r6
10002622:	4698      	mov	r8, r3
10002624:	9b0d      	ldr	r3, [sp, #52]	@ 0x34
10002626:	079b      	lsls	r3, r3, #30
10002628:	d50f      	bpl.n	1000264a <_out_rev+0x8a>
1000262a:	465b      	mov	r3, fp
1000262c:	1aec      	subs	r4, r5, r3
1000262e:	9b0c      	ldr	r3, [sp, #48]	@ 0x30
10002630:	42a3      	cmp	r3, r4
10002632:	d90a      	bls.n	1000264a <_out_rev+0x8a>
10002634:	4646      	mov	r6, r8
10002636:	4698      	mov	r8, r3
10002638:	002a      	movs	r2, r5
1000263a:	464b      	mov	r3, r9
1000263c:	0031      	movs	r1, r6
1000263e:	2020      	movs	r0, #32
10002640:	3401      	adds	r4, #1
10002642:	47b8      	blx	r7
10002644:	3501      	adds	r5, #1
10002646:	4544      	cmp	r4, r8
10002648:	d3f6      	bcc.n	10002638 <_out_rev+0x78>
1000264a:	0028      	movs	r0, r5
1000264c:	bcf0      	pop	{r4, r5, r6, r7}
1000264e:	46bb      	mov	fp, r7
10002650:	46b2      	mov	sl, r6
10002652:	46a9      	mov	r9, r5
10002654:	46a0      	mov	r8, r4
10002656:	bdf8      	pop	{r3, r4, r5, r6, r7, pc}
10002658:	0016      	movs	r6, r2
1000265a:	0015      	movs	r5, r2
1000265c:	2c00      	cmp	r4, #0
1000265e:	d1d3      	bne.n	10002608 <_out_rev+0x48>
10002660:	e7e0      	b.n	10002624 <_out_rev+0x64>
10002662:	0016      	movs	r6, r2
10002664:	2c00      	cmp	r4, #0
10002666:	d1cf      	bne.n	10002608 <_out_rev+0x48>
10002668:	0015      	movs	r5, r2
1000266a:	e7ee      	b.n	1000264a <_out_rev+0x8a>

1000266c <_ntoa_format>:
1000266c:	b5f0      	push	{r4, r5, r6, r7, lr}
1000266e:	464f      	mov	r7, r9
10002670:	4646      	mov	r6, r8
10002672:	46d6      	mov	lr, sl
10002674:	b5c0      	push	{r6, r7, lr}
10002676:	b084      	sub	sp, #16
10002678:	4698      	mov	r8, r3
1000267a:	ab0e      	add	r3, sp, #56	@ 0x38
1000267c:	781b      	ldrb	r3, [r3, #0]
1000267e:	4694      	mov	ip, r2
10002680:	4699      	mov	r9, r3
10002682:	9b12      	ldr	r3, [sp, #72]	@ 0x48
10002684:	9c0d      	ldr	r4, [sp, #52]	@ 0x34
10002686:	9f10      	ldr	r7, [sp, #64]	@ 0x40
10002688:	9e11      	ldr	r6, [sp, #68]	@ 0x44
1000268a:	079a      	lsls	r2, r3, #30
1000268c:	d425      	bmi.n	100026da <_ntoa_format+0x6e>
1000268e:	2e00      	cmp	r6, #0
10002690:	d165      	bne.n	1000275e <_ntoa_format+0xf2>
10002692:	42bc      	cmp	r4, r7
10002694:	d221      	bcs.n	100026da <_ntoa_format+0x6e>
10002696:	2201      	movs	r2, #1
10002698:	401a      	ands	r2, r3
1000269a:	4692      	mov	sl, r2
1000269c:	2c20      	cmp	r4, #32
1000269e:	d100      	bne.n	100026a2 <_ntoa_format+0x36>
100026a0:	e0e9      	b.n	10002876 <_ntoa_format+0x20a>
100026a2:	9a0c      	ldr	r2, [sp, #48]	@ 0x30
100026a4:	1e55      	subs	r5, r2, #1
100026a6:	2230      	movs	r2, #48	@ 0x30
100026a8:	e002      	b.n	100026b0 <_ntoa_format+0x44>
100026aa:	2c20      	cmp	r4, #32
100026ac:	d100      	bne.n	100026b0 <_ntoa_format+0x44>
100026ae:	e07b      	b.n	100027a8 <_ntoa_format+0x13c>
100026b0:	3401      	adds	r4, #1
100026b2:	552a      	strb	r2, [r5, r4]
100026b4:	42a7      	cmp	r7, r4
100026b6:	d8f8      	bhi.n	100026aa <_ntoa_format+0x3e>
100026b8:	4652      	mov	r2, sl
100026ba:	2a00      	cmp	r2, #0
100026bc:	d00d      	beq.n	100026da <_ntoa_format+0x6e>
100026be:	42b4      	cmp	r4, r6
100026c0:	d20b      	bcs.n	100026da <_ntoa_format+0x6e>
100026c2:	9a0c      	ldr	r2, [sp, #48]	@ 0x30
100026c4:	1e55      	subs	r5, r2, #1
100026c6:	2230      	movs	r2, #48	@ 0x30
100026c8:	2c20      	cmp	r4, #32
100026ca:	d102      	bne.n	100026d2 <_ntoa_format+0x66>
100026cc:	e071      	b.n	100027b2 <_ntoa_format+0x146>
100026ce:	2c20      	cmp	r4, #32
100026d0:	d02d      	beq.n	1000272e <_ntoa_format+0xc2>
100026d2:	3401      	adds	r4, #1
100026d4:	552a      	strb	r2, [r5, r4]
100026d6:	42b4      	cmp	r4, r6
100026d8:	d1f9      	bne.n	100026ce <_ntoa_format+0x62>
100026da:	06da      	lsls	r2, r3, #27
100026dc:	d53c      	bpl.n	10002758 <_ntoa_format+0xec>
100026de:	055a      	lsls	r2, r3, #21
100026e0:	d42e      	bmi.n	10002740 <_ntoa_format+0xd4>
100026e2:	2c00      	cmp	r4, #0
100026e4:	d128      	bne.n	10002738 <_ntoa_format+0xcc>
100026e6:	9a0f      	ldr	r2, [sp, #60]	@ 0x3c
100026e8:	2a10      	cmp	r2, #16
100026ea:	d100      	bne.n	100026ee <_ntoa_format+0x82>
100026ec:	e0b6      	b.n	1000285c <_ntoa_format+0x1f0>
100026ee:	2a02      	cmp	r2, #2
100026f0:	d100      	bne.n	100026f4 <_ntoa_format+0x88>
100026f2:	e0bc      	b.n	1000286e <_ntoa_format+0x202>
100026f4:	2230      	movs	r2, #48	@ 0x30
100026f6:	9c0c      	ldr	r4, [sp, #48]	@ 0x30
100026f8:	7022      	strb	r2, [r4, #0]
100026fa:	2401      	movs	r4, #1
100026fc:	464a      	mov	r2, r9
100026fe:	2a00      	cmp	r2, #0
10002700:	d165      	bne.n	100027ce <_ntoa_format+0x162>
10002702:	075a      	lsls	r2, r3, #29
10002704:	d400      	bmi.n	10002708 <_ntoa_format+0x9c>
10002706:	e099      	b.n	1000283c <_ntoa_format+0x1d0>
10002708:	222b      	movs	r2, #43	@ 0x2b
1000270a:	9d0c      	ldr	r5, [sp, #48]	@ 0x30
1000270c:	552a      	strb	r2, [r5, r4]
1000270e:	3401      	adds	r4, #1
10002710:	9303      	str	r3, [sp, #12]
10002712:	9b0c      	ldr	r3, [sp, #48]	@ 0x30
10002714:	4662      	mov	r2, ip
10002716:	9300      	str	r3, [sp, #0]
10002718:	9602      	str	r6, [sp, #8]
1000271a:	4643      	mov	r3, r8
1000271c:	9401      	str	r4, [sp, #4]
1000271e:	f7ff ff4f 	bl	100025c0 <_out_rev>
10002722:	b004      	add	sp, #16
10002724:	bce0      	pop	{r5, r6, r7}
10002726:	46ba      	mov	sl, r7
10002728:	46b1      	mov	r9, r6
1000272a:	46a8      	mov	r8, r5
1000272c:	bdf0      	pop	{r4, r5, r6, r7, pc}
1000272e:	2420      	movs	r4, #32
10002730:	06da      	lsls	r2, r3, #27
10002732:	d5ed      	bpl.n	10002710 <_ntoa_format+0xa4>
10002734:	055a      	lsls	r2, r3, #21
10002736:	d403      	bmi.n	10002740 <_ntoa_format+0xd4>
10002738:	42a7      	cmp	r7, r4
1000273a:	d066      	beq.n	1000280a <_ntoa_format+0x19e>
1000273c:	42b4      	cmp	r4, r6
1000273e:	d064      	beq.n	1000280a <_ntoa_format+0x19e>
10002740:	9a0f      	ldr	r2, [sp, #60]	@ 0x3c
10002742:	2a10      	cmp	r2, #16
10002744:	d071      	beq.n	1000282a <_ntoa_format+0x1be>
10002746:	2a02      	cmp	r2, #2
10002748:	d057      	beq.n	100027fa <_ntoa_format+0x18e>
1000274a:	2c20      	cmp	r4, #32
1000274c:	d0e0      	beq.n	10002710 <_ntoa_format+0xa4>
1000274e:	0022      	movs	r2, r4
10002750:	3401      	adds	r4, #1
10002752:	2530      	movs	r5, #48	@ 0x30
10002754:	9f0c      	ldr	r7, [sp, #48]	@ 0x30
10002756:	54bd      	strb	r5, [r7, r2]
10002758:	2c20      	cmp	r4, #32
1000275a:	d0d9      	beq.n	10002710 <_ntoa_format+0xa4>
1000275c:	e7ce      	b.n	100026fc <_ntoa_format+0x90>
1000275e:	2201      	movs	r2, #1
10002760:	0015      	movs	r5, r2
10002762:	401d      	ands	r5, r3
10002764:	46aa      	mov	sl, r5
10002766:	421a      	tst	r2, r3
10002768:	d036      	beq.n	100027d8 <_ntoa_format+0x16c>
1000276a:	464a      	mov	r2, r9
1000276c:	2a00      	cmp	r2, #0
1000276e:	d14a      	bne.n	10002806 <_ntoa_format+0x19a>
10002770:	320c      	adds	r2, #12
10002772:	421a      	tst	r2, r3
10002774:	d147      	bne.n	10002806 <_ntoa_format+0x19a>
10002776:	42bc      	cmp	r4, r7
10002778:	d2a1      	bcs.n	100026be <_ntoa_format+0x52>
1000277a:	2c20      	cmp	r4, #32
1000277c:	d191      	bne.n	100026a2 <_ntoa_format+0x36>
1000277e:	2e20      	cmp	r6, #32
10002780:	d817      	bhi.n	100027b2 <_ntoa_format+0x146>
10002782:	2420      	movs	r4, #32
10002784:	06da      	lsls	r2, r3, #27
10002786:	d5c3      	bpl.n	10002710 <_ntoa_format+0xa4>
10002788:	055a      	lsls	r2, r3, #21
1000278a:	d41b      	bmi.n	100027c4 <_ntoa_format+0x158>
1000278c:	2f20      	cmp	r7, #32
1000278e:	d001      	beq.n	10002794 <_ntoa_format+0x128>
10002790:	2e20      	cmp	r6, #32
10002792:	d1d5      	bne.n	10002740 <_ntoa_format+0xd4>
10002794:	221f      	movs	r2, #31
10002796:	9d0f      	ldr	r5, [sp, #60]	@ 0x3c
10002798:	2d10      	cmp	r5, #16
1000279a:	d06f      	beq.n	1000287c <_ntoa_format+0x210>
1000279c:	2d02      	cmp	r5, #2
1000279e:	d1d8      	bne.n	10002752 <_ntoa_format+0xe6>
100027a0:	2562      	movs	r5, #98	@ 0x62
100027a2:	9f0c      	ldr	r7, [sp, #48]	@ 0x30
100027a4:	54bd      	strb	r5, [r7, r2]
100027a6:	e7d0      	b.n	1000274a <_ntoa_format+0xde>
100027a8:	4652      	mov	r2, sl
100027aa:	2a00      	cmp	r2, #0
100027ac:	d079      	beq.n	100028a2 <_ntoa_format+0x236>
100027ae:	2e20      	cmp	r6, #32
100027b0:	d9bd      	bls.n	1000272e <_ntoa_format+0xc2>
100027b2:	2420      	movs	r4, #32
100027b4:	06da      	lsls	r2, r3, #27
100027b6:	d5ab      	bpl.n	10002710 <_ntoa_format+0xa4>
100027b8:	055a      	lsls	r2, r3, #21
100027ba:	d403      	bmi.n	100027c4 <_ntoa_format+0x158>
100027bc:	2f20      	cmp	r7, #32
100027be:	d0e9      	beq.n	10002794 <_ntoa_format+0x128>
100027c0:	2e20      	cmp	r6, #32
100027c2:	d0e7      	beq.n	10002794 <_ntoa_format+0x128>
100027c4:	9a0f      	ldr	r2, [sp, #60]	@ 0x3c
100027c6:	2a10      	cmp	r2, #16
100027c8:	d1a2      	bne.n	10002710 <_ntoa_format+0xa4>
100027ca:	2420      	movs	r4, #32
100027cc:	e7a0      	b.n	10002710 <_ntoa_format+0xa4>
100027ce:	222d      	movs	r2, #45	@ 0x2d
100027d0:	9d0c      	ldr	r5, [sp, #48]	@ 0x30
100027d2:	552a      	strb	r2, [r5, r4]
100027d4:	3401      	adds	r4, #1
100027d6:	e79b      	b.n	10002710 <_ntoa_format+0xa4>
100027d8:	42bc      	cmp	r4, r7
100027da:	d300      	bcc.n	100027de <_ntoa_format+0x172>
100027dc:	e77d      	b.n	100026da <_ntoa_format+0x6e>
100027de:	2c20      	cmp	r4, #32
100027e0:	d000      	beq.n	100027e4 <_ntoa_format+0x178>
100027e2:	e75e      	b.n	100026a2 <_ntoa_format+0x36>
100027e4:	06da      	lsls	r2, r3, #27
100027e6:	d5f0      	bpl.n	100027ca <_ntoa_format+0x15e>
100027e8:	055a      	lsls	r2, r3, #21
100027ea:	d4ee      	bmi.n	100027ca <_ntoa_format+0x15e>
100027ec:	2f20      	cmp	r7, #32
100027ee:	d062      	beq.n	100028b6 <_ntoa_format+0x24a>
100027f0:	2e20      	cmp	r6, #32
100027f2:	d1ea      	bne.n	100027ca <_ntoa_format+0x15e>
100027f4:	0034      	movs	r4, r6
100027f6:	221f      	movs	r2, #31
100027f8:	e7cd      	b.n	10002796 <_ntoa_format+0x12a>
100027fa:	2c20      	cmp	r4, #32
100027fc:	d100      	bne.n	10002800 <_ntoa_format+0x194>
100027fe:	e787      	b.n	10002710 <_ntoa_format+0xa4>
10002800:	0022      	movs	r2, r4
10002802:	3401      	adds	r4, #1
10002804:	e7cc      	b.n	100027a0 <_ntoa_format+0x134>
10002806:	3e01      	subs	r6, #1
10002808:	e7b5      	b.n	10002776 <_ntoa_format+0x10a>
1000280a:	1e62      	subs	r2, r4, #1
1000280c:	2c01      	cmp	r4, #1
1000280e:	d1c2      	bne.n	10002796 <_ntoa_format+0x12a>
10002810:	9a0f      	ldr	r2, [sp, #60]	@ 0x3c
10002812:	2a10      	cmp	r2, #16
10002814:	d000      	beq.n	10002818 <_ntoa_format+0x1ac>
10002816:	e76a      	b.n	100026ee <_ntoa_format+0x82>
10002818:	069a      	lsls	r2, r3, #26
1000281a:	d53b      	bpl.n	10002894 <_ntoa_format+0x228>
1000281c:	2258      	movs	r2, #88	@ 0x58
1000281e:	9c0c      	ldr	r4, [sp, #48]	@ 0x30
10002820:	7022      	strb	r2, [r4, #0]
10002822:	3a28      	subs	r2, #40	@ 0x28
10002824:	7062      	strb	r2, [r4, #1]
10002826:	2402      	movs	r4, #2
10002828:	e768      	b.n	100026fc <_ntoa_format+0x90>
1000282a:	069a      	lsls	r2, r3, #26
1000282c:	d40e      	bmi.n	1000284c <_ntoa_format+0x1e0>
1000282e:	2c20      	cmp	r4, #32
10002830:	d0cb      	beq.n	100027ca <_ntoa_format+0x15e>
10002832:	2278      	movs	r2, #120	@ 0x78
10002834:	9d0c      	ldr	r5, [sp, #48]	@ 0x30
10002836:	552a      	strb	r2, [r5, r4]
10002838:	3401      	adds	r4, #1
1000283a:	e786      	b.n	1000274a <_ntoa_format+0xde>
1000283c:	071a      	lsls	r2, r3, #28
1000283e:	d400      	bmi.n	10002842 <_ntoa_format+0x1d6>
10002840:	e766      	b.n	10002710 <_ntoa_format+0xa4>
10002842:	2220      	movs	r2, #32
10002844:	9d0c      	ldr	r5, [sp, #48]	@ 0x30
10002846:	552a      	strb	r2, [r5, r4]
10002848:	3401      	adds	r4, #1
1000284a:	e761      	b.n	10002710 <_ntoa_format+0xa4>
1000284c:	2c20      	cmp	r4, #32
1000284e:	d0bc      	beq.n	100027ca <_ntoa_format+0x15e>
10002850:	2558      	movs	r5, #88	@ 0x58
10002852:	9a0c      	ldr	r2, [sp, #48]	@ 0x30
10002854:	1912      	adds	r2, r2, r4
10002856:	7015      	strb	r5, [r2, #0]
10002858:	3401      	adds	r4, #1
1000285a:	e776      	b.n	1000274a <_ntoa_format+0xde>
1000285c:	069a      	lsls	r2, r3, #26
1000285e:	d508      	bpl.n	10002872 <_ntoa_format+0x206>
10002860:	2258      	movs	r2, #88	@ 0x58
10002862:	9c0c      	ldr	r4, [sp, #48]	@ 0x30
10002864:	7022      	strb	r2, [r4, #0]
10002866:	2230      	movs	r2, #48	@ 0x30
10002868:	7062      	strb	r2, [r4, #1]
1000286a:	2402      	movs	r4, #2
1000286c:	e746      	b.n	100026fc <_ntoa_format+0x90>
1000286e:	3260      	adds	r2, #96	@ 0x60
10002870:	e7f7      	b.n	10002862 <_ntoa_format+0x1f6>
10002872:	2278      	movs	r2, #120	@ 0x78
10002874:	e7f5      	b.n	10002862 <_ntoa_format+0x1f6>
10002876:	2a00      	cmp	r2, #0
10002878:	d183      	bne.n	10002782 <_ntoa_format+0x116>
1000287a:	e7b3      	b.n	100027e4 <_ntoa_format+0x178>
1000287c:	1ea2      	subs	r2, r4, #2
1000287e:	3c01      	subs	r4, #1
10002880:	069d      	lsls	r5, r3, #26
10002882:	d403      	bmi.n	1000288c <_ntoa_format+0x220>
10002884:	2578      	movs	r5, #120	@ 0x78
10002886:	9f0c      	ldr	r7, [sp, #48]	@ 0x30
10002888:	54bd      	strb	r5, [r7, r2]
1000288a:	e760      	b.n	1000274e <_ntoa_format+0xe2>
1000288c:	2558      	movs	r5, #88	@ 0x58
1000288e:	9f0c      	ldr	r7, [sp, #48]	@ 0x30
10002890:	54bd      	strb	r5, [r7, r2]
10002892:	e75c      	b.n	1000274e <_ntoa_format+0xe2>
10002894:	2278      	movs	r2, #120	@ 0x78
10002896:	9c0c      	ldr	r4, [sp, #48]	@ 0x30
10002898:	7022      	strb	r2, [r4, #0]
1000289a:	3a48      	subs	r2, #72	@ 0x48
1000289c:	7062      	strb	r2, [r4, #1]
1000289e:	2402      	movs	r4, #2
100028a0:	e72c      	b.n	100026fc <_ntoa_format+0x90>
100028a2:	06da      	lsls	r2, r3, #27
100028a4:	d400      	bmi.n	100028a8 <_ntoa_format+0x23c>
100028a6:	e733      	b.n	10002710 <_ntoa_format+0xa4>
100028a8:	055a      	lsls	r2, r3, #21
100028aa:	d48b      	bmi.n	100027c4 <_ntoa_format+0x158>
100028ac:	2f20      	cmp	r7, #32
100028ae:	d000      	beq.n	100028b2 <_ntoa_format+0x246>
100028b0:	e744      	b.n	1000273c <_ntoa_format+0xd0>
100028b2:	221f      	movs	r2, #31
100028b4:	e76f      	b.n	10002796 <_ntoa_format+0x12a>
100028b6:	003c      	movs	r4, r7
100028b8:	221f      	movs	r2, #31
100028ba:	e76c      	b.n	10002796 <_ntoa_format+0x12a>

100028bc <_out_char>:
100028bc:	b510      	push	{r4, lr}
100028be:	2800      	cmp	r0, #0
100028c0:	d100      	bne.n	100028c4 <_out_char+0x8>
100028c2:	bd10      	pop	{r4, pc}
100028c4:	f001 fb68 	bl	10003f98 <__wrap_putchar>
100028c8:	e7fb      	b.n	100028c2 <_out_char+0x6>
100028ca:	46c0      	nop			@ (mov r8, r8)

100028cc <_out_fct>:
100028cc:	000b      	movs	r3, r1
100028ce:	b510      	push	{r4, lr}
100028d0:	2800      	cmp	r0, #0
100028d2:	d002      	beq.n	100028da <_out_fct+0xe>
100028d4:	6849      	ldr	r1, [r1, #4]
100028d6:	681b      	ldr	r3, [r3, #0]
100028d8:	4798      	blx	r3
100028da:	bd10      	pop	{r4, pc}

100028dc <_etoa>:
100028dc:	b5f0      	push	{r4, r5, r6, r7, lr}
100028de:	4657      	mov	r7, sl
100028e0:	464e      	mov	r6, r9
100028e2:	4645      	mov	r5, r8
100028e4:	46de      	mov	lr, fp
100028e6:	b5e0      	push	{r5, r6, r7, lr}
100028e8:	b099      	sub	sp, #100	@ 0x64
100028ea:	4682      	mov	sl, r0
100028ec:	4689      	mov	r9, r1
100028ee:	4690      	mov	r8, r2
100028f0:	9308      	str	r3, [sp, #32]
100028f2:	9a22      	ldr	r2, [sp, #136]	@ 0x88
100028f4:	9b23      	ldr	r3, [sp, #140]	@ 0x8c
100028f6:	0010      	movs	r0, r2
100028f8:	0019      	movs	r1, r3
100028fa:	f7ff fcc2 	bl	10002282 <__wrap___aeabi_dcmpun>
100028fe:	2800      	cmp	r0, #0
10002900:	d000      	beq.n	10002904 <_etoa+0x28>
10002902:	e0cd      	b.n	10002aa0 <_etoa+0x1c4>
10002904:	9822      	ldr	r0, [sp, #136]	@ 0x88
10002906:	9923      	ldr	r1, [sp, #140]	@ 0x8c
10002908:	2201      	movs	r2, #1
1000290a:	4bd9      	ldr	r3, [pc, #868]	@ (10002c70 <_etoa+0x394>)
1000290c:	4252      	negs	r2, r2
1000290e:	f7ff fcb3 	bl	10002278 <__wrap___aeabi_dcmpgt>
10002912:	2800      	cmp	r0, #0
10002914:	d000      	beq.n	10002918 <_etoa+0x3c>
10002916:	e0c3      	b.n	10002aa0 <_etoa+0x1c4>
10002918:	9822      	ldr	r0, [sp, #136]	@ 0x88
1000291a:	9923      	ldr	r1, [sp, #140]	@ 0x8c
1000291c:	2201      	movs	r2, #1
1000291e:	4bd5      	ldr	r3, [pc, #852]	@ (10002c74 <_etoa+0x398>)
10002920:	4252      	negs	r2, r2
10002922:	f7ff fc9b 	bl	1000225c <__wrap___aeabi_dcmplt>
10002926:	2800      	cmp	r0, #0
10002928:	d000      	beq.n	1000292c <_etoa+0x50>
1000292a:	e0b9      	b.n	10002aa0 <_etoa+0x1c4>
1000292c:	9822      	ldr	r0, [sp, #136]	@ 0x88
1000292e:	9923      	ldr	r1, [sp, #140]	@ 0x8c
10002930:	2200      	movs	r2, #0
10002932:	2300      	movs	r3, #0
10002934:	f7ff fc92 	bl	1000225c <__wrap___aeabi_dcmplt>
10002938:	2800      	cmp	r0, #0
1000293a:	d000      	beq.n	1000293e <_etoa+0x62>
1000293c:	e1f1      	b.n	10002d22 <_etoa+0x446>
1000293e:	9e22      	ldr	r6, [sp, #136]	@ 0x88
10002940:	9f23      	ldr	r7, [sp, #140]	@ 0x8c
10002942:	2380      	movs	r3, #128	@ 0x80
10002944:	9a26      	ldr	r2, [sp, #152]	@ 0x98
10002946:	00db      	lsls	r3, r3, #3
10002948:	401a      	ands	r2, r3
1000294a:	920d      	str	r2, [sp, #52]	@ 0x34
1000294c:	9a26      	ldr	r2, [sp, #152]	@ 0x98
1000294e:	421a      	tst	r2, r3
10002950:	d101      	bne.n	10002956 <_etoa+0x7a>
10002952:	2306      	movs	r3, #6
10002954:	9324      	str	r3, [sp, #144]	@ 0x90
10002956:	2380      	movs	r3, #128	@ 0x80
10002958:	9a26      	ldr	r2, [sp, #152]	@ 0x98
1000295a:	011b      	lsls	r3, r3, #4
1000295c:	401a      	ands	r2, r3
1000295e:	003b      	movs	r3, r7
10002960:	4693      	mov	fp, r2
10002962:	9609      	str	r6, [sp, #36]	@ 0x24
10002964:	4333      	orrs	r3, r6
10002966:	d000      	beq.n	1000296a <_etoa+0x8e>
10002968:	e0b3      	b.n	10002ad2 <_etoa+0x1f6>
1000296a:	2a00      	cmp	r2, #0
1000296c:	d000      	beq.n	10002970 <_etoa+0x94>
1000296e:	e1c2      	b.n	10002cf6 <_etoa+0x41a>
10002970:	2300      	movs	r3, #0
10002972:	2400      	movs	r4, #0
10002974:	930a      	str	r3, [sp, #40]	@ 0x28
10002976:	940b      	str	r4, [sp, #44]	@ 0x2c
10002978:	2300      	movs	r3, #0
1000297a:	2504      	movs	r5, #4
1000297c:	9309      	str	r3, [sp, #36]	@ 0x24
1000297e:	9b25      	ldr	r3, [sp, #148]	@ 0x94
10002980:	2400      	movs	r4, #0
10002982:	42ab      	cmp	r3, r5
10002984:	d900      	bls.n	10002988 <_etoa+0xac>
10002986:	1b5c      	subs	r4, r3, r5
10002988:	2302      	movs	r3, #2
1000298a:	9a26      	ldr	r2, [sp, #152]	@ 0x98
1000298c:	401a      	ands	r2, r3
1000298e:	920c      	str	r2, [sp, #48]	@ 0x30
10002990:	9a26      	ldr	r2, [sp, #152]	@ 0x98
10002992:	4213      	tst	r3, r2
10002994:	d003      	beq.n	1000299e <_etoa+0xc2>
10002996:	426b      	negs	r3, r5
10002998:	416b      	adcs	r3, r5
1000299a:	425b      	negs	r3, r3
1000299c:	401c      	ands	r4, r3
1000299e:	9b09      	ldr	r3, [sp, #36]	@ 0x24
100029a0:	2b00      	cmp	r3, #0
100029a2:	d007      	beq.n	100029b4 <_etoa+0xd8>
100029a4:	9a0a      	ldr	r2, [sp, #40]	@ 0x28
100029a6:	9b0b      	ldr	r3, [sp, #44]	@ 0x2c
100029a8:	0030      	movs	r0, r6
100029aa:	0039      	movs	r1, r7
100029ac:	f7ff fbfd 	bl	100021aa <__wrap___aeabi_ddiv>
100029b0:	0006      	movs	r6, r0
100029b2:	000f      	movs	r7, r1
100029b4:	9822      	ldr	r0, [sp, #136]	@ 0x88
100029b6:	9923      	ldr	r1, [sp, #140]	@ 0x8c
100029b8:	2200      	movs	r2, #0
100029ba:	2300      	movs	r3, #0
100029bc:	f7ff fc4e 	bl	1000225c <__wrap___aeabi_dcmplt>
100029c0:	2800      	cmp	r0, #0
100029c2:	d003      	beq.n	100029cc <_etoa+0xf0>
100029c4:	2180      	movs	r1, #128	@ 0x80
100029c6:	0609      	lsls	r1, r1, #24
100029c8:	187b      	adds	r3, r7, r1
100029ca:	001f      	movs	r7, r3
100029cc:	9a26      	ldr	r2, [sp, #152]	@ 0x98
100029ce:	4baa      	ldr	r3, [pc, #680]	@ (10002c78 <_etoa+0x39c>)
100029d0:	9600      	str	r6, [sp, #0]
100029d2:	9701      	str	r7, [sp, #4]
100029d4:	4013      	ands	r3, r2
100029d6:	9e08      	ldr	r6, [sp, #32]
100029d8:	9304      	str	r3, [sp, #16]
100029da:	9b24      	ldr	r3, [sp, #144]	@ 0x90
100029dc:	9403      	str	r4, [sp, #12]
100029de:	9302      	str	r3, [sp, #8]
100029e0:	4642      	mov	r2, r8
100029e2:	0033      	movs	r3, r6
100029e4:	4649      	mov	r1, r9
100029e6:	4650      	mov	r0, sl
100029e8:	f000 f9aa 	bl	10002d40 <_ftoa>
100029ec:	0004      	movs	r4, r0
100029ee:	2d00      	cmp	r5, #0
100029f0:	d067      	beq.n	10002ac2 <_etoa+0x1e6>
100029f2:	2020      	movs	r0, #32
100029f4:	9a26      	ldr	r2, [sp, #152]	@ 0x98
100029f6:	4649      	mov	r1, r9
100029f8:	4002      	ands	r2, r0
100029fa:	0013      	movs	r3, r2
100029fc:	425a      	negs	r2, r3
100029fe:	4153      	adcs	r3, r2
10002a00:	425b      	negs	r3, r3
10002a02:	1c62      	adds	r2, r4, #1
10002a04:	4018      	ands	r0, r3
10002a06:	920a      	str	r2, [sp, #40]	@ 0x28
10002a08:	0033      	movs	r3, r6
10002a0a:	0022      	movs	r2, r4
10002a0c:	3045      	adds	r0, #69	@ 0x45
10002a0e:	47d0      	blx	sl
10002a10:	9a09      	ldr	r2, [sp, #36]	@ 0x24
10002a12:	1e6f      	subs	r7, r5, #1
10002a14:	17d3      	asrs	r3, r2, #31
10002a16:	18d4      	adds	r4, r2, r3
10002a18:	405c      	eors	r4, r3
10002a1a:	0fd3      	lsrs	r3, r2, #31
10002a1c:	469b      	mov	fp, r3
10002a1e:	2500      	movs	r5, #0
10002a20:	e001      	b.n	10002a26 <_etoa+0x14a>
10002a22:	2d20      	cmp	r5, #32
10002a24:	d013      	beq.n	10002a4e <_etoa+0x172>
10002a26:	aa08      	add	r2, sp, #32
10002a28:	4694      	mov	ip, r2
10002a2a:	231f      	movs	r3, #31
10002a2c:	0020      	movs	r0, r4
10002a2e:	4463      	add	r3, ip
10002a30:	210a      	movs	r1, #10
10002a32:	3501      	adds	r5, #1
10002a34:	195e      	adds	r6, r3, r5
10002a36:	f7ff f973 	bl	10001d20 <__wrap___aeabi_uidiv>
10002a3a:	3130      	adds	r1, #48	@ 0x30
10002a3c:	7031      	strb	r1, [r6, #0]
10002a3e:	0020      	movs	r0, r4
10002a40:	210a      	movs	r1, #10
10002a42:	f7ff f96d 	bl	10001d20 <__wrap___aeabi_uidiv>
10002a46:	0026      	movs	r6, r4
10002a48:	0004      	movs	r4, r0
10002a4a:	2e09      	cmp	r6, #9
10002a4c:	d8e9      	bhi.n	10002a22 <_etoa+0x146>
10002a4e:	2305      	movs	r3, #5
10002a50:	9306      	str	r3, [sp, #24]
10002a52:	2300      	movs	r3, #0
10002a54:	9304      	str	r3, [sp, #16]
10002a56:	330a      	adds	r3, #10
10002a58:	9303      	str	r3, [sp, #12]
10002a5a:	465b      	mov	r3, fp
10002a5c:	9e08      	ldr	r6, [sp, #32]
10002a5e:	9302      	str	r3, [sp, #8]
10002a60:	ab10      	add	r3, sp, #64	@ 0x40
10002a62:	9a0a      	ldr	r2, [sp, #40]	@ 0x28
10002a64:	9300      	str	r3, [sp, #0]
10002a66:	4649      	mov	r1, r9
10002a68:	0033      	movs	r3, r6
10002a6a:	4650      	mov	r0, sl
10002a6c:	9705      	str	r7, [sp, #20]
10002a6e:	9501      	str	r5, [sp, #4]
10002a70:	f7ff fdfc 	bl	1000266c <_ntoa_format>
10002a74:	9a0c      	ldr	r2, [sp, #48]	@ 0x30
10002a76:	0004      	movs	r4, r0
10002a78:	2a00      	cmp	r2, #0
10002a7a:	d022      	beq.n	10002ac2 <_etoa+0x1e6>
10002a7c:	4642      	mov	r2, r8
10002a7e:	1a85      	subs	r5, r0, r2
10002a80:	9a25      	ldr	r2, [sp, #148]	@ 0x94
10002a82:	42aa      	cmp	r2, r5
10002a84:	d91d      	bls.n	10002ac2 <_etoa+0x1e6>
10002a86:	46b0      	mov	r8, r6
10002a88:	4657      	mov	r7, sl
10002a8a:	0016      	movs	r6, r2
10002a8c:	0022      	movs	r2, r4
10002a8e:	4643      	mov	r3, r8
10002a90:	4649      	mov	r1, r9
10002a92:	2020      	movs	r0, #32
10002a94:	3501      	adds	r5, #1
10002a96:	47b8      	blx	r7
10002a98:	3401      	adds	r4, #1
10002a9a:	42ae      	cmp	r6, r5
10002a9c:	d8f6      	bhi.n	10002a8c <_etoa+0x1b0>
10002a9e:	e010      	b.n	10002ac2 <_etoa+0x1e6>
10002aa0:	9b26      	ldr	r3, [sp, #152]	@ 0x98
10002aa2:	4642      	mov	r2, r8
10002aa4:	9304      	str	r3, [sp, #16]
10002aa6:	9b25      	ldr	r3, [sp, #148]	@ 0x94
10002aa8:	4649      	mov	r1, r9
10002aaa:	9303      	str	r3, [sp, #12]
10002aac:	9b24      	ldr	r3, [sp, #144]	@ 0x90
10002aae:	4650      	mov	r0, sl
10002ab0:	9302      	str	r3, [sp, #8]
10002ab2:	9b22      	ldr	r3, [sp, #136]	@ 0x88
10002ab4:	9c23      	ldr	r4, [sp, #140]	@ 0x8c
10002ab6:	9300      	str	r3, [sp, #0]
10002ab8:	9401      	str	r4, [sp, #4]
10002aba:	9b08      	ldr	r3, [sp, #32]
10002abc:	f000 f940 	bl	10002d40 <_ftoa>
10002ac0:	0004      	movs	r4, r0
10002ac2:	0020      	movs	r0, r4
10002ac4:	b019      	add	sp, #100	@ 0x64
10002ac6:	bcf0      	pop	{r4, r5, r6, r7}
10002ac8:	46bb      	mov	fp, r7
10002aca:	46b2      	mov	sl, r6
10002acc:	46a9      	mov	r9, r5
10002ace:	46a0      	mov	r8, r4
10002ad0:	bdf0      	pop	{r4, r5, r6, r7, pc}
10002ad2:	4b6a      	ldr	r3, [pc, #424]	@ (10002c7c <_etoa+0x3a0>)
10002ad4:	0078      	lsls	r0, r7, #1
10002ad6:	469c      	mov	ip, r3
10002ad8:	0d40      	lsrs	r0, r0, #21
10002ada:	4460      	add	r0, ip
10002adc:	f7ff fbe2 	bl	100022a4 <__wrap___aeabi_i2d>
10002ae0:	4a67      	ldr	r2, [pc, #412]	@ (10002c80 <_etoa+0x3a4>)
10002ae2:	4b68      	ldr	r3, [pc, #416]	@ (10002c84 <_etoa+0x3a8>)
10002ae4:	f7ff fb7b 	bl	100021de <__wrap___aeabi_dmul>
10002ae8:	4a67      	ldr	r2, [pc, #412]	@ (10002c88 <_etoa+0x3ac>)
10002aea:	4b68      	ldr	r3, [pc, #416]	@ (10002c8c <_etoa+0x3b0>)
10002aec:	f7ff fb58 	bl	100021a0 <__wrap___aeabi_dadd>
10002af0:	4a67      	ldr	r2, [pc, #412]	@ (10002c90 <_etoa+0x3b4>)
10002af2:	033b      	lsls	r3, r7, #12
10002af4:	0b1b      	lsrs	r3, r3, #12
10002af6:	431a      	orrs	r2, r3
10002af8:	0004      	movs	r4, r0
10002afa:	000d      	movs	r5, r1
10002afc:	9809      	ldr	r0, [sp, #36]	@ 0x24
10002afe:	0011      	movs	r1, r2
10002b00:	4b64      	ldr	r3, [pc, #400]	@ (10002c94 <_etoa+0x3b8>)
10002b02:	2200      	movs	r2, #0
10002b04:	f7ff fb47 	bl	10002196 <__wrap___aeabi_dsub>
10002b08:	4a63      	ldr	r2, [pc, #396]	@ (10002c98 <_etoa+0x3bc>)
10002b0a:	4b64      	ldr	r3, [pc, #400]	@ (10002c9c <_etoa+0x3c0>)
10002b0c:	f7ff fb67 	bl	100021de <__wrap___aeabi_dmul>
10002b10:	0002      	movs	r2, r0
10002b12:	000b      	movs	r3, r1
10002b14:	0020      	movs	r0, r4
10002b16:	0029      	movs	r1, r5
10002b18:	f7ff fb42 	bl	100021a0 <__wrap___aeabi_dadd>
10002b1c:	f7ff fbda 	bl	100022d4 <__wrap___aeabi_d2iz>
10002b20:	9009      	str	r0, [sp, #36]	@ 0x24
10002b22:	f7ff fbbf 	bl	100022a4 <__wrap___aeabi_i2d>
10002b26:	4a5e      	ldr	r2, [pc, #376]	@ (10002ca0 <_etoa+0x3c4>)
10002b28:	4b5e      	ldr	r3, [pc, #376]	@ (10002ca4 <_etoa+0x3c8>)
10002b2a:	0004      	movs	r4, r0
10002b2c:	000d      	movs	r5, r1
10002b2e:	f7ff fb56 	bl	100021de <__wrap___aeabi_dmul>
10002b32:	2200      	movs	r2, #0
10002b34:	4b5c      	ldr	r3, [pc, #368]	@ (10002ca8 <_etoa+0x3cc>)
10002b36:	f7ff fb33 	bl	100021a0 <__wrap___aeabi_dadd>
10002b3a:	f7ff fbcb 	bl	100022d4 <__wrap___aeabi_d2iz>
10002b3e:	4a5b      	ldr	r2, [pc, #364]	@ (10002cac <_etoa+0x3d0>)
10002b40:	4b5b      	ldr	r3, [pc, #364]	@ (10002cb0 <_etoa+0x3d4>)
10002b42:	0029      	movs	r1, r5
10002b44:	900c      	str	r0, [sp, #48]	@ 0x30
10002b46:	0020      	movs	r0, r4
10002b48:	f7ff fb49 	bl	100021de <__wrap___aeabi_dmul>
10002b4c:	0004      	movs	r4, r0
10002b4e:	980c      	ldr	r0, [sp, #48]	@ 0x30
10002b50:	000d      	movs	r5, r1
10002b52:	f7ff fba7 	bl	100022a4 <__wrap___aeabi_i2d>
10002b56:	4a57      	ldr	r2, [pc, #348]	@ (10002cb4 <_etoa+0x3d8>)
10002b58:	4b57      	ldr	r3, [pc, #348]	@ (10002cb8 <_etoa+0x3dc>)
10002b5a:	f7ff fb40 	bl	100021de <__wrap___aeabi_dmul>
10002b5e:	0002      	movs	r2, r0
10002b60:	000b      	movs	r3, r1
10002b62:	0020      	movs	r0, r4
10002b64:	0029      	movs	r1, r5
10002b66:	f7ff fb16 	bl	10002196 <__wrap___aeabi_dsub>
10002b6a:	0004      	movs	r4, r0
10002b6c:	000d      	movs	r5, r1
10002b6e:	0002      	movs	r2, r0
10002b70:	000b      	movs	r3, r1
10002b72:	940a      	str	r4, [sp, #40]	@ 0x28
10002b74:	950b      	str	r5, [sp, #44]	@ 0x2c
10002b76:	f7ff fb32 	bl	100021de <__wrap___aeabi_dmul>
10002b7a:	0004      	movs	r4, r0
10002b7c:	000d      	movs	r5, r1
10002b7e:	980a      	ldr	r0, [sp, #40]	@ 0x28
10002b80:	990b      	ldr	r1, [sp, #44]	@ 0x2c
10002b82:	0002      	movs	r2, r0
10002b84:	000b      	movs	r3, r1
10002b86:	f7ff fb0b 	bl	100021a0 <__wrap___aeabi_dadd>
10002b8a:	2200      	movs	r2, #0
10002b8c:	900e      	str	r0, [sp, #56]	@ 0x38
10002b8e:	910f      	str	r1, [sp, #60]	@ 0x3c
10002b90:	4b4a      	ldr	r3, [pc, #296]	@ (10002cbc <_etoa+0x3e0>)
10002b92:	0020      	movs	r0, r4
10002b94:	0029      	movs	r1, r5
10002b96:	f7ff fb08 	bl	100021aa <__wrap___aeabi_ddiv>
10002b9a:	2200      	movs	r2, #0
10002b9c:	4b48      	ldr	r3, [pc, #288]	@ (10002cc0 <_etoa+0x3e4>)
10002b9e:	f7ff faff 	bl	100021a0 <__wrap___aeabi_dadd>
10002ba2:	0002      	movs	r2, r0
10002ba4:	000b      	movs	r3, r1
10002ba6:	0020      	movs	r0, r4
10002ba8:	0029      	movs	r1, r5
10002baa:	f7ff fafe 	bl	100021aa <__wrap___aeabi_ddiv>
10002bae:	2200      	movs	r2, #0
10002bb0:	4b44      	ldr	r3, [pc, #272]	@ (10002cc4 <_etoa+0x3e8>)
10002bb2:	f7ff faf5 	bl	100021a0 <__wrap___aeabi_dadd>
10002bb6:	0002      	movs	r2, r0
10002bb8:	000b      	movs	r3, r1
10002bba:	0020      	movs	r0, r4
10002bbc:	0029      	movs	r1, r5
10002bbe:	f7ff faf4 	bl	100021aa <__wrap___aeabi_ddiv>
10002bc2:	9a0a      	ldr	r2, [sp, #40]	@ 0x28
10002bc4:	9b0b      	ldr	r3, [sp, #44]	@ 0x2c
10002bc6:	000d      	movs	r5, r1
10002bc8:	2180      	movs	r1, #128	@ 0x80
10002bca:	0004      	movs	r4, r0
10002bcc:	05c9      	lsls	r1, r1, #23
10002bce:	2000      	movs	r0, #0
10002bd0:	f7ff fae1 	bl	10002196 <__wrap___aeabi_dsub>
10002bd4:	0002      	movs	r2, r0
10002bd6:	000b      	movs	r3, r1
10002bd8:	0020      	movs	r0, r4
10002bda:	0029      	movs	r1, r5
10002bdc:	f7ff fae0 	bl	100021a0 <__wrap___aeabi_dadd>
10002be0:	0002      	movs	r2, r0
10002be2:	000b      	movs	r3, r1
10002be4:	980e      	ldr	r0, [sp, #56]	@ 0x38
10002be6:	990f      	ldr	r1, [sp, #60]	@ 0x3c
10002be8:	f7ff fadf 	bl	100021aa <__wrap___aeabi_ddiv>
10002bec:	2200      	movs	r2, #0
10002bee:	4b28      	ldr	r3, [pc, #160]	@ (10002c90 <_etoa+0x3b4>)
10002bf0:	f7ff fad6 	bl	100021a0 <__wrap___aeabi_dadd>
10002bf4:	4b34      	ldr	r3, [pc, #208]	@ (10002cc8 <_etoa+0x3ec>)
10002bf6:	9c0c      	ldr	r4, [sp, #48]	@ 0x30
10002bf8:	469c      	mov	ip, r3
10002bfa:	4464      	add	r4, ip
10002bfc:	0523      	lsls	r3, r4, #20
10002bfe:	2200      	movs	r2, #0
10002c00:	f7ff faed 	bl	100021de <__wrap___aeabi_dmul>
10002c04:	0004      	movs	r4, r0
10002c06:	000d      	movs	r5, r1
10002c08:	0002      	movs	r2, r0
10002c0a:	000b      	movs	r3, r1
10002c0c:	0030      	movs	r0, r6
10002c0e:	0039      	movs	r1, r7
10002c10:	940a      	str	r4, [sp, #40]	@ 0x28
10002c12:	950b      	str	r5, [sp, #44]	@ 0x2c
10002c14:	f7ff fb22 	bl	1000225c <__wrap___aeabi_dcmplt>
10002c18:	2800      	cmp	r0, #0
10002c1a:	d15d      	bne.n	10002cd8 <_etoa+0x3fc>
10002c1c:	0023      	movs	r3, r4
10002c1e:	002a      	movs	r2, r5
10002c20:	25c6      	movs	r5, #198	@ 0xc6
10002c22:	9909      	ldr	r1, [sp, #36]	@ 0x24
10002c24:	3163      	adds	r1, #99	@ 0x63
10002c26:	428d      	cmp	r5, r1
10002c28:	41ad      	sbcs	r5, r5
10002c2a:	4659      	mov	r1, fp
10002c2c:	426d      	negs	r5, r5
10002c2e:	3504      	adds	r5, #4
10002c30:	2900      	cmp	r1, #0
10002c32:	d100      	bne.n	10002c36 <_etoa+0x35a>
10002c34:	e6a3      	b.n	1000297e <_etoa+0xa2>
10002c36:	4313      	orrs	r3, r2
10002c38:	d063      	beq.n	10002d02 <_etoa+0x426>
10002c3a:	0030      	movs	r0, r6
10002c3c:	0039      	movs	r1, r7
10002c3e:	4a23      	ldr	r2, [pc, #140]	@ (10002ccc <_etoa+0x3f0>)
10002c40:	4b23      	ldr	r3, [pc, #140]	@ (10002cd0 <_etoa+0x3f4>)
10002c42:	f7ff fb11 	bl	10002268 <__wrap___aeabi_dcmpge>
10002c46:	2800      	cmp	r0, #0
10002c48:	d007      	beq.n	10002c5a <_etoa+0x37e>
10002c4a:	2200      	movs	r2, #0
10002c4c:	0030      	movs	r0, r6
10002c4e:	0039      	movs	r1, r7
10002c50:	4b20      	ldr	r3, [pc, #128]	@ (10002cd4 <_etoa+0x3f8>)
10002c52:	f7ff fb03 	bl	1000225c <__wrap___aeabi_dcmplt>
10002c56:	2800      	cmp	r0, #0
10002c58:	d153      	bne.n	10002d02 <_etoa+0x426>
10002c5a:	9b24      	ldr	r3, [sp, #144]	@ 0x90
10002c5c:	2b00      	cmp	r3, #0
10002c5e:	d100      	bne.n	10002c62 <_etoa+0x386>
10002c60:	e68d      	b.n	1000297e <_etoa+0xa2>
10002c62:	9b0d      	ldr	r3, [sp, #52]	@ 0x34
10002c64:	1e5a      	subs	r2, r3, #1
10002c66:	4193      	sbcs	r3, r2
10002c68:	9a24      	ldr	r2, [sp, #144]	@ 0x90
10002c6a:	1ad3      	subs	r3, r2, r3
10002c6c:	9324      	str	r3, [sp, #144]	@ 0x90
10002c6e:	e686      	b.n	1000297e <_etoa+0xa2>
10002c70:	7fefffff 	.word	0x7fefffff
10002c74:	ffefffff 	.word	0xffefffff
10002c78:	fffff7ff 	.word	0xfffff7ff
10002c7c:	fffffc01 	.word	0xfffffc01
10002c80:	509f79fb 	.word	0x509f79fb
10002c84:	3fd34413 	.word	0x3fd34413
10002c88:	8b60c8b3 	.word	0x8b60c8b3
10002c8c:	3fc68a28 	.word	0x3fc68a28
10002c90:	3ff00000 	.word	0x3ff00000
10002c94:	3ff80000 	.word	0x3ff80000
10002c98:	636f4361 	.word	0x636f4361
10002c9c:	3fd287a7 	.word	0x3fd287a7
10002ca0:	0979a371 	.word	0x0979a371
10002ca4:	400a934f 	.word	0x400a934f
10002ca8:	3fe00000 	.word	0x3fe00000
10002cac:	bbb55516 	.word	0xbbb55516
10002cb0:	40026bb1 	.word	0x40026bb1
10002cb4:	fefa39ef 	.word	0xfefa39ef
10002cb8:	3fe62e42 	.word	0x3fe62e42
10002cbc:	402c0000 	.word	0x402c0000
10002cc0:	40240000 	.word	0x40240000
10002cc4:	40180000 	.word	0x40180000
10002cc8:	000003ff 	.word	0x000003ff
10002ccc:	eb1c432d 	.word	0xeb1c432d
10002cd0:	3f1a36e2 	.word	0x3f1a36e2
10002cd4:	412e8480 	.word	0x412e8480
10002cd8:	9b09      	ldr	r3, [sp, #36]	@ 0x24
10002cda:	2200      	movs	r2, #0
10002cdc:	3b01      	subs	r3, #1
10002cde:	9309      	str	r3, [sp, #36]	@ 0x24
10002ce0:	0020      	movs	r0, r4
10002ce2:	4b16      	ldr	r3, [pc, #88]	@ (10002d3c <_etoa+0x460>)
10002ce4:	0029      	movs	r1, r5
10002ce6:	f7ff fa60 	bl	100021aa <__wrap___aeabi_ddiv>
10002cea:	000a      	movs	r2, r1
10002cec:	0001      	movs	r1, r0
10002cee:	0003      	movs	r3, r0
10002cf0:	910a      	str	r1, [sp, #40]	@ 0x28
10002cf2:	920b      	str	r2, [sp, #44]	@ 0x2c
10002cf4:	e794      	b.n	10002c20 <_etoa+0x344>
10002cf6:	2300      	movs	r3, #0
10002cf8:	2400      	movs	r4, #0
10002cfa:	930a      	str	r3, [sp, #40]	@ 0x28
10002cfc:	940b      	str	r4, [sp, #44]	@ 0x2c
10002cfe:	2300      	movs	r3, #0
10002d00:	9309      	str	r3, [sp, #36]	@ 0x24
10002d02:	9a24      	ldr	r2, [sp, #144]	@ 0x90
10002d04:	9b09      	ldr	r3, [sp, #36]	@ 0x24
10002d06:	429a      	cmp	r2, r3
10002d08:	dd14      	ble.n	10002d34 <_etoa+0x458>
10002d0a:	1ad3      	subs	r3, r2, r3
10002d0c:	3b01      	subs	r3, #1
10002d0e:	9324      	str	r3, [sp, #144]	@ 0x90
10002d10:	2380      	movs	r3, #128	@ 0x80
10002d12:	9a26      	ldr	r2, [sp, #152]	@ 0x98
10002d14:	00db      	lsls	r3, r3, #3
10002d16:	431a      	orrs	r2, r3
10002d18:	2300      	movs	r3, #0
10002d1a:	2500      	movs	r5, #0
10002d1c:	9226      	str	r2, [sp, #152]	@ 0x98
10002d1e:	9309      	str	r3, [sp, #36]	@ 0x24
10002d20:	e62d      	b.n	1000297e <_etoa+0xa2>
10002d22:	2280      	movs	r2, #128	@ 0x80
10002d24:	0612      	lsls	r2, r2, #24
10002d26:	4694      	mov	ip, r2
10002d28:	9b22      	ldr	r3, [sp, #136]	@ 0x88
10002d2a:	001e      	movs	r6, r3
10002d2c:	9b23      	ldr	r3, [sp, #140]	@ 0x8c
10002d2e:	4463      	add	r3, ip
10002d30:	001f      	movs	r7, r3
10002d32:	e606      	b.n	10002942 <_etoa+0x66>
10002d34:	2300      	movs	r3, #0
10002d36:	9324      	str	r3, [sp, #144]	@ 0x90
10002d38:	e7ea      	b.n	10002d10 <_etoa+0x434>
10002d3a:	46c0      	nop			@ (mov r8, r8)
10002d3c:	40240000 	.word	0x40240000

10002d40 <_ftoa>:
10002d40:	b5f0      	push	{r4, r5, r6, r7, lr}
10002d42:	4645      	mov	r5, r8
10002d44:	46de      	mov	lr, fp
10002d46:	464e      	mov	r6, r9
10002d48:	4657      	mov	r7, sl
10002d4a:	b5e0      	push	{r5, r6, r7, lr}
10002d4c:	b095      	sub	sp, #84	@ 0x54
10002d4e:	468b      	mov	fp, r1
10002d50:	4690      	mov	r8, r2
10002d52:	4699      	mov	r9, r3
10002d54:	9a1e      	ldr	r2, [sp, #120]	@ 0x78
10002d56:	9b1f      	ldr	r3, [sp, #124]	@ 0x7c
10002d58:	900a      	str	r0, [sp, #40]	@ 0x28
10002d5a:	0019      	movs	r1, r3
10002d5c:	0010      	movs	r0, r2
10002d5e:	9d20      	ldr	r5, [sp, #128]	@ 0x80
10002d60:	f7ff fa8f 	bl	10002282 <__wrap___aeabi_dcmpun>
10002d64:	2800      	cmp	r0, #0
10002d66:	d000      	beq.n	10002d6a <_ftoa+0x2a>
10002d68:	e1b0      	b.n	100030cc <_ftoa+0x38c>
10002d6a:	981e      	ldr	r0, [sp, #120]	@ 0x78
10002d6c:	991f      	ldr	r1, [sp, #124]	@ 0x7c
10002d6e:	2201      	movs	r2, #1
10002d70:	4bc7      	ldr	r3, [pc, #796]	@ (10003090 <_ftoa+0x350>)
10002d72:	4252      	negs	r2, r2
10002d74:	f7ff fa72 	bl	1000225c <__wrap___aeabi_dcmplt>
10002d78:	2800      	cmp	r0, #0
10002d7a:	d000      	beq.n	10002d7e <_ftoa+0x3e>
10002d7c:	e137      	b.n	10002fee <_ftoa+0x2ae>
10002d7e:	981e      	ldr	r0, [sp, #120]	@ 0x78
10002d80:	991f      	ldr	r1, [sp, #124]	@ 0x7c
10002d82:	2201      	movs	r2, #1
10002d84:	4bc3      	ldr	r3, [pc, #780]	@ (10003094 <_ftoa+0x354>)
10002d86:	4252      	negs	r2, r2
10002d88:	f7ff fa76 	bl	10002278 <__wrap___aeabi_dcmpgt>
10002d8c:	2800      	cmp	r0, #0
10002d8e:	d000      	beq.n	10002d92 <_ftoa+0x52>
10002d90:	e0a7      	b.n	10002ee2 <_ftoa+0x1a2>
10002d92:	981e      	ldr	r0, [sp, #120]	@ 0x78
10002d94:	991f      	ldr	r1, [sp, #124]	@ 0x7c
10002d96:	2200      	movs	r2, #0
10002d98:	4bbf      	ldr	r3, [pc, #764]	@ (10003098 <_ftoa+0x358>)
10002d9a:	f7ff fa6d 	bl	10002278 <__wrap___aeabi_dcmpgt>
10002d9e:	2800      	cmp	r0, #0
10002da0:	d000      	beq.n	10002da4 <_ftoa+0x64>
10002da2:	e088      	b.n	10002eb6 <_ftoa+0x176>
10002da4:	981e      	ldr	r0, [sp, #120]	@ 0x78
10002da6:	991f      	ldr	r1, [sp, #124]	@ 0x7c
10002da8:	2200      	movs	r2, #0
10002daa:	4bbc      	ldr	r3, [pc, #752]	@ (1000309c <_ftoa+0x35c>)
10002dac:	f7ff fa56 	bl	1000225c <__wrap___aeabi_dcmplt>
10002db0:	2800      	cmp	r0, #0
10002db2:	d000      	beq.n	10002db6 <_ftoa+0x76>
10002db4:	e07f      	b.n	10002eb6 <_ftoa+0x176>
10002db6:	981e      	ldr	r0, [sp, #120]	@ 0x78
10002db8:	991f      	ldr	r1, [sp, #124]	@ 0x7c
10002dba:	2200      	movs	r2, #0
10002dbc:	2300      	movs	r3, #0
10002dbe:	f7ff fa4d 	bl	1000225c <__wrap___aeabi_dcmplt>
10002dc2:	2800      	cmp	r0, #0
10002dc4:	d000      	beq.n	10002dc8 <_ftoa+0x88>
10002dc6:	e0fa      	b.n	10002fbe <_ftoa+0x27e>
10002dc8:	2300      	movs	r3, #0
10002dca:	930b      	str	r3, [sp, #44]	@ 0x2c
10002dcc:	2380      	movs	r3, #128	@ 0x80
10002dce:	9c22      	ldr	r4, [sp, #136]	@ 0x88
10002dd0:	9a22      	ldr	r2, [sp, #136]	@ 0x88
10002dd2:	00db      	lsls	r3, r3, #3
10002dd4:	401c      	ands	r4, r3
10002dd6:	421a      	tst	r2, r3
10002dd8:	d100      	bne.n	10002ddc <_ftoa+0x9c>
10002dda:	e102      	b.n	10002fe2 <_ftoa+0x2a2>
10002ddc:	2d09      	cmp	r5, #9
10002dde:	d800      	bhi.n	10002de2 <_ftoa+0xa2>
10002de0:	e17c      	b.n	100030dc <_ftoa+0x39c>
10002de2:	a906      	add	r1, sp, #24
10002de4:	468c      	mov	ip, r1
10002de6:	002c      	movs	r4, r5
10002de8:	2217      	movs	r2, #23
10002dea:	2300      	movs	r3, #0
10002dec:	2130      	movs	r1, #48	@ 0x30
10002dee:	3c09      	subs	r4, #9
10002df0:	4462      	add	r2, ip
10002df2:	3301      	adds	r3, #1
10002df4:	54d1      	strb	r1, [r2, r3]
10002df6:	1aef      	subs	r7, r5, r3
10002df8:	2b20      	cmp	r3, #32
10002dfa:	d100      	bne.n	10002dfe <_ftoa+0xbe>
10002dfc:	e132      	b.n	10003064 <_ftoa+0x324>
10002dfe:	42a3      	cmp	r3, r4
10002e00:	d1f7      	bne.n	10002df2 <_ftoa+0xb2>
10002e02:	2200      	movs	r2, #0
10002e04:	4ba4      	ldr	r3, [pc, #656]	@ (10003098 <_ftoa+0x358>)
10002e06:	9206      	str	r2, [sp, #24]
10002e08:	9307      	str	r3, [sp, #28]
10002e0a:	981e      	ldr	r0, [sp, #120]	@ 0x78
10002e0c:	991f      	ldr	r1, [sp, #124]	@ 0x7c
10002e0e:	f7ff fa61 	bl	100022d4 <__wrap___aeabi_d2iz>
10002e12:	0005      	movs	r5, r0
10002e14:	f7ff fa46 	bl	100022a4 <__wrap___aeabi_i2d>
10002e18:	0002      	movs	r2, r0
10002e1a:	000b      	movs	r3, r1
10002e1c:	981e      	ldr	r0, [sp, #120]	@ 0x78
10002e1e:	991f      	ldr	r1, [sp, #124]	@ 0x7c
10002e20:	f7ff f9b9 	bl	10002196 <__wrap___aeabi_dsub>
10002e24:	9a06      	ldr	r2, [sp, #24]
10002e26:	9b07      	ldr	r3, [sp, #28]
10002e28:	f7ff f9d9 	bl	100021de <__wrap___aeabi_dmul>
10002e2c:	9008      	str	r0, [sp, #32]
10002e2e:	9109      	str	r1, [sp, #36]	@ 0x24
10002e30:	f7ff fa74 	bl	1000231c <__wrap___aeabi_d2uiz>
10002e34:	0006      	movs	r6, r0
10002e36:	f7ff fa31 	bl	1000229c <__wrap___aeabi_ui2d>
10002e3a:	0002      	movs	r2, r0
10002e3c:	000b      	movs	r3, r1
10002e3e:	9808      	ldr	r0, [sp, #32]
10002e40:	9909      	ldr	r1, [sp, #36]	@ 0x24
10002e42:	f7ff f9a8 	bl	10002196 <__wrap___aeabi_dsub>
10002e46:	2200      	movs	r2, #0
10002e48:	4b95      	ldr	r3, [pc, #596]	@ (100030a0 <_ftoa+0x360>)
10002e4a:	9008      	str	r0, [sp, #32]
10002e4c:	9109      	str	r1, [sp, #36]	@ 0x24
10002e4e:	f7ff fa13 	bl	10002278 <__wrap___aeabi_dcmpgt>
10002e52:	2800      	cmp	r0, #0
10002e54:	d100      	bne.n	10002e58 <_ftoa+0x118>
10002e56:	e0d2      	b.n	10002ffe <_ftoa+0x2be>
10002e58:	3601      	adds	r6, #1
10002e5a:	0030      	movs	r0, r6
10002e5c:	f7ff fa1e 	bl	1000229c <__wrap___aeabi_ui2d>
10002e60:	9a06      	ldr	r2, [sp, #24]
10002e62:	9b07      	ldr	r3, [sp, #28]
10002e64:	f7ff fa00 	bl	10002268 <__wrap___aeabi_dcmpge>
10002e68:	2800      	cmp	r0, #0
10002e6a:	d001      	beq.n	10002e70 <_ftoa+0x130>
10002e6c:	2600      	movs	r6, #0
10002e6e:	3501      	adds	r5, #1
10002e70:	46aa      	mov	sl, r5
10002e72:	2f00      	cmp	r7, #0
10002e74:	d000      	beq.n	10002e78 <_ftoa+0x138>
10002e76:	e098      	b.n	10002faa <_ftoa+0x26a>
10002e78:	0028      	movs	r0, r5
10002e7a:	f7ff fa13 	bl	100022a4 <__wrap___aeabi_i2d>
10002e7e:	0002      	movs	r2, r0
10002e80:	000b      	movs	r3, r1
10002e82:	981e      	ldr	r0, [sp, #120]	@ 0x78
10002e84:	991f      	ldr	r1, [sp, #124]	@ 0x7c
10002e86:	f7ff f986 	bl	10002196 <__wrap___aeabi_dsub>
10002e8a:	4b85      	ldr	r3, [pc, #532]	@ (100030a0 <_ftoa+0x360>)
10002e8c:	2200      	movs	r2, #0
10002e8e:	0006      	movs	r6, r0
10002e90:	000f      	movs	r7, r1
10002e92:	f7ff f9e3 	bl	1000225c <__wrap___aeabi_dcmplt>
10002e96:	ab0c      	add	r3, sp, #48	@ 0x30
10002e98:	469a      	mov	sl, r3
10002e9a:	2800      	cmp	r0, #0
10002e9c:	d145      	bne.n	10002f2a <_ftoa+0x1ea>
10002e9e:	2200      	movs	r2, #0
10002ea0:	0030      	movs	r0, r6
10002ea2:	0039      	movs	r1, r7
10002ea4:	4b7e      	ldr	r3, [pc, #504]	@ (100030a0 <_ftoa+0x360>)
10002ea6:	f7ff f9e7 	bl	10002278 <__wrap___aeabi_dcmpgt>
10002eaa:	2800      	cmp	r0, #0
10002eac:	d13d      	bne.n	10002f2a <_ftoa+0x1ea>
10002eae:	07eb      	lsls	r3, r5, #31
10002eb0:	d53b      	bpl.n	10002f2a <_ftoa+0x1ea>
10002eb2:	3501      	adds	r5, #1
10002eb4:	e039      	b.n	10002f2a <_ftoa+0x1ea>
10002eb6:	9b22      	ldr	r3, [sp, #136]	@ 0x88
10002eb8:	4642      	mov	r2, r8
10002eba:	9304      	str	r3, [sp, #16]
10002ebc:	9b21      	ldr	r3, [sp, #132]	@ 0x84
10002ebe:	4659      	mov	r1, fp
10002ec0:	9303      	str	r3, [sp, #12]
10002ec2:	980a      	ldr	r0, [sp, #40]	@ 0x28
10002ec4:	9b1e      	ldr	r3, [sp, #120]	@ 0x78
10002ec6:	9c1f      	ldr	r4, [sp, #124]	@ 0x7c
10002ec8:	9502      	str	r5, [sp, #8]
10002eca:	9300      	str	r3, [sp, #0]
10002ecc:	9401      	str	r4, [sp, #4]
10002ece:	464b      	mov	r3, r9
10002ed0:	f7ff fd04 	bl	100028dc <_etoa>
10002ed4:	b015      	add	sp, #84	@ 0x54
10002ed6:	bcf0      	pop	{r4, r5, r6, r7}
10002ed8:	46bb      	mov	fp, r7
10002eda:	46b2      	mov	sl, r6
10002edc:	46a9      	mov	r9, r5
10002ede:	46a0      	mov	r8, r4
10002ee0:	bdf0      	pop	{r4, r5, r6, r7, pc}
10002ee2:	9b22      	ldr	r3, [sp, #136]	@ 0x88
10002ee4:	075b      	lsls	r3, r3, #29
10002ee6:	d467      	bmi.n	10002fb8 <_ftoa+0x278>
10002ee8:	2203      	movs	r2, #3
10002eea:	4b6e      	ldr	r3, [pc, #440]	@ (100030a4 <_ftoa+0x364>)
10002eec:	9922      	ldr	r1, [sp, #136]	@ 0x88
10002eee:	9201      	str	r2, [sp, #4]
10002ef0:	9103      	str	r1, [sp, #12]
10002ef2:	9921      	ldr	r1, [sp, #132]	@ 0x84
10002ef4:	9102      	str	r1, [sp, #8]
10002ef6:	9300      	str	r3, [sp, #0]
10002ef8:	4642      	mov	r2, r8
10002efa:	464b      	mov	r3, r9
10002efc:	4659      	mov	r1, fp
10002efe:	980a      	ldr	r0, [sp, #40]	@ 0x28
10002f00:	f7ff fb5e 	bl	100025c0 <_out_rev>
10002f04:	e7e6      	b.n	10002ed4 <_ftoa+0x194>
10002f06:	aa06      	add	r2, sp, #24
10002f08:	4694      	mov	ip, r2
10002f0a:	2317      	movs	r3, #23
10002f0c:	0028      	movs	r0, r5
10002f0e:	4463      	add	r3, ip
10002f10:	210a      	movs	r1, #10
10002f12:	3401      	adds	r4, #1
10002f14:	191e      	adds	r6, r3, r4
10002f16:	f7fe fedb 	bl	10001cd0 <__wrap___aeabi_idiv>
10002f1a:	3130      	adds	r1, #48	@ 0x30
10002f1c:	0028      	movs	r0, r5
10002f1e:	7031      	strb	r1, [r6, #0]
10002f20:	210a      	movs	r1, #10
10002f22:	f7fe fed5 	bl	10001cd0 <__wrap___aeabi_idiv>
10002f26:	1e05      	subs	r5, r0, #0
10002f28:	d076      	beq.n	10003018 <_ftoa+0x2d8>
10002f2a:	2c20      	cmp	r4, #32
10002f2c:	d1eb      	bne.n	10002f06 <_ftoa+0x1c6>
10002f2e:	2303      	movs	r3, #3
10002f30:	9a22      	ldr	r2, [sp, #136]	@ 0x88
10002f32:	4013      	ands	r3, r2
10002f34:	2b01      	cmp	r3, #1
10002f36:	d11d      	bne.n	10002f74 <_ftoa+0x234>
10002f38:	9b21      	ldr	r3, [sp, #132]	@ 0x84
10002f3a:	2b00      	cmp	r3, #0
10002f3c:	d01a      	beq.n	10002f74 <_ftoa+0x234>
10002f3e:	9b0b      	ldr	r3, [sp, #44]	@ 0x2c
10002f40:	2b00      	cmp	r3, #0
10002f42:	d000      	beq.n	10002f46 <_ftoa+0x206>
10002f44:	e0bb      	b.n	100030be <_ftoa+0x37e>
10002f46:	9a22      	ldr	r2, [sp, #136]	@ 0x88
10002f48:	330c      	adds	r3, #12
10002f4a:	4213      	tst	r3, r2
10002f4c:	d000      	beq.n	10002f50 <_ftoa+0x210>
10002f4e:	e0b6      	b.n	100030be <_ftoa+0x37e>
10002f50:	9b21      	ldr	r3, [sp, #132]	@ 0x84
10002f52:	42a3      	cmp	r3, r4
10002f54:	d800      	bhi.n	10002f58 <_ftoa+0x218>
10002f56:	e087      	b.n	10003068 <_ftoa+0x328>
10002f58:	ab06      	add	r3, sp, #24
10002f5a:	469c      	mov	ip, r3
10002f5c:	2217      	movs	r2, #23
10002f5e:	2330      	movs	r3, #48	@ 0x30
10002f60:	4462      	add	r2, ip
10002f62:	e004      	b.n	10002f6e <_ftoa+0x22e>
10002f64:	9921      	ldr	r1, [sp, #132]	@ 0x84
10002f66:	3401      	adds	r4, #1
10002f68:	5513      	strb	r3, [r2, r4]
10002f6a:	428c      	cmp	r4, r1
10002f6c:	d059      	beq.n	10003022 <_ftoa+0x2e2>
10002f6e:	2c20      	cmp	r4, #32
10002f70:	d1f8      	bne.n	10002f64 <_ftoa+0x224>
10002f72:	2420      	movs	r4, #32
10002f74:	9b22      	ldr	r3, [sp, #136]	@ 0x88
10002f76:	9401      	str	r4, [sp, #4]
10002f78:	9303      	str	r3, [sp, #12]
10002f7a:	9b21      	ldr	r3, [sp, #132]	@ 0x84
10002f7c:	9302      	str	r3, [sp, #8]
10002f7e:	4653      	mov	r3, sl
10002f80:	e7b9      	b.n	10002ef6 <_ftoa+0x1b6>
10002f82:	aa06      	add	r2, sp, #24
10002f84:	4694      	mov	ip, r2
10002f86:	2317      	movs	r3, #23
10002f88:	210a      	movs	r1, #10
10002f8a:	4463      	add	r3, ip
10002f8c:	0030      	movs	r0, r6
10002f8e:	3401      	adds	r4, #1
10002f90:	191d      	adds	r5, r3, r4
10002f92:	f7fe fec5 	bl	10001d20 <__wrap___aeabi_uidiv>
10002f96:	3130      	adds	r1, #48	@ 0x30
10002f98:	7029      	strb	r1, [r5, #0]
10002f9a:	0030      	movs	r0, r6
10002f9c:	210a      	movs	r1, #10
10002f9e:	3f01      	subs	r7, #1
10002fa0:	f7fe febe 	bl	10001d20 <__wrap___aeabi_uidiv>
10002fa4:	2e09      	cmp	r6, #9
10002fa6:	d946      	bls.n	10003036 <_ftoa+0x2f6>
10002fa8:	0006      	movs	r6, r0
10002faa:	2c20      	cmp	r4, #32
10002fac:	d1e9      	bne.n	10002f82 <_ftoa+0x242>
10002fae:	4655      	mov	r5, sl
10002fb0:	ab0c      	add	r3, sp, #48	@ 0x30
10002fb2:	2420      	movs	r4, #32
10002fb4:	469a      	mov	sl, r3
10002fb6:	e7b8      	b.n	10002f2a <_ftoa+0x1ea>
10002fb8:	2204      	movs	r2, #4
10002fba:	4b3b      	ldr	r3, [pc, #236]	@ (100030a8 <_ftoa+0x368>)
10002fbc:	e796      	b.n	10002eec <_ftoa+0x1ac>
10002fbe:	9a1e      	ldr	r2, [sp, #120]	@ 0x78
10002fc0:	9b1f      	ldr	r3, [sp, #124]	@ 0x7c
10002fc2:	2000      	movs	r0, #0
10002fc4:	2100      	movs	r1, #0
10002fc6:	f7ff f8e6 	bl	10002196 <__wrap___aeabi_dsub>
10002fca:	2301      	movs	r3, #1
10002fcc:	930b      	str	r3, [sp, #44]	@ 0x2c
10002fce:	2380      	movs	r3, #128	@ 0x80
10002fd0:	9c22      	ldr	r4, [sp, #136]	@ 0x88
10002fd2:	9a22      	ldr	r2, [sp, #136]	@ 0x88
10002fd4:	00db      	lsls	r3, r3, #3
10002fd6:	901e      	str	r0, [sp, #120]	@ 0x78
10002fd8:	911f      	str	r1, [sp, #124]	@ 0x7c
10002fda:	401c      	ands	r4, r3
10002fdc:	421a      	tst	r2, r3
10002fde:	d000      	beq.n	10002fe2 <_ftoa+0x2a2>
10002fe0:	e6fc      	b.n	10002ddc <_ftoa+0x9c>
10002fe2:	2200      	movs	r2, #0
10002fe4:	4b31      	ldr	r3, [pc, #196]	@ (100030ac <_ftoa+0x36c>)
10002fe6:	2706      	movs	r7, #6
10002fe8:	9206      	str	r2, [sp, #24]
10002fea:	9307      	str	r3, [sp, #28]
10002fec:	e70d      	b.n	10002e0a <_ftoa+0xca>
10002fee:	9b22      	ldr	r3, [sp, #136]	@ 0x88
10002ff0:	9303      	str	r3, [sp, #12]
10002ff2:	9b21      	ldr	r3, [sp, #132]	@ 0x84
10002ff4:	9302      	str	r3, [sp, #8]
10002ff6:	2304      	movs	r3, #4
10002ff8:	9301      	str	r3, [sp, #4]
10002ffa:	4b2d      	ldr	r3, [pc, #180]	@ (100030b0 <_ftoa+0x370>)
10002ffc:	e77b      	b.n	10002ef6 <_ftoa+0x1b6>
10002ffe:	2200      	movs	r2, #0
10003000:	9808      	ldr	r0, [sp, #32]
10003002:	9909      	ldr	r1, [sp, #36]	@ 0x24
10003004:	4b26      	ldr	r3, [pc, #152]	@ (100030a0 <_ftoa+0x360>)
10003006:	f7ff f929 	bl	1000225c <__wrap___aeabi_dcmplt>
1000300a:	2800      	cmp	r0, #0
1000300c:	d000      	beq.n	10003010 <_ftoa+0x2d0>
1000300e:	e72f      	b.n	10002e70 <_ftoa+0x130>
10003010:	2e00      	cmp	r6, #0
10003012:	d14f      	bne.n	100030b4 <_ftoa+0x374>
10003014:	3601      	adds	r6, #1
10003016:	e72b      	b.n	10002e70 <_ftoa+0x130>
10003018:	2303      	movs	r3, #3
1000301a:	9a22      	ldr	r2, [sp, #136]	@ 0x88
1000301c:	4013      	ands	r3, r2
1000301e:	2b01      	cmp	r3, #1
10003020:	d066      	beq.n	100030f0 <_ftoa+0x3b0>
10003022:	2c20      	cmp	r4, #32
10003024:	d0a6      	beq.n	10002f74 <_ftoa+0x234>
10003026:	9b0b      	ldr	r3, [sp, #44]	@ 0x2c
10003028:	2b00      	cmp	r3, #0
1000302a:	d01f      	beq.n	1000306c <_ftoa+0x32c>
1000302c:	232d      	movs	r3, #45	@ 0x2d
1000302e:	4652      	mov	r2, sl
10003030:	5513      	strb	r3, [r2, r4]
10003032:	3401      	adds	r4, #1
10003034:	e79e      	b.n	10002f74 <_ftoa+0x234>
10003036:	4655      	mov	r5, sl
10003038:	2c20      	cmp	r4, #32
1000303a:	d0b9      	beq.n	10002fb0 <_ftoa+0x270>
1000303c:	2330      	movs	r3, #48	@ 0x30
1000303e:	193a      	adds	r2, r7, r4
10003040:	2f00      	cmp	r7, #0
10003042:	d008      	beq.n	10003056 <_ftoa+0x316>
10003044:	2017      	movs	r0, #23
10003046:	a906      	add	r1, sp, #24
10003048:	3401      	adds	r4, #1
1000304a:	1809      	adds	r1, r1, r0
1000304c:	550b      	strb	r3, [r1, r4]
1000304e:	2c20      	cmp	r4, #32
10003050:	d0ae      	beq.n	10002fb0 <_ftoa+0x270>
10003052:	4294      	cmp	r4, r2
10003054:	d1f6      	bne.n	10003044 <_ftoa+0x304>
10003056:	ab0c      	add	r3, sp, #48	@ 0x30
10003058:	469a      	mov	sl, r3
1000305a:	232e      	movs	r3, #46	@ 0x2e
1000305c:	4652      	mov	r2, sl
1000305e:	5513      	strb	r3, [r2, r4]
10003060:	3401      	adds	r4, #1
10003062:	e762      	b.n	10002f2a <_ftoa+0x1ea>
10003064:	2420      	movs	r4, #32
10003066:	e6cc      	b.n	10002e02 <_ftoa+0xc2>
10003068:	2c20      	cmp	r4, #32
1000306a:	d083      	beq.n	10002f74 <_ftoa+0x234>
1000306c:	9b22      	ldr	r3, [sp, #136]	@ 0x88
1000306e:	075b      	lsls	r3, r3, #29
10003070:	d408      	bmi.n	10003084 <_ftoa+0x344>
10003072:	9b22      	ldr	r3, [sp, #136]	@ 0x88
10003074:	071b      	lsls	r3, r3, #28
10003076:	d400      	bmi.n	1000307a <_ftoa+0x33a>
10003078:	e77c      	b.n	10002f74 <_ftoa+0x234>
1000307a:	2320      	movs	r3, #32
1000307c:	4652      	mov	r2, sl
1000307e:	5513      	strb	r3, [r2, r4]
10003080:	3401      	adds	r4, #1
10003082:	e777      	b.n	10002f74 <_ftoa+0x234>
10003084:	232b      	movs	r3, #43	@ 0x2b
10003086:	4652      	mov	r2, sl
10003088:	5513      	strb	r3, [r2, r4]
1000308a:	3401      	adds	r4, #1
1000308c:	e772      	b.n	10002f74 <_ftoa+0x234>
1000308e:	46c0      	nop			@ (mov r8, r8)
10003090:	ffefffff 	.word	0xffefffff
10003094:	7fefffff 	.word	0x7fefffff
10003098:	41cdcd65 	.word	0x41cdcd65
1000309c:	c1cdcd65 	.word	0xc1cdcd65
100030a0:	3fe00000 	.word	0x3fe00000
100030a4:	100093e4 	.word	0x100093e4
100030a8:	100093dc 	.word	0x100093dc
100030ac:	412e8480 	.word	0x412e8480
100030b0:	100093ec 	.word	0x100093ec
100030b4:	07f3      	lsls	r3, r6, #31
100030b6:	d400      	bmi.n	100030ba <_ftoa+0x37a>
100030b8:	e6da      	b.n	10002e70 <_ftoa+0x130>
100030ba:	3601      	adds	r6, #1
100030bc:	e6d8      	b.n	10002e70 <_ftoa+0x130>
100030be:	9b21      	ldr	r3, [sp, #132]	@ 0x84
100030c0:	3b01      	subs	r3, #1
100030c2:	9321      	str	r3, [sp, #132]	@ 0x84
100030c4:	42a3      	cmp	r3, r4
100030c6:	d900      	bls.n	100030ca <_ftoa+0x38a>
100030c8:	e746      	b.n	10002f58 <_ftoa+0x218>
100030ca:	e7aa      	b.n	10003022 <_ftoa+0x2e2>
100030cc:	9b22      	ldr	r3, [sp, #136]	@ 0x88
100030ce:	9303      	str	r3, [sp, #12]
100030d0:	9b21      	ldr	r3, [sp, #132]	@ 0x84
100030d2:	9302      	str	r3, [sp, #8]
100030d4:	2303      	movs	r3, #3
100030d6:	9301      	str	r3, [sp, #4]
100030d8:	4b07      	ldr	r3, [pc, #28]	@ (100030f8 <_ftoa+0x3b8>)
100030da:	e70c      	b.n	10002ef6 <_ftoa+0x1b6>
100030dc:	4b07      	ldr	r3, [pc, #28]	@ (100030fc <_ftoa+0x3bc>)
100030de:	00ea      	lsls	r2, r5, #3
100030e0:	189b      	adds	r3, r3, r2
100030e2:	685c      	ldr	r4, [r3, #4]
100030e4:	681b      	ldr	r3, [r3, #0]
100030e6:	002f      	movs	r7, r5
100030e8:	9306      	str	r3, [sp, #24]
100030ea:	9407      	str	r4, [sp, #28]
100030ec:	2400      	movs	r4, #0
100030ee:	e68c      	b.n	10002e0a <_ftoa+0xca>
100030f0:	9b21      	ldr	r3, [sp, #132]	@ 0x84
100030f2:	2b00      	cmp	r3, #0
100030f4:	d095      	beq.n	10003022 <_ftoa+0x2e2>
100030f6:	e722      	b.n	10002f3e <_ftoa+0x1fe>
100030f8:	100093e8 	.word	0x100093e8
100030fc:	100096d0 	.word	0x100096d0

10003100 <_vsnprintf>:
10003100:	b5f0      	push	{r4, r5, r6, r7, lr}
10003102:	4657      	mov	r7, sl
10003104:	46de      	mov	lr, fp
10003106:	464e      	mov	r6, r9
10003108:	4645      	mov	r5, r8
1000310a:	b5e0      	push	{r5, r6, r7, lr}
1000310c:	b0a5      	sub	sp, #148	@ 0x94
1000310e:	001f      	movs	r7, r3
10003110:	9b2e      	ldr	r3, [sp, #184]	@ 0xb8
10003112:	4691      	mov	r9, r2
10003114:	930d      	str	r3, [sp, #52]	@ 0x34
10003116:	4aca      	ldr	r2, [pc, #808]	@ (10003440 <_vsnprintf+0x340>)
10003118:	4bca      	ldr	r3, [pc, #808]	@ (10003444 <_vsnprintf+0x344>)
1000311a:	4682      	mov	sl, r0
1000311c:	468b      	mov	fp, r1
1000311e:	601a      	str	r2, [r3, #0]
10003120:	2900      	cmp	r1, #0
10003122:	d100      	bne.n	10003126 <_vsnprintf+0x26>
10003124:	e229      	b.n	1000357a <_vsnprintf+0x47a>
10003126:	2300      	movs	r3, #0
10003128:	7838      	ldrb	r0, [r7, #0]
1000312a:	4698      	mov	r8, r3
1000312c:	2800      	cmp	r0, #0
1000312e:	d100      	bne.n	10003132 <_vsnprintf+0x32>
10003130:	e22b      	b.n	1000358a <_vsnprintf+0x48a>
10003132:	4bc5      	ldr	r3, [pc, #788]	@ (10003448 <_vsnprintf+0x348>)
10003134:	4644      	mov	r4, r8
10003136:	930c      	str	r3, [sp, #48]	@ 0x30
10003138:	4bc4      	ldr	r3, [pc, #784]	@ (1000344c <_vsnprintf+0x34c>)
1000313a:	4655      	mov	r5, sl
1000313c:	464e      	mov	r6, r9
1000313e:	930e      	str	r3, [sp, #56]	@ 0x38
10003140:	e00a      	b.n	10003158 <_vsnprintf+0x58>
10003142:	1c63      	adds	r3, r4, #1
10003144:	4698      	mov	r8, r3
10003146:	0022      	movs	r2, r4
10003148:	0033      	movs	r3, r6
1000314a:	4659      	mov	r1, fp
1000314c:	47a8      	blx	r5
1000314e:	4644      	mov	r4, r8
10003150:	7838      	ldrb	r0, [r7, #0]
10003152:	2800      	cmp	r0, #0
10003154:	d100      	bne.n	10003158 <_vsnprintf+0x58>
10003156:	e087      	b.n	10003268 <_vsnprintf+0x168>
10003158:	3701      	adds	r7, #1
1000315a:	2825      	cmp	r0, #37	@ 0x25
1000315c:	d1f1      	bne.n	10003142 <_vsnprintf+0x42>
1000315e:	2308      	movs	r3, #8
10003160:	469a      	mov	sl, r3
10003162:	3b04      	subs	r3, #4
10003164:	4699      	mov	r9, r3
10003166:	3b02      	subs	r3, #2
10003168:	4698      	mov	r8, r3
1000316a:	3b01      	subs	r3, #1
1000316c:	2200      	movs	r2, #0
1000316e:	469c      	mov	ip, r3
10003170:	940b      	str	r4, [sp, #44]	@ 0x2c
10003172:	7838      	ldrb	r0, [r7, #0]
10003174:	1c79      	adds	r1, r7, #1
10003176:	0003      	movs	r3, r0
10003178:	3b20      	subs	r3, #32
1000317a:	b2db      	uxtb	r3, r3
1000317c:	2b10      	cmp	r3, #16
1000317e:	d803      	bhi.n	10003188 <_vsnprintf+0x88>
10003180:	9c0c      	ldr	r4, [sp, #48]	@ 0x30
10003182:	009b      	lsls	r3, r3, #2
10003184:	58e3      	ldr	r3, [r4, r3]
10003186:	469f      	mov	pc, r3
10003188:	0003      	movs	r3, r0
1000318a:	3b30      	subs	r3, #48	@ 0x30
1000318c:	9c0b      	ldr	r4, [sp, #44]	@ 0x2c
1000318e:	920b      	str	r2, [sp, #44]	@ 0x2c
10003190:	2b09      	cmp	r3, #9
10003192:	d93a      	bls.n	1000320a <_vsnprintf+0x10a>
10003194:	2300      	movs	r3, #0
10003196:	4698      	mov	r8, r3
10003198:	282a      	cmp	r0, #42	@ 0x2a
1000319a:	d100      	bne.n	1000319e <_vsnprintf+0x9e>
1000319c:	e0dd      	b.n	1000335a <_vsnprintf+0x25a>
1000319e:	2300      	movs	r3, #0
100031a0:	469a      	mov	sl, r3
100031a2:	282e      	cmp	r0, #46	@ 0x2e
100031a4:	d04b      	beq.n	1000323e <_vsnprintf+0x13e>
100031a6:	0003      	movs	r3, r0
100031a8:	3b68      	subs	r3, #104	@ 0x68
100031aa:	b2db      	uxtb	r3, r3
100031ac:	2b12      	cmp	r3, #18
100031ae:	d81e      	bhi.n	100031ee <_vsnprintf+0xee>
100031b0:	9a0e      	ldr	r2, [sp, #56]	@ 0x38
100031b2:	009b      	lsls	r3, r3, #2
100031b4:	58d3      	ldr	r3, [r2, r3]
100031b6:	469f      	mov	pc, r3
100031b8:	4663      	mov	r3, ip
100031ba:	000f      	movs	r7, r1
100031bc:	431a      	orrs	r2, r3
100031be:	e7d8      	b.n	10003172 <_vsnprintf+0x72>
100031c0:	4643      	mov	r3, r8
100031c2:	000f      	movs	r7, r1
100031c4:	431a      	orrs	r2, r3
100031c6:	e7d4      	b.n	10003172 <_vsnprintf+0x72>
100031c8:	464b      	mov	r3, r9
100031ca:	000f      	movs	r7, r1
100031cc:	431a      	orrs	r2, r3
100031ce:	e7d0      	b.n	10003172 <_vsnprintf+0x72>
100031d0:	2310      	movs	r3, #16
100031d2:	000f      	movs	r7, r1
100031d4:	431a      	orrs	r2, r3
100031d6:	e7cc      	b.n	10003172 <_vsnprintf+0x72>
100031d8:	4653      	mov	r3, sl
100031da:	000f      	movs	r7, r1
100031dc:	431a      	orrs	r2, r3
100031de:	e7c8      	b.n	10003172 <_vsnprintf+0x72>
100031e0:	2380      	movs	r3, #128	@ 0x80
100031e2:	005b      	lsls	r3, r3, #1
100031e4:	9a0b      	ldr	r2, [sp, #44]	@ 0x2c
100031e6:	7878      	ldrb	r0, [r7, #1]
100031e8:	431a      	orrs	r2, r3
100031ea:	920b      	str	r2, [sp, #44]	@ 0x2c
100031ec:	3101      	adds	r1, #1
100031ee:	000f      	movs	r7, r1
100031f0:	2867      	cmp	r0, #103	@ 0x67
100031f2:	d84f      	bhi.n	10003294 <_vsnprintf+0x194>
100031f4:	2824      	cmp	r0, #36	@ 0x24
100031f6:	d9a4      	bls.n	10003142 <_vsnprintf+0x42>
100031f8:	0003      	movs	r3, r0
100031fa:	3b25      	subs	r3, #37	@ 0x25
100031fc:	b2db      	uxtb	r3, r3
100031fe:	2b42      	cmp	r3, #66	@ 0x42
10003200:	d89f      	bhi.n	10003142 <_vsnprintf+0x42>
10003202:	4993      	ldr	r1, [pc, #588]	@ (10003450 <_vsnprintf+0x350>)
10003204:	009b      	lsls	r3, r3, #2
10003206:	58cb      	ldr	r3, [r1, r3]
10003208:	469f      	mov	pc, r3
1000320a:	2300      	movs	r3, #0
1000320c:	4698      	mov	r8, r3
1000320e:	9b0b      	ldr	r3, [sp, #44]	@ 0x2c
10003210:	4647      	mov	r7, r8
10003212:	469c      	mov	ip, r3
10003214:	e000      	b.n	10003218 <_vsnprintf+0x118>
10003216:	3101      	adds	r1, #1
10003218:	00bb      	lsls	r3, r7, #2
1000321a:	19db      	adds	r3, r3, r7
1000321c:	005b      	lsls	r3, r3, #1
1000321e:	181f      	adds	r7, r3, r0
10003220:	7808      	ldrb	r0, [r1, #0]
10003222:	3f30      	subs	r7, #48	@ 0x30
10003224:	0003      	movs	r3, r0
10003226:	3b30      	subs	r3, #48	@ 0x30
10003228:	2b09      	cmp	r3, #9
1000322a:	d9f4      	bls.n	10003216 <_vsnprintf+0x116>
1000322c:	4663      	mov	r3, ip
1000322e:	930b      	str	r3, [sp, #44]	@ 0x2c
10003230:	2300      	movs	r3, #0
10003232:	46b8      	mov	r8, r7
10003234:	469a      	mov	sl, r3
10003236:	000f      	movs	r7, r1
10003238:	3101      	adds	r1, #1
1000323a:	282e      	cmp	r0, #46	@ 0x2e
1000323c:	d1b3      	bne.n	100031a6 <_vsnprintf+0xa6>
1000323e:	2080      	movs	r0, #128	@ 0x80
10003240:	9a0b      	ldr	r2, [sp, #44]	@ 0x2c
10003242:	00c0      	lsls	r0, r0, #3
10003244:	4302      	orrs	r2, r0
10003246:	920b      	str	r2, [sp, #44]	@ 0x2c
10003248:	2230      	movs	r2, #48	@ 0x30
1000324a:	4252      	negs	r2, r2
1000324c:	4694      	mov	ip, r2
1000324e:	7878      	ldrb	r0, [r7, #1]
10003250:	000b      	movs	r3, r1
10003252:	4484      	add	ip, r0
10003254:	4662      	mov	r2, ip
10003256:	2a09      	cmp	r2, #9
10003258:	d800      	bhi.n	1000325c <_vsnprintf+0x15c>
1000325a:	e1aa      	b.n	100035b2 <_vsnprintf+0x4b2>
1000325c:	282a      	cmp	r0, #42	@ 0x2a
1000325e:	d100      	bne.n	10003262 <_vsnprintf+0x162>
10003260:	e1b9      	b.n	100035d6 <_vsnprintf+0x4d6>
10003262:	000f      	movs	r7, r1
10003264:	3101      	adds	r1, #1
10003266:	e79e      	b.n	100031a6 <_vsnprintf+0xa6>
10003268:	46a0      	mov	r8, r4
1000326a:	46aa      	mov	sl, r5
1000326c:	46b1      	mov	r9, r6
1000326e:	45c8      	cmp	r8, r9
10003270:	d303      	bcc.n	1000327a <_vsnprintf+0x17a>
10003272:	2301      	movs	r3, #1
10003274:	425b      	negs	r3, r3
10003276:	444b      	add	r3, r9
10003278:	4698      	mov	r8, r3
1000327a:	464b      	mov	r3, r9
1000327c:	4642      	mov	r2, r8
1000327e:	4659      	mov	r1, fp
10003280:	2000      	movs	r0, #0
10003282:	47d0      	blx	sl
10003284:	0020      	movs	r0, r4
10003286:	b025      	add	sp, #148	@ 0x94
10003288:	bcf0      	pop	{r4, r5, r6, r7}
1000328a:	46bb      	mov	fp, r7
1000328c:	46b2      	mov	sl, r6
1000328e:	46a9      	mov	r9, r5
10003290:	46a0      	mov	r8, r4
10003292:	bdf0      	pop	{r4, r5, r6, r7, pc}
10003294:	0001      	movs	r1, r0
10003296:	3969      	subs	r1, #105	@ 0x69
10003298:	b2c9      	uxtb	r1, r1
1000329a:	290f      	cmp	r1, #15
1000329c:	d900      	bls.n	100032a0 <_vsnprintf+0x1a0>
1000329e:	e750      	b.n	10003142 <_vsnprintf+0x42>
100032a0:	2301      	movs	r3, #1
100032a2:	408b      	lsls	r3, r1
100032a4:	469c      	mov	ip, r3
100032a6:	4b6b      	ldr	r3, [pc, #428]	@ (10003454 <_vsnprintf+0x354>)
100032a8:	4699      	mov	r9, r3
100032aa:	4663      	mov	r3, ip
100032ac:	464a      	mov	r2, r9
100032ae:	4013      	ands	r3, r2
100032b0:	930f      	str	r3, [sp, #60]	@ 0x3c
100032b2:	4662      	mov	r2, ip
100032b4:	464b      	mov	r3, r9
100032b6:	421a      	tst	r2, r3
100032b8:	d000      	beq.n	100032bc <_vsnprintf+0x1bc>
100032ba:	e168      	b.n	1000358e <_vsnprintf+0x48e>
100032bc:	290a      	cmp	r1, #10
100032be:	d056      	beq.n	1000336e <_vsnprintf+0x26e>
100032c0:	2907      	cmp	r1, #7
100032c2:	d000      	beq.n	100032c6 <_vsnprintf+0x1c6>
100032c4:	e73d      	b.n	10003142 <_vsnprintf+0x42>
100032c6:	9b0d      	ldr	r3, [sp, #52]	@ 0x34
100032c8:	cb02      	ldmia	r3!, {r1}
100032ca:	4698      	mov	r8, r3
100032cc:	2900      	cmp	r1, #0
100032ce:	d000      	beq.n	100032d2 <_vsnprintf+0x1d2>
100032d0:	e192      	b.n	100035f8 <_vsnprintf+0x4f8>
100032d2:	9b0b      	ldr	r3, [sp, #44]	@ 0x2c
100032d4:	2110      	movs	r1, #16
100032d6:	001a      	movs	r2, r3
100032d8:	438a      	bics	r2, r1
100032da:	0010      	movs	r0, r2
100032dc:	3111      	adds	r1, #17
100032de:	4308      	orrs	r0, r1
100032e0:	4681      	mov	r9, r0
100032e2:	2080      	movs	r0, #128	@ 0x80
100032e4:	001a      	movs	r2, r3
100032e6:	00c0      	lsls	r0, r0, #3
100032e8:	4002      	ands	r2, r0
100032ea:	0011      	movs	r1, r2
100032ec:	4203      	tst	r3, r0
100032ee:	d11c      	bne.n	1000332a <_vsnprintf+0x22a>
100032f0:	ab14      	add	r3, sp, #80	@ 0x50
100032f2:	469c      	mov	ip, r3
100032f4:	221f      	movs	r2, #31
100032f6:	230f      	movs	r3, #15
100032f8:	4462      	add	r2, ip
100032fa:	950d      	str	r5, [sp, #52]	@ 0x34
100032fc:	469c      	mov	ip, r3
100032fe:	0015      	movs	r5, r2
10003300:	9b0f      	ldr	r3, [sp, #60]	@ 0x3c
10003302:	940b      	str	r4, [sp, #44]	@ 0x2c
10003304:	e002      	b.n	1000330c <_vsnprintf+0x20c>
10003306:	2b20      	cmp	r3, #32
10003308:	d00c      	beq.n	10003324 <_vsnprintf+0x224>
1000330a:	0011      	movs	r1, r2
1000330c:	4664      	mov	r4, ip
1000330e:	400c      	ands	r4, r1
10003310:	0020      	movs	r0, r4
10003312:	3037      	adds	r0, #55	@ 0x37
10003314:	2c09      	cmp	r4, #9
10003316:	d800      	bhi.n	1000331a <_vsnprintf+0x21a>
10003318:	3807      	subs	r0, #7
1000331a:	3301      	adds	r3, #1
1000331c:	54e8      	strb	r0, [r5, r3]
1000331e:	090a      	lsrs	r2, r1, #4
10003320:	290f      	cmp	r1, #15
10003322:	d8f0      	bhi.n	10003306 <_vsnprintf+0x206>
10003324:	9c0b      	ldr	r4, [sp, #44]	@ 0x2c
10003326:	9d0d      	ldr	r5, [sp, #52]	@ 0x34
10003328:	930f      	str	r3, [sp, #60]	@ 0x3c
1000332a:	464b      	mov	r3, r9
1000332c:	2208      	movs	r2, #8
1000332e:	9306      	str	r3, [sp, #24]
10003330:	4653      	mov	r3, sl
10003332:	9205      	str	r2, [sp, #20]
10003334:	3208      	adds	r2, #8
10003336:	9203      	str	r2, [sp, #12]
10003338:	2200      	movs	r2, #0
1000333a:	9304      	str	r3, [sp, #16]
1000333c:	9b0f      	ldr	r3, [sp, #60]	@ 0x3c
1000333e:	9202      	str	r2, [sp, #8]
10003340:	9301      	str	r3, [sp, #4]
10003342:	ab1c      	add	r3, sp, #112	@ 0x70
10003344:	0022      	movs	r2, r4
10003346:	9300      	str	r3, [sp, #0]
10003348:	4659      	mov	r1, fp
1000334a:	0033      	movs	r3, r6
1000334c:	0028      	movs	r0, r5
1000334e:	f7ff f98d 	bl	1000266c <_ntoa_format>
10003352:	4643      	mov	r3, r8
10003354:	0004      	movs	r4, r0
10003356:	930d      	str	r3, [sp, #52]	@ 0x34
10003358:	e6fa      	b.n	10003150 <_vsnprintf+0x50>
1000335a:	9b0d      	ldr	r3, [sp, #52]	@ 0x34
1000335c:	cb04      	ldmia	r3!, {r2}
1000335e:	4690      	mov	r8, r2
10003360:	2a00      	cmp	r2, #0
10003362:	db79      	blt.n	10003458 <_vsnprintf+0x358>
10003364:	7878      	ldrb	r0, [r7, #1]
10003366:	930d      	str	r3, [sp, #52]	@ 0x34
10003368:	000f      	movs	r7, r1
1000336a:	3101      	adds	r1, #1
1000336c:	e717      	b.n	1000319e <_vsnprintf+0x9e>
1000336e:	9b0d      	ldr	r3, [sp, #52]	@ 0x34
10003370:	cb02      	ldmia	r3!, {r1}
10003372:	9314      	str	r3, [sp, #80]	@ 0x50
10003374:	780b      	ldrb	r3, [r1, #0]
10003376:	469c      	mov	ip, r3
10003378:	0018      	movs	r0, r3
1000337a:	4653      	mov	r3, sl
1000337c:	2b00      	cmp	r3, #0
1000337e:	d100      	bne.n	10003382 <_vsnprintf+0x282>
10003380:	e134      	b.n	100035ec <_vsnprintf+0x4ec>
10003382:	2800      	cmp	r0, #0
10003384:	d015      	beq.n	100033b2 <_vsnprintf+0x2b2>
10003386:	4653      	mov	r3, sl
10003388:	3b01      	subs	r3, #1
1000338a:	3301      	adds	r3, #1
1000338c:	4699      	mov	r9, r3
1000338e:	940d      	str	r4, [sp, #52]	@ 0x34
10003390:	9c0b      	ldr	r4, [sp, #44]	@ 0x2c
10003392:	4489      	add	r9, r1
10003394:	464a      	mov	r2, r9
10003396:	000b      	movs	r3, r1
10003398:	46a1      	mov	r9, r4
1000339a:	e001      	b.n	100033a0 <_vsnprintf+0x2a0>
1000339c:	4293      	cmp	r3, r2
1000339e:	d003      	beq.n	100033a8 <_vsnprintf+0x2a8>
100033a0:	785c      	ldrb	r4, [r3, #1]
100033a2:	3301      	adds	r3, #1
100033a4:	2c00      	cmp	r4, #0
100033a6:	d1f9      	bne.n	1000339c <_vsnprintf+0x29c>
100033a8:	464a      	mov	r2, r9
100033aa:	1a5b      	subs	r3, r3, r1
100033ac:	9c0d      	ldr	r4, [sp, #52]	@ 0x34
100033ae:	920b      	str	r2, [sp, #44]	@ 0x2c
100033b0:	930f      	str	r3, [sp, #60]	@ 0x3c
100033b2:	2380      	movs	r3, #128	@ 0x80
100033b4:	00db      	lsls	r3, r3, #3
100033b6:	4699      	mov	r9, r3
100033b8:	9a0b      	ldr	r2, [sp, #44]	@ 0x2c
100033ba:	4013      	ands	r3, r2
100033bc:	930d      	str	r3, [sp, #52]	@ 0x34
100033be:	464b      	mov	r3, r9
100033c0:	421a      	tst	r2, r3
100033c2:	d004      	beq.n	100033ce <_vsnprintf+0x2ce>
100033c4:	9b0f      	ldr	r3, [sp, #60]	@ 0x3c
100033c6:	4553      	cmp	r3, sl
100033c8:	d901      	bls.n	100033ce <_vsnprintf+0x2ce>
100033ca:	4653      	mov	r3, sl
100033cc:	930f      	str	r3, [sp, #60]	@ 0x3c
100033ce:	2302      	movs	r3, #2
100033d0:	4699      	mov	r9, r3
100033d2:	9a0b      	ldr	r2, [sp, #44]	@ 0x2c
100033d4:	4013      	ands	r3, r2
100033d6:	930b      	str	r3, [sp, #44]	@ 0x2c
100033d8:	464b      	mov	r3, r9
100033da:	4213      	tst	r3, r2
100033dc:	d100      	bne.n	100033e0 <_vsnprintf+0x2e0>
100033de:	e1f5      	b.n	100037cc <_vsnprintf+0x6cc>
100033e0:	4663      	mov	r3, ip
100033e2:	2b00      	cmp	r3, #0
100033e4:	d100      	bne.n	100033e8 <_vsnprintf+0x2e8>
100033e6:	e1d6      	b.n	10003796 <_vsnprintf+0x696>
100033e8:	9b0d      	ldr	r3, [sp, #52]	@ 0x34
100033ea:	2b00      	cmp	r3, #0
100033ec:	d100      	bne.n	100033f0 <_vsnprintf+0x2f0>
100033ee:	e182      	b.n	100036f6 <_vsnprintf+0x5f6>
100033f0:	1b0b      	subs	r3, r1, r4
100033f2:	46d1      	mov	r9, sl
100033f4:	0031      	movs	r1, r6
100033f6:	469a      	mov	sl, r3
100033f8:	003b      	movs	r3, r7
100033fa:	44a1      	add	r9, r4
100033fc:	002e      	movs	r6, r5
100033fe:	465f      	mov	r7, fp
10003400:	464d      	mov	r5, r9
10003402:	0022      	movs	r2, r4
10003404:	469b      	mov	fp, r3
10003406:	4689      	mov	r9, r1
10003408:	e009      	b.n	1000341e <_vsnprintf+0x31e>
1000340a:	464b      	mov	r3, r9
1000340c:	0039      	movs	r1, r7
1000340e:	1c54      	adds	r4, r2, #1
10003410:	47b0      	blx	r6
10003412:	4653      	mov	r3, sl
10003414:	5d18      	ldrb	r0, [r3, r4]
10003416:	2800      	cmp	r0, #0
10003418:	d100      	bne.n	1000341c <_vsnprintf+0x31c>
1000341a:	e192      	b.n	10003742 <_vsnprintf+0x642>
1000341c:	0022      	movs	r2, r4
1000341e:	4295      	cmp	r5, r2
10003420:	d1f3      	bne.n	1000340a <_vsnprintf+0x30a>
10003422:	464b      	mov	r3, r9
10003424:	465a      	mov	r2, fp
10003426:	46a9      	mov	r9, r5
10003428:	46bb      	mov	fp, r7
1000342a:	0035      	movs	r5, r6
1000342c:	0017      	movs	r7, r2
1000342e:	001e      	movs	r6, r3
10003430:	464c      	mov	r4, r9
10003432:	9b0b      	ldr	r3, [sp, #44]	@ 0x2c
10003434:	2b00      	cmp	r3, #0
10003436:	d000      	beq.n	1000343a <_vsnprintf+0x33a>
10003438:	e1ad      	b.n	10003796 <_vsnprintf+0x696>
1000343a:	9b14      	ldr	r3, [sp, #80]	@ 0x50
1000343c:	930d      	str	r3, [sp, #52]	@ 0x34
1000343e:	e687      	b.n	10003150 <_vsnprintf+0x50>
10003440:	10003101 	.word	0x10003101
10003444:	20001fcc 	.word	0x20001fcc
10003448:	10009534 	.word	0x10009534
1000344c:	10009578 	.word	0x10009578
10003450:	100095c4 	.word	0x100095c4
10003454:	00009041 	.word	0x00009041
10003458:	9a0b      	ldr	r2, [sp, #44]	@ 0x2c
1000345a:	3828      	subs	r0, #40	@ 0x28
1000345c:	4302      	orrs	r2, r0
1000345e:	920b      	str	r2, [sp, #44]	@ 0x2c
10003460:	4642      	mov	r2, r8
10003462:	4252      	negs	r2, r2
10003464:	7878      	ldrb	r0, [r7, #1]
10003466:	4690      	mov	r8, r2
10003468:	000f      	movs	r7, r1
1000346a:	930d      	str	r3, [sp, #52]	@ 0x34
1000346c:	3101      	adds	r1, #1
1000346e:	e696      	b.n	1000319e <_vsnprintf+0x9e>
10003470:	7878      	ldrb	r0, [r7, #1]
10003472:	286c      	cmp	r0, #108	@ 0x6c
10003474:	d100      	bne.n	10003478 <_vsnprintf+0x378>
10003476:	e15d      	b.n	10003734 <_vsnprintf+0x634>
10003478:	2380      	movs	r3, #128	@ 0x80
1000347a:	9a0b      	ldr	r2, [sp, #44]	@ 0x2c
1000347c:	005b      	lsls	r3, r3, #1
1000347e:	431a      	orrs	r2, r3
10003480:	920b      	str	r2, [sp, #44]	@ 0x2c
10003482:	3101      	adds	r1, #1
10003484:	e6b3      	b.n	100031ee <_vsnprintf+0xee>
10003486:	2380      	movs	r3, #128	@ 0x80
10003488:	009b      	lsls	r3, r3, #2
1000348a:	e6ab      	b.n	100031e4 <_vsnprintf+0xe4>
1000348c:	7878      	ldrb	r0, [r7, #1]
1000348e:	2868      	cmp	r0, #104	@ 0x68
10003490:	d100      	bne.n	10003494 <_vsnprintf+0x394>
10003492:	e148      	b.n	10003726 <_vsnprintf+0x626>
10003494:	2380      	movs	r3, #128	@ 0x80
10003496:	9a0b      	ldr	r2, [sp, #44]	@ 0x2c
10003498:	3101      	adds	r1, #1
1000349a:	431a      	orrs	r2, r3
1000349c:	920b      	str	r2, [sp, #44]	@ 0x2c
1000349e:	e6a6      	b.n	100031ee <_vsnprintf+0xee>
100034a0:	2867      	cmp	r0, #103	@ 0x67
100034a2:	d100      	bne.n	100034a6 <_vsnprintf+0x3a6>
100034a4:	e0b2      	b.n	1000360c <_vsnprintf+0x50c>
100034a6:	2847      	cmp	r0, #71	@ 0x47
100034a8:	d100      	bne.n	100034ac <_vsnprintf+0x3ac>
100034aa:	e11a      	b.n	100036e2 <_vsnprintf+0x5e2>
100034ac:	2845      	cmp	r0, #69	@ 0x45
100034ae:	d100      	bne.n	100034b2 <_vsnprintf+0x3b2>
100034b0:	e11c      	b.n	100036ec <_vsnprintf+0x5ec>
100034b2:	9a0b      	ldr	r2, [sp, #44]	@ 0x2c
100034b4:	2107      	movs	r1, #7
100034b6:	9204      	str	r2, [sp, #16]
100034b8:	4642      	mov	r2, r8
100034ba:	9b0d      	ldr	r3, [sp, #52]	@ 0x34
100034bc:	9203      	str	r2, [sp, #12]
100034be:	3307      	adds	r3, #7
100034c0:	4652      	mov	r2, sl
100034c2:	438b      	bics	r3, r1
100034c4:	0019      	movs	r1, r3
100034c6:	9202      	str	r2, [sp, #8]
100034c8:	c90c      	ldmia	r1!, {r2, r3}
100034ca:	0028      	movs	r0, r5
100034cc:	9200      	str	r2, [sp, #0]
100034ce:	9301      	str	r3, [sp, #4]
100034d0:	910d      	str	r1, [sp, #52]	@ 0x34
100034d2:	0022      	movs	r2, r4
100034d4:	0033      	movs	r3, r6
100034d6:	4659      	mov	r1, fp
100034d8:	f7ff fa00 	bl	100028dc <_etoa>
100034dc:	0004      	movs	r4, r0
100034de:	e637      	b.n	10003150 <_vsnprintf+0x50>
100034e0:	2846      	cmp	r0, #70	@ 0x46
100034e2:	d100      	bne.n	100034e6 <_vsnprintf+0x3e6>
100034e4:	e08d      	b.n	10003602 <_vsnprintf+0x502>
100034e6:	9a0b      	ldr	r2, [sp, #44]	@ 0x2c
100034e8:	2107      	movs	r1, #7
100034ea:	9204      	str	r2, [sp, #16]
100034ec:	4642      	mov	r2, r8
100034ee:	9b0d      	ldr	r3, [sp, #52]	@ 0x34
100034f0:	9203      	str	r2, [sp, #12]
100034f2:	3307      	adds	r3, #7
100034f4:	4652      	mov	r2, sl
100034f6:	438b      	bics	r3, r1
100034f8:	0019      	movs	r1, r3
100034fa:	9202      	str	r2, [sp, #8]
100034fc:	c90c      	ldmia	r1!, {r2, r3}
100034fe:	0028      	movs	r0, r5
10003500:	9200      	str	r2, [sp, #0]
10003502:	9301      	str	r3, [sp, #4]
10003504:	910d      	str	r1, [sp, #52]	@ 0x34
10003506:	0022      	movs	r2, r4
10003508:	0033      	movs	r3, r6
1000350a:	4659      	mov	r1, fp
1000350c:	f7ff fc18 	bl	10002d40 <_ftoa>
10003510:	0004      	movs	r4, r0
10003512:	e61d      	b.n	10003150 <_vsnprintf+0x50>
10003514:	1c63      	adds	r3, r4, #1
10003516:	4698      	mov	r8, r3
10003518:	0022      	movs	r2, r4
1000351a:	0033      	movs	r3, r6
1000351c:	4659      	mov	r1, fp
1000351e:	2025      	movs	r0, #37	@ 0x25
10003520:	47a8      	blx	r5
10003522:	4644      	mov	r4, r8
10003524:	e614      	b.n	10003150 <_vsnprintf+0x50>
10003526:	9b0d      	ldr	r3, [sp, #52]	@ 0x34
10003528:	3304      	adds	r3, #4
1000352a:	930f      	str	r3, [sp, #60]	@ 0x3c
1000352c:	1c63      	adds	r3, r4, #1
1000352e:	4699      	mov	r9, r3
10003530:	9b0b      	ldr	r3, [sp, #44]	@ 0x2c
10003532:	079a      	lsls	r2, r3, #30
10003534:	d400      	bmi.n	10003538 <_vsnprintf+0x438>
10003536:	e10a      	b.n	1000374e <_vsnprintf+0x64e>
10003538:	9b0d      	ldr	r3, [sp, #52]	@ 0x34
1000353a:	0022      	movs	r2, r4
1000353c:	7818      	ldrb	r0, [r3, #0]
1000353e:	4659      	mov	r1, fp
10003540:	0033      	movs	r3, r6
10003542:	47a8      	blx	r5
10003544:	4643      	mov	r3, r8
10003546:	4444      	add	r4, r8
10003548:	2b01      	cmp	r3, #1
1000354a:	d800      	bhi.n	1000354e <_vsnprintf+0x44e>
1000354c:	e16f      	b.n	1000382e <_vsnprintf+0x72e>
1000354e:	46b0      	mov	r8, r6
10003550:	002e      	movs	r6, r5
10003552:	0025      	movs	r5, r4
10003554:	464c      	mov	r4, r9
10003556:	46b9      	mov	r9, r7
10003558:	465f      	mov	r7, fp
1000355a:	0022      	movs	r2, r4
1000355c:	4643      	mov	r3, r8
1000355e:	3401      	adds	r4, #1
10003560:	0039      	movs	r1, r7
10003562:	2020      	movs	r0, #32
10003564:	47b0      	blx	r6
10003566:	42ac      	cmp	r4, r5
10003568:	d1f7      	bne.n	1000355a <_vsnprintf+0x45a>
1000356a:	002c      	movs	r4, r5
1000356c:	46bb      	mov	fp, r7
1000356e:	0035      	movs	r5, r6
10003570:	464f      	mov	r7, r9
10003572:	4646      	mov	r6, r8
10003574:	9b0f      	ldr	r3, [sp, #60]	@ 0x3c
10003576:	930d      	str	r3, [sp, #52]	@ 0x34
10003578:	e5ea      	b.n	10003150 <_vsnprintf+0x50>
1000357a:	4bd6      	ldr	r3, [pc, #856]	@ (100038d4 <_vsnprintf+0x7d4>)
1000357c:	7838      	ldrb	r0, [r7, #0]
1000357e:	469a      	mov	sl, r3
10003580:	2300      	movs	r3, #0
10003582:	4698      	mov	r8, r3
10003584:	2800      	cmp	r0, #0
10003586:	d000      	beq.n	1000358a <_vsnprintf+0x48a>
10003588:	e5d3      	b.n	10003132 <_vsnprintf+0x32>
1000358a:	2400      	movs	r4, #0
1000358c:	e66f      	b.n	1000326e <_vsnprintf+0x16e>
1000358e:	286f      	cmp	r0, #111	@ 0x6f
10003590:	d042      	beq.n	10003618 <_vsnprintf+0x518>
10003592:	d800      	bhi.n	10003596 <_vsnprintf+0x496>
10003594:	e1fd      	b.n	10003992 <_vsnprintf+0x892>
10003596:	2310      	movs	r3, #16
10003598:	2878      	cmp	r0, #120	@ 0x78
1000359a:	d100      	bne.n	1000359e <_vsnprintf+0x49e>
1000359c:	e09b      	b.n	100036d6 <_vsnprintf+0x5d6>
1000359e:	9a0b      	ldr	r2, [sp, #44]	@ 0x2c
100035a0:	439a      	bics	r2, r3
100035a2:	920b      	str	r2, [sp, #44]	@ 0x2c
100035a4:	230a      	movs	r3, #10
100035a6:	469c      	mov	ip, r3
100035a8:	2300      	movs	r3, #0
100035aa:	9314      	str	r3, [sp, #80]	@ 0x50
100035ac:	330a      	adds	r3, #10
100035ae:	930f      	str	r3, [sp, #60]	@ 0x3c
100035b0:	e038      	b.n	10003624 <_vsnprintf+0x524>
100035b2:	4657      	mov	r7, sl
100035b4:	9a0b      	ldr	r2, [sp, #44]	@ 0x2c
100035b6:	00b9      	lsls	r1, r7, #2
100035b8:	19c9      	adds	r1, r1, r7
100035ba:	0049      	lsls	r1, r1, #1
100035bc:	3301      	adds	r3, #1
100035be:	180f      	adds	r7, r1, r0
100035c0:	7818      	ldrb	r0, [r3, #0]
100035c2:	3f30      	subs	r7, #48	@ 0x30
100035c4:	0001      	movs	r1, r0
100035c6:	3930      	subs	r1, #48	@ 0x30
100035c8:	2909      	cmp	r1, #9
100035ca:	d9f4      	bls.n	100035b6 <_vsnprintf+0x4b6>
100035cc:	46ba      	mov	sl, r7
100035ce:	920b      	str	r2, [sp, #44]	@ 0x2c
100035d0:	001f      	movs	r7, r3
100035d2:	1c59      	adds	r1, r3, #1
100035d4:	e5e7      	b.n	100031a6 <_vsnprintf+0xa6>
100035d6:	9b0d      	ldr	r3, [sp, #52]	@ 0x34
100035d8:	78b8      	ldrb	r0, [r7, #2]
100035da:	cb04      	ldmia	r3!, {r2}
100035dc:	3702      	adds	r7, #2
100035de:	43d1      	mvns	r1, r2
100035e0:	17c9      	asrs	r1, r1, #31
100035e2:	400a      	ands	r2, r1
100035e4:	4692      	mov	sl, r2
100035e6:	930d      	str	r3, [sp, #52]	@ 0x34
100035e8:	1c79      	adds	r1, r7, #1
100035ea:	e5dc      	b.n	100031a6 <_vsnprintf+0xa6>
100035ec:	2800      	cmp	r0, #0
100035ee:	d100      	bne.n	100035f2 <_vsnprintf+0x4f2>
100035f0:	e6df      	b.n	100033b2 <_vsnprintf+0x2b2>
100035f2:	2302      	movs	r3, #2
100035f4:	425b      	negs	r3, r3
100035f6:	e6c8      	b.n	1000338a <_vsnprintf+0x28a>
100035f8:	2021      	movs	r0, #33	@ 0x21
100035fa:	9a0b      	ldr	r2, [sp, #44]	@ 0x2c
100035fc:	4302      	orrs	r2, r0
100035fe:	4691      	mov	r9, r2
10003600:	e676      	b.n	100032f0 <_vsnprintf+0x1f0>
10003602:	2320      	movs	r3, #32
10003604:	9a0b      	ldr	r2, [sp, #44]	@ 0x2c
10003606:	431a      	orrs	r2, r3
10003608:	920b      	str	r2, [sp, #44]	@ 0x2c
1000360a:	e76c      	b.n	100034e6 <_vsnprintf+0x3e6>
1000360c:	2380      	movs	r3, #128	@ 0x80
1000360e:	9a0b      	ldr	r2, [sp, #44]	@ 0x2c
10003610:	011b      	lsls	r3, r3, #4
10003612:	431a      	orrs	r2, r3
10003614:	920b      	str	r2, [sp, #44]	@ 0x2c
10003616:	e74c      	b.n	100034b2 <_vsnprintf+0x3b2>
10003618:	2308      	movs	r3, #8
1000361a:	469c      	mov	ip, r3
1000361c:	2300      	movs	r3, #0
1000361e:	9314      	str	r3, [sp, #80]	@ 0x50
10003620:	3308      	adds	r3, #8
10003622:	930f      	str	r3, [sp, #60]	@ 0x3c
10003624:	980b      	ldr	r0, [sp, #44]	@ 0x2c
10003626:	2380      	movs	r3, #128	@ 0x80
10003628:	0002      	movs	r2, r0
1000362a:	00db      	lsls	r3, r3, #3
1000362c:	401a      	ands	r2, r3
1000362e:	0011      	movs	r1, r2
10003630:	0002      	movs	r2, r0
10003632:	4218      	tst	r0, r3
10003634:	d000      	beq.n	10003638 <_vsnprintf+0x538>
10003636:	e080      	b.n	1000373a <_vsnprintf+0x63a>
10003638:	230c      	movs	r3, #12
1000363a:	439a      	bics	r2, r3
1000363c:	0010      	movs	r0, r2
1000363e:	2380      	movs	r3, #128	@ 0x80
10003640:	0002      	movs	r2, r0
10003642:	009b      	lsls	r3, r3, #2
10003644:	401a      	ands	r2, r3
10003646:	920b      	str	r2, [sp, #44]	@ 0x2c
10003648:	4218      	tst	r0, r3
1000364a:	d000      	beq.n	1000364e <_vsnprintf+0x54e>
1000364c:	e0f1      	b.n	10003832 <_vsnprintf+0x732>
1000364e:	2380      	movs	r3, #128	@ 0x80
10003650:	0002      	movs	r2, r0
10003652:	005b      	lsls	r3, r3, #1
10003654:	401a      	ands	r2, r3
10003656:	4691      	mov	r9, r2
10003658:	9a0d      	ldr	r2, [sp, #52]	@ 0x34
1000365a:	3204      	adds	r2, #4
1000365c:	9214      	str	r2, [sp, #80]	@ 0x50
1000365e:	4218      	tst	r0, r3
10003660:	d000      	beq.n	10003664 <_vsnprintf+0x564>
10003662:	e2c3      	b.n	10003bec <_vsnprintf+0xaec>
10003664:	0643      	lsls	r3, r0, #25
10003666:	d500      	bpl.n	1000366a <_vsnprintf+0x56a>
10003668:	e0d7      	b.n	1000381a <_vsnprintf+0x71a>
1000366a:	0603      	lsls	r3, r0, #24
1000366c:	d400      	bmi.n	10003670 <_vsnprintf+0x570>
1000366e:	e321      	b.n	10003cb4 <_vsnprintf+0xbb4>
10003670:	9b0d      	ldr	r3, [sp, #52]	@ 0x34
10003672:	881b      	ldrh	r3, [r3, #0]
10003674:	9309      	str	r3, [sp, #36]	@ 0x24
10003676:	2b00      	cmp	r3, #0
10003678:	d000      	beq.n	1000367c <_vsnprintf+0x57c>
1000367a:	e12d      	b.n	100038d8 <_vsnprintf+0x7d8>
1000367c:	3310      	adds	r3, #16
1000367e:	4398      	bics	r0, r3
10003680:	2900      	cmp	r1, #0
10003682:	d100      	bne.n	10003686 <_vsnprintf+0x586>
10003684:	e128      	b.n	100038d8 <_vsnprintf+0x7d8>
10003686:	2300      	movs	r3, #0
10003688:	4699      	mov	r9, r3
1000368a:	4643      	mov	r3, r8
1000368c:	9305      	str	r3, [sp, #20]
1000368e:	4653      	mov	r3, sl
10003690:	9304      	str	r3, [sp, #16]
10003692:	9b0f      	ldr	r3, [sp, #60]	@ 0x3c
10003694:	9006      	str	r0, [sp, #24]
10003696:	9303      	str	r3, [sp, #12]
10003698:	2300      	movs	r3, #0
1000369a:	9302      	str	r3, [sp, #8]
1000369c:	464b      	mov	r3, r9
1000369e:	9301      	str	r3, [sp, #4]
100036a0:	ab1c      	add	r3, sp, #112	@ 0x70
100036a2:	0022      	movs	r2, r4
100036a4:	9300      	str	r3, [sp, #0]
100036a6:	4659      	mov	r1, fp
100036a8:	0033      	movs	r3, r6
100036aa:	0028      	movs	r0, r5
100036ac:	f7fe ffde 	bl	1000266c <_ntoa_format>
100036b0:	0004      	movs	r4, r0
100036b2:	e6c2      	b.n	1000343a <_vsnprintf+0x33a>
100036b4:	2858      	cmp	r0, #88	@ 0x58
100036b6:	d009      	beq.n	100036cc <_vsnprintf+0x5cc>
100036b8:	2862      	cmp	r0, #98	@ 0x62
100036ba:	d000      	beq.n	100036be <_vsnprintf+0x5be>
100036bc:	e2e3      	b.n	10003c86 <_vsnprintf+0xb86>
100036be:	2302      	movs	r3, #2
100036c0:	469c      	mov	ip, r3
100036c2:	2300      	movs	r3, #0
100036c4:	9314      	str	r3, [sp, #80]	@ 0x50
100036c6:	3302      	adds	r3, #2
100036c8:	930f      	str	r3, [sp, #60]	@ 0x3c
100036ca:	e7ab      	b.n	10003624 <_vsnprintf+0x524>
100036cc:	2320      	movs	r3, #32
100036ce:	9a0b      	ldr	r2, [sp, #44]	@ 0x2c
100036d0:	431a      	orrs	r2, r3
100036d2:	920b      	str	r2, [sp, #44]	@ 0x2c
100036d4:	3b10      	subs	r3, #16
100036d6:	469c      	mov	ip, r3
100036d8:	2300      	movs	r3, #0
100036da:	9314      	str	r3, [sp, #80]	@ 0x50
100036dc:	3310      	adds	r3, #16
100036de:	930f      	str	r3, [sp, #60]	@ 0x3c
100036e0:	e7a0      	b.n	10003624 <_vsnprintf+0x524>
100036e2:	2380      	movs	r3, #128	@ 0x80
100036e4:	9a0b      	ldr	r2, [sp, #44]	@ 0x2c
100036e6:	011b      	lsls	r3, r3, #4
100036e8:	431a      	orrs	r2, r3
100036ea:	920b      	str	r2, [sp, #44]	@ 0x2c
100036ec:	2320      	movs	r3, #32
100036ee:	9a0b      	ldr	r2, [sp, #44]	@ 0x2c
100036f0:	431a      	orrs	r2, r3
100036f2:	920b      	str	r2, [sp, #44]	@ 0x2c
100036f4:	e6dd      	b.n	100034b2 <_vsnprintf+0x3b2>
100036f6:	1b0b      	subs	r3, r1, r4
100036f8:	469a      	mov	sl, r3
100036fa:	9b0f      	ldr	r3, [sp, #60]	@ 0x3c
100036fc:	4699      	mov	r9, r3
100036fe:	003b      	movs	r3, r7
10003700:	0037      	movs	r7, r6
10003702:	465e      	mov	r6, fp
10003704:	469b      	mov	fp, r3
10003706:	0022      	movs	r2, r4
10003708:	003b      	movs	r3, r7
1000370a:	0031      	movs	r1, r6
1000370c:	47a8      	blx	r5
1000370e:	4653      	mov	r3, sl
10003710:	3401      	adds	r4, #1
10003712:	5d18      	ldrb	r0, [r3, r4]
10003714:	2800      	cmp	r0, #0
10003716:	d1f6      	bne.n	10003706 <_vsnprintf+0x606>
10003718:	464b      	mov	r3, r9
1000371a:	930f      	str	r3, [sp, #60]	@ 0x3c
1000371c:	465b      	mov	r3, fp
1000371e:	46b3      	mov	fp, r6
10003720:	003e      	movs	r6, r7
10003722:	001f      	movs	r7, r3
10003724:	e685      	b.n	10003432 <_vsnprintf+0x332>
10003726:	23c0      	movs	r3, #192	@ 0xc0
10003728:	9a0b      	ldr	r2, [sp, #44]	@ 0x2c
1000372a:	78b8      	ldrb	r0, [r7, #2]
1000372c:	431a      	orrs	r2, r3
1000372e:	920b      	str	r2, [sp, #44]	@ 0x2c
10003730:	1cf9      	adds	r1, r7, #3
10003732:	e55c      	b.n	100031ee <_vsnprintf+0xee>
10003734:	23c0      	movs	r3, #192	@ 0xc0
10003736:	009b      	lsls	r3, r3, #2
10003738:	e7f6      	b.n	10003728 <_vsnprintf+0x628>
1000373a:	230d      	movs	r3, #13
1000373c:	439a      	bics	r2, r3
1000373e:	0010      	movs	r0, r2
10003740:	e77d      	b.n	1000363e <_vsnprintf+0x53e>
10003742:	465b      	mov	r3, fp
10003744:	0035      	movs	r5, r6
10003746:	46bb      	mov	fp, r7
10003748:	464e      	mov	r6, r9
1000374a:	001f      	movs	r7, r3
1000374c:	e671      	b.n	10003432 <_vsnprintf+0x332>
1000374e:	4643      	mov	r3, r8
10003750:	2b01      	cmp	r3, #1
10003752:	d966      	bls.n	10003822 <_vsnprintf+0x722>
10003754:	1e63      	subs	r3, r4, #1
10003756:	4443      	add	r3, r8
10003758:	0032      	movs	r2, r6
1000375a:	002e      	movs	r6, r5
1000375c:	001d      	movs	r5, r3
1000375e:	003b      	movs	r3, r7
10003760:	46a2      	mov	sl, r4
10003762:	465f      	mov	r7, fp
10003764:	4691      	mov	r9, r2
10003766:	469b      	mov	fp, r3
10003768:	0022      	movs	r2, r4
1000376a:	464b      	mov	r3, r9
1000376c:	3401      	adds	r4, #1
1000376e:	0039      	movs	r1, r7
10003770:	2020      	movs	r0, #32
10003772:	47b0      	blx	r6
10003774:	42ac      	cmp	r4, r5
10003776:	d1f7      	bne.n	10003768 <_vsnprintf+0x668>
10003778:	465b      	mov	r3, fp
1000377a:	0035      	movs	r5, r6
1000377c:	46bb      	mov	fp, r7
1000377e:	464e      	mov	r6, r9
10003780:	46a1      	mov	r9, r4
10003782:	4654      	mov	r4, sl
10003784:	001f      	movs	r7, r3
10003786:	9b0d      	ldr	r3, [sp, #52]	@ 0x34
10003788:	464a      	mov	r2, r9
1000378a:	7818      	ldrb	r0, [r3, #0]
1000378c:	4659      	mov	r1, fp
1000378e:	0033      	movs	r3, r6
10003790:	4444      	add	r4, r8
10003792:	47a8      	blx	r5
10003794:	e6ee      	b.n	10003574 <_vsnprintf+0x474>
10003796:	9b0f      	ldr	r3, [sp, #60]	@ 0x3c
10003798:	46a1      	mov	r9, r4
1000379a:	4598      	cmp	r8, r3
1000379c:	d800      	bhi.n	100037a0 <_vsnprintf+0x6a0>
1000379e:	e64c      	b.n	1000343a <_vsnprintf+0x33a>
100037a0:	4444      	add	r4, r8
100037a2:	1ae4      	subs	r4, r4, r3
100037a4:	46b0      	mov	r8, r6
100037a6:	002e      	movs	r6, r5
100037a8:	0025      	movs	r5, r4
100037aa:	464c      	mov	r4, r9
100037ac:	46b9      	mov	r9, r7
100037ae:	465f      	mov	r7, fp
100037b0:	0022      	movs	r2, r4
100037b2:	4643      	mov	r3, r8
100037b4:	3401      	adds	r4, #1
100037b6:	0039      	movs	r1, r7
100037b8:	2020      	movs	r0, #32
100037ba:	47b0      	blx	r6
100037bc:	42ac      	cmp	r4, r5
100037be:	d1f7      	bne.n	100037b0 <_vsnprintf+0x6b0>
100037c0:	002c      	movs	r4, r5
100037c2:	46bb      	mov	fp, r7
100037c4:	0035      	movs	r5, r6
100037c6:	464f      	mov	r7, r9
100037c8:	4646      	mov	r6, r8
100037ca:	e636      	b.n	1000343a <_vsnprintf+0x33a>
100037cc:	980f      	ldr	r0, [sp, #60]	@ 0x3c
100037ce:	4580      	cmp	r8, r0
100037d0:	d800      	bhi.n	100037d4 <_vsnprintf+0x6d4>
100037d2:	e273      	b.n	10003cbc <_vsnprintf+0xbbc>
100037d4:	4643      	mov	r3, r8
100037d6:	18e2      	adds	r2, r4, r3
100037d8:	1a13      	subs	r3, r2, r0
100037da:	0032      	movs	r2, r6
100037dc:	002e      	movs	r6, r5
100037de:	001d      	movs	r5, r3
100037e0:	003b      	movs	r3, r7
100037e2:	4691      	mov	r9, r2
100037e4:	465f      	mov	r7, fp
100037e6:	469b      	mov	fp, r3
100037e8:	910f      	str	r1, [sp, #60]	@ 0x3c
100037ea:	0022      	movs	r2, r4
100037ec:	464b      	mov	r3, r9
100037ee:	3401      	adds	r4, #1
100037f0:	0039      	movs	r1, r7
100037f2:	2020      	movs	r0, #32
100037f4:	47b0      	blx	r6
100037f6:	42ac      	cmp	r4, r5
100037f8:	d1f7      	bne.n	100037ea <_vsnprintf+0x6ea>
100037fa:	465b      	mov	r3, fp
100037fc:	46bb      	mov	fp, r7
100037fe:	001f      	movs	r7, r3
10003800:	4643      	mov	r3, r8
10003802:	990f      	ldr	r1, [sp, #60]	@ 0x3c
10003804:	3301      	adds	r3, #1
10003806:	930f      	str	r3, [sp, #60]	@ 0x3c
10003808:	780b      	ldrb	r3, [r1, #0]
1000380a:	0035      	movs	r5, r6
1000380c:	469c      	mov	ip, r3
1000380e:	464e      	mov	r6, r9
10003810:	4660      	mov	r0, ip
10003812:	2800      	cmp	r0, #0
10003814:	d000      	beq.n	10003818 <_vsnprintf+0x718>
10003816:	e5e7      	b.n	100033e8 <_vsnprintf+0x2e8>
10003818:	e60f      	b.n	1000343a <_vsnprintf+0x33a>
1000381a:	9b0d      	ldr	r3, [sp, #52]	@ 0x34
1000381c:	781b      	ldrb	r3, [r3, #0]
1000381e:	9309      	str	r3, [sp, #36]	@ 0x24
10003820:	e729      	b.n	10003676 <_vsnprintf+0x576>
10003822:	9b0d      	ldr	r3, [sp, #52]	@ 0x34
10003824:	0022      	movs	r2, r4
10003826:	7818      	ldrb	r0, [r3, #0]
10003828:	4659      	mov	r1, fp
1000382a:	0033      	movs	r3, r6
1000382c:	47a8      	blx	r5
1000382e:	464c      	mov	r4, r9
10003830:	e6a0      	b.n	10003574 <_vsnprintf+0x474>
10003832:	9a0d      	ldr	r2, [sp, #52]	@ 0x34
10003834:	3bfa      	subs	r3, #250	@ 0xfa
10003836:	3bff      	subs	r3, #255	@ 0xff
10003838:	3207      	adds	r2, #7
1000383a:	439a      	bics	r2, r3
1000383c:	3301      	adds	r3, #1
1000383e:	4699      	mov	r9, r3
10003840:	4491      	add	r9, r2
10003842:	464b      	mov	r3, r9
10003844:	930d      	str	r3, [sp, #52]	@ 0x34
10003846:	6813      	ldr	r3, [r2, #0]
10003848:	6852      	ldr	r2, [r2, #4]
1000384a:	9215      	str	r2, [sp, #84]	@ 0x54
1000384c:	431a      	orrs	r2, r3
1000384e:	d106      	bne.n	1000385e <_vsnprintf+0x75e>
10003850:	3210      	adds	r2, #16
10003852:	4390      	bics	r0, r2
10003854:	2200      	movs	r2, #0
10003856:	9209      	str	r2, [sp, #36]	@ 0x24
10003858:	2900      	cmp	r1, #0
1000385a:	d000      	beq.n	1000385e <_vsnprintf+0x75e>
1000385c:	e083      	b.n	10003966 <_vsnprintf+0x866>
1000385e:	2261      	movs	r2, #97	@ 0x61
10003860:	0681      	lsls	r1, r0, #26
10003862:	d500      	bpl.n	10003866 <_vsnprintf+0x766>
10003864:	2241      	movs	r2, #65	@ 0x41
10003866:	b2d2      	uxtb	r2, r2
10003868:	920a      	str	r2, [sp, #40]	@ 0x28
1000386a:	aa14      	add	r2, sp, #80	@ 0x50
1000386c:	4691      	mov	r9, r2
1000386e:	9a0a      	ldr	r2, [sp, #40]	@ 0x28
10003870:	2100      	movs	r1, #0
10003872:	3a0a      	subs	r2, #10
10003874:	920b      	str	r2, [sp, #44]	@ 0x2c
10003876:	4642      	mov	r2, r8
10003878:	9217      	str	r2, [sp, #92]	@ 0x5c
1000387a:	4652      	mov	r2, sl
1000387c:	9218      	str	r2, [sp, #96]	@ 0x60
1000387e:	465a      	mov	r2, fp
10003880:	46b2      	mov	sl, r6
10003882:	9109      	str	r1, [sp, #36]	@ 0x24
10003884:	001e      	movs	r6, r3
10003886:	311f      	adds	r1, #31
10003888:	9b14      	ldr	r3, [sp, #80]	@ 0x50
1000388a:	4449      	add	r1, r9
1000388c:	46bb      	mov	fp, r7
1000388e:	9416      	str	r4, [sp, #88]	@ 0x58
10003890:	951a      	str	r5, [sp, #104]	@ 0x68
10003892:	2400      	movs	r4, #0
10003894:	4667      	mov	r7, ip
10003896:	4698      	mov	r8, r3
10003898:	4689      	mov	r9, r1
1000389a:	9d15      	ldr	r5, [sp, #84]	@ 0x54
1000389c:	9019      	str	r0, [sp, #100]	@ 0x64
1000389e:	921b      	str	r2, [sp, #108]	@ 0x6c
100038a0:	e00a      	b.n	100038b8 <_vsnprintf+0x7b8>
100038a2:	3230      	adds	r2, #48	@ 0x30
100038a4:	b2d2      	uxtb	r2, r2
100038a6:	464b      	mov	r3, r9
100038a8:	3401      	adds	r4, #1
100038aa:	551a      	strb	r2, [r3, r4]
100038ac:	45a8      	cmp	r8, r5
100038ae:	d04c      	beq.n	1000394a <_vsnprintf+0x84a>
100038b0:	2c20      	cmp	r4, #32
100038b2:	d04c      	beq.n	1000394e <_vsnprintf+0x84e>
100038b4:	0006      	movs	r6, r0
100038b6:	000d      	movs	r5, r1
100038b8:	003a      	movs	r2, r7
100038ba:	2300      	movs	r3, #0
100038bc:	0030      	movs	r0, r6
100038be:	0029      	movs	r1, r5
100038c0:	f7fe fa6c 	bl	10001d9c <__wrap___aeabi_uldivmod>
100038c4:	b2d2      	uxtb	r2, r2
100038c6:	2a09      	cmp	r2, #9
100038c8:	d9eb      	bls.n	100038a2 <_vsnprintf+0x7a2>
100038ca:	9b0b      	ldr	r3, [sp, #44]	@ 0x2c
100038cc:	469c      	mov	ip, r3
100038ce:	4462      	add	r2, ip
100038d0:	b2d2      	uxtb	r2, r2
100038d2:	e7e8      	b.n	100038a6 <_vsnprintf+0x7a6>
100038d4:	100025bd 	.word	0x100025bd
100038d8:	2361      	movs	r3, #97	@ 0x61
100038da:	0682      	lsls	r2, r0, #26
100038dc:	d500      	bpl.n	100038e0 <_vsnprintf+0x7e0>
100038de:	2341      	movs	r3, #65	@ 0x41
100038e0:	b2db      	uxtb	r3, r3
100038e2:	3b0a      	subs	r3, #10
100038e4:	930b      	str	r3, [sp, #44]	@ 0x2c
100038e6:	4643      	mov	r3, r8
100038e8:	a914      	add	r1, sp, #80	@ 0x50
100038ea:	221f      	movs	r2, #31
100038ec:	468c      	mov	ip, r1
100038ee:	9315      	str	r3, [sp, #84]	@ 0x54
100038f0:	4653      	mov	r3, sl
100038f2:	4462      	add	r2, ip
100038f4:	46b2      	mov	sl, r6
100038f6:	940d      	str	r4, [sp, #52]	@ 0x34
100038f8:	9717      	str	r7, [sp, #92]	@ 0x5c
100038fa:	464c      	mov	r4, r9
100038fc:	4680      	mov	r8, r0
100038fe:	46a9      	mov	r9, r5
10003900:	0017      	movs	r7, r2
10003902:	9d09      	ldr	r5, [sp, #36]	@ 0x24
10003904:	9e0f      	ldr	r6, [sp, #60]	@ 0x3c
10003906:	9316      	str	r3, [sp, #88]	@ 0x58
10003908:	e008      	b.n	1000391c <_vsnprintf+0x81c>
1000390a:	3330      	adds	r3, #48	@ 0x30
1000390c:	b2db      	uxtb	r3, r3
1000390e:	3401      	adds	r4, #1
10003910:	553b      	strb	r3, [r7, r4]
10003912:	42b5      	cmp	r5, r6
10003914:	d30e      	bcc.n	10003934 <_vsnprintf+0x834>
10003916:	2c20      	cmp	r4, #32
10003918:	d00c      	beq.n	10003934 <_vsnprintf+0x834>
1000391a:	0005      	movs	r5, r0
1000391c:	0031      	movs	r1, r6
1000391e:	0028      	movs	r0, r5
10003920:	f7fe f9fe 	bl	10001d20 <__wrap___aeabi_uidiv>
10003924:	b2cb      	uxtb	r3, r1
10003926:	2909      	cmp	r1, #9
10003928:	d9ef      	bls.n	1000390a <_vsnprintf+0x80a>
1000392a:	9a0b      	ldr	r2, [sp, #44]	@ 0x2c
1000392c:	4694      	mov	ip, r2
1000392e:	4463      	add	r3, ip
10003930:	b2db      	uxtb	r3, r3
10003932:	e7ec      	b.n	1000390e <_vsnprintf+0x80e>
10003934:	9b15      	ldr	r3, [sp, #84]	@ 0x54
10003936:	4640      	mov	r0, r8
10003938:	4698      	mov	r8, r3
1000393a:	9b16      	ldr	r3, [sp, #88]	@ 0x58
1000393c:	464d      	mov	r5, r9
1000393e:	4656      	mov	r6, sl
10003940:	46a1      	mov	r9, r4
10003942:	469a      	mov	sl, r3
10003944:	9c0d      	ldr	r4, [sp, #52]	@ 0x34
10003946:	9f17      	ldr	r7, [sp, #92]	@ 0x5c
10003948:	e69f      	b.n	1000368a <_vsnprintf+0x58a>
1000394a:	42b7      	cmp	r7, r6
1000394c:	d9b0      	bls.n	100038b0 <_vsnprintf+0x7b0>
1000394e:	9b17      	ldr	r3, [sp, #92]	@ 0x5c
10003950:	4656      	mov	r6, sl
10003952:	4698      	mov	r8, r3
10003954:	9b18      	ldr	r3, [sp, #96]	@ 0x60
10003956:	465f      	mov	r7, fp
10003958:	469a      	mov	sl, r3
1000395a:	9b1b      	ldr	r3, [sp, #108]	@ 0x6c
1000395c:	9409      	str	r4, [sp, #36]	@ 0x24
1000395e:	469b      	mov	fp, r3
10003960:	9c16      	ldr	r4, [sp, #88]	@ 0x58
10003962:	9819      	ldr	r0, [sp, #100]	@ 0x64
10003964:	9d1a      	ldr	r5, [sp, #104]	@ 0x68
10003966:	4643      	mov	r3, r8
10003968:	9305      	str	r3, [sp, #20]
1000396a:	4653      	mov	r3, sl
1000396c:	9304      	str	r3, [sp, #16]
1000396e:	9b0f      	ldr	r3, [sp, #60]	@ 0x3c
10003970:	9006      	str	r0, [sp, #24]
10003972:	9303      	str	r3, [sp, #12]
10003974:	2300      	movs	r3, #0
10003976:	9302      	str	r3, [sp, #8]
10003978:	9b09      	ldr	r3, [sp, #36]	@ 0x24
1000397a:	9301      	str	r3, [sp, #4]
1000397c:	ab1c      	add	r3, sp, #112	@ 0x70
1000397e:	0022      	movs	r2, r4
10003980:	9300      	str	r3, [sp, #0]
10003982:	4659      	mov	r1, fp
10003984:	0033      	movs	r3, r6
10003986:	0028      	movs	r0, r5
10003988:	f7fe fe70 	bl	1000266c <_ntoa_format>
1000398c:	0004      	movs	r4, r0
1000398e:	f7ff fbdf 	bl	10003150 <_vsnprintf+0x50>
10003992:	2310      	movs	r3, #16
10003994:	9a0b      	ldr	r2, [sp, #44]	@ 0x2c
10003996:	439a      	bics	r2, r3
10003998:	920f      	str	r2, [sp, #60]	@ 0x3c
1000399a:	2869      	cmp	r0, #105	@ 0x69
1000399c:	d000      	beq.n	100039a0 <_vsnprintf+0x8a0>
1000399e:	e191      	b.n	10003cc4 <_vsnprintf+0xbc4>
100039a0:	990b      	ldr	r1, [sp, #44]	@ 0x2c
100039a2:	2380      	movs	r3, #128	@ 0x80
100039a4:	000a      	movs	r2, r1
100039a6:	00db      	lsls	r3, r3, #3
100039a8:	401a      	ands	r2, r3
100039aa:	0010      	movs	r0, r2
100039ac:	000a      	movs	r2, r1
100039ae:	4219      	tst	r1, r3
100039b0:	d003      	beq.n	100039ba <_vsnprintf+0x8ba>
100039b2:	2111      	movs	r1, #17
100039b4:	0018      	movs	r0, r3
100039b6:	438a      	bics	r2, r1
100039b8:	920f      	str	r2, [sp, #60]	@ 0x3c
100039ba:	9a0f      	ldr	r2, [sp, #60]	@ 0x3c
100039bc:	2380      	movs	r3, #128	@ 0x80
100039be:	0011      	movs	r1, r2
100039c0:	009b      	lsls	r3, r3, #2
100039c2:	4019      	ands	r1, r3
100039c4:	468c      	mov	ip, r1
100039c6:	421a      	tst	r2, r3
100039c8:	d15b      	bne.n	10003a82 <_vsnprintf+0x982>
100039ca:	2380      	movs	r3, #128	@ 0x80
100039cc:	0011      	movs	r1, r2
100039ce:	005b      	lsls	r3, r3, #1
100039d0:	4019      	ands	r1, r3
100039d2:	4689      	mov	r9, r1
100039d4:	990d      	ldr	r1, [sp, #52]	@ 0x34
100039d6:	3104      	adds	r1, #4
100039d8:	910b      	str	r1, [sp, #44]	@ 0x2c
100039da:	421a      	tst	r2, r3
100039dc:	d000      	beq.n	100039e0 <_vsnprintf+0x8e0>
100039de:	e0b2      	b.n	10003b46 <_vsnprintf+0xa46>
100039e0:	0013      	movs	r3, r2
100039e2:	065b      	lsls	r3, r3, #25
100039e4:	d400      	bmi.n	100039e8 <_vsnprintf+0x8e8>
100039e6:	e0ed      	b.n	10003bc4 <_vsnprintf+0xac4>
100039e8:	9b0d      	ldr	r3, [sp, #52]	@ 0x34
100039ea:	781b      	ldrb	r3, [r3, #0]
100039ec:	001a      	movs	r2, r3
100039ee:	0fd9      	lsrs	r1, r3, #31
100039f0:	910d      	str	r1, [sp, #52]	@ 0x34
100039f2:	2b00      	cmp	r3, #0
100039f4:	d100      	bne.n	100039f8 <_vsnprintf+0x8f8>
100039f6:	e0a3      	b.n	10003b40 <_vsnprintf+0xa40>
100039f8:	0010      	movs	r0, r2
100039fa:	aa14      	add	r2, sp, #80	@ 0x50
100039fc:	4694      	mov	ip, r2
100039fe:	4642      	mov	r2, r8
10003a00:	231f      	movs	r3, #31
10003a02:	9215      	str	r2, [sp, #84]	@ 0x54
10003a04:	4652      	mov	r2, sl
10003a06:	4463      	add	r3, ip
10003a08:	46a8      	mov	r8, r5
10003a0a:	46ba      	mov	sl, r7
10003a0c:	464d      	mov	r5, r9
10003a0e:	9414      	str	r4, [sp, #80]	@ 0x50
10003a10:	46b1      	mov	r9, r6
10003a12:	0004      	movs	r4, r0
10003a14:	001f      	movs	r7, r3
10003a16:	9216      	str	r2, [sp, #88]	@ 0x58
10003a18:	e001      	b.n	10003a1e <_vsnprintf+0x91e>
10003a1a:	2d20      	cmp	r5, #32
10003a1c:	d00f      	beq.n	10003a3e <_vsnprintf+0x93e>
10003a1e:	0020      	movs	r0, r4
10003a20:	210a      	movs	r1, #10
10003a22:	f7fe f97d 	bl	10001d20 <__wrap___aeabi_uidiv>
10003a26:	3501      	adds	r5, #1
10003a28:	197e      	adds	r6, r7, r5
10003a2a:	3130      	adds	r1, #48	@ 0x30
10003a2c:	7031      	strb	r1, [r6, #0]
10003a2e:	0020      	movs	r0, r4
10003a30:	210a      	movs	r1, #10
10003a32:	f7fe f975 	bl	10001d20 <__wrap___aeabi_uidiv>
10003a36:	0026      	movs	r6, r4
10003a38:	0004      	movs	r4, r0
10003a3a:	2e09      	cmp	r6, #9
10003a3c:	d8ed      	bhi.n	10003a1a <_vsnprintf+0x91a>
10003a3e:	9b15      	ldr	r3, [sp, #84]	@ 0x54
10003a40:	464e      	mov	r6, r9
10003a42:	46a9      	mov	r9, r5
10003a44:	4645      	mov	r5, r8
10003a46:	4698      	mov	r8, r3
10003a48:	9b16      	ldr	r3, [sp, #88]	@ 0x58
10003a4a:	4657      	mov	r7, sl
10003a4c:	469a      	mov	sl, r3
10003a4e:	9c14      	ldr	r4, [sp, #80]	@ 0x50
10003a50:	9b0f      	ldr	r3, [sp, #60]	@ 0x3c
10003a52:	9306      	str	r3, [sp, #24]
10003a54:	4643      	mov	r3, r8
10003a56:	9305      	str	r3, [sp, #20]
10003a58:	4653      	mov	r3, sl
10003a5a:	9304      	str	r3, [sp, #16]
10003a5c:	230a      	movs	r3, #10
10003a5e:	9303      	str	r3, [sp, #12]
10003a60:	9b0d      	ldr	r3, [sp, #52]	@ 0x34
10003a62:	9302      	str	r3, [sp, #8]
10003a64:	464b      	mov	r3, r9
10003a66:	9301      	str	r3, [sp, #4]
10003a68:	ab1c      	add	r3, sp, #112	@ 0x70
10003a6a:	0022      	movs	r2, r4
10003a6c:	9300      	str	r3, [sp, #0]
10003a6e:	4659      	mov	r1, fp
10003a70:	0033      	movs	r3, r6
10003a72:	0028      	movs	r0, r5
10003a74:	f7fe fdfa 	bl	1000266c <_ntoa_format>
10003a78:	9b0b      	ldr	r3, [sp, #44]	@ 0x2c
10003a7a:	0004      	movs	r4, r0
10003a7c:	930d      	str	r3, [sp, #52]	@ 0x34
10003a7e:	f7ff fb67 	bl	10003150 <_vsnprintf+0x50>
10003a82:	2207      	movs	r2, #7
10003a84:	9b0d      	ldr	r3, [sp, #52]	@ 0x34
10003a86:	3307      	adds	r3, #7
10003a88:	4393      	bics	r3, r2
10003a8a:	3201      	adds	r2, #1
10003a8c:	4694      	mov	ip, r2
10003a8e:	449c      	add	ip, r3
10003a90:	4662      	mov	r2, ip
10003a92:	920d      	str	r2, [sp, #52]	@ 0x34
10003a94:	cb0c      	ldmia	r3, {r2, r3}
10003a96:	0fd9      	lsrs	r1, r3, #31
10003a98:	910b      	str	r1, [sp, #44]	@ 0x2c
10003a9a:	0011      	movs	r1, r2
10003a9c:	4319      	orrs	r1, r3
10003a9e:	d100      	bne.n	10003aa2 <_vsnprintf+0x9a2>
10003aa0:	e09b      	b.n	10003bda <_vsnprintf+0xada>
10003aa2:	17d9      	asrs	r1, r3, #31
10003aa4:	9113      	str	r1, [sp, #76]	@ 0x4c
10003aa6:	9112      	str	r1, [sp, #72]	@ 0x48
10003aa8:	4051      	eors	r1, r2
10003aaa:	9110      	str	r1, [sp, #64]	@ 0x40
10003aac:	9913      	ldr	r1, [sp, #76]	@ 0x4c
10003aae:	4059      	eors	r1, r3
10003ab0:	9111      	str	r1, [sp, #68]	@ 0x44
10003ab2:	9810      	ldr	r0, [sp, #64]	@ 0x40
10003ab4:	9911      	ldr	r1, [sp, #68]	@ 0x44
10003ab6:	9a12      	ldr	r2, [sp, #72]	@ 0x48
10003ab8:	9b13      	ldr	r3, [sp, #76]	@ 0x4c
10003aba:	1a80      	subs	r0, r0, r2
10003abc:	4199      	sbcs	r1, r3
10003abe:	9010      	str	r0, [sp, #64]	@ 0x40
10003ac0:	9111      	str	r1, [sp, #68]	@ 0x44
10003ac2:	aa14      	add	r2, sp, #80	@ 0x50
10003ac4:	4694      	mov	ip, r2
10003ac6:	4642      	mov	r2, r8
10003ac8:	2300      	movs	r3, #0
10003aca:	9215      	str	r2, [sp, #84]	@ 0x54
10003acc:	4652      	mov	r2, sl
10003ace:	4699      	mov	r9, r3
10003ad0:	9216      	str	r2, [sp, #88]	@ 0x58
10003ad2:	0032      	movs	r2, r6
10003ad4:	331f      	adds	r3, #31
10003ad6:	4463      	add	r3, ip
10003ad8:	46a8      	mov	r8, r5
10003ada:	464e      	mov	r6, r9
10003adc:	46ba      	mov	sl, r7
10003ade:	9414      	str	r4, [sp, #80]	@ 0x50
10003ae0:	001f      	movs	r7, r3
10003ae2:	9c10      	ldr	r4, [sp, #64]	@ 0x40
10003ae4:	9d11      	ldr	r5, [sp, #68]	@ 0x44
10003ae6:	4691      	mov	r9, r2
10003ae8:	e001      	b.n	10003aee <_vsnprintf+0x9ee>
10003aea:	2e20      	cmp	r6, #32
10003aec:	d010      	beq.n	10003b10 <_vsnprintf+0xa10>
10003aee:	0020      	movs	r0, r4
10003af0:	0029      	movs	r1, r5
10003af2:	220a      	movs	r2, #10
10003af4:	2300      	movs	r3, #0
10003af6:	f7fe f951 	bl	10001d9c <__wrap___aeabi_uldivmod>
10003afa:	3601      	adds	r6, #1
10003afc:	3230      	adds	r2, #48	@ 0x30
10003afe:	002b      	movs	r3, r5
10003b00:	55ba      	strb	r2, [r7, r6]
10003b02:	000d      	movs	r5, r1
10003b04:	0022      	movs	r2, r4
10003b06:	0004      	movs	r4, r0
10003b08:	2b00      	cmp	r3, #0
10003b0a:	d1ee      	bne.n	10003aea <_vsnprintf+0x9ea>
10003b0c:	2a09      	cmp	r2, #9
10003b0e:	d8ec      	bhi.n	10003aea <_vsnprintf+0x9ea>
10003b10:	9b15      	ldr	r3, [sp, #84]	@ 0x54
10003b12:	9410      	str	r4, [sp, #64]	@ 0x40
10003b14:	9511      	str	r5, [sp, #68]	@ 0x44
10003b16:	4645      	mov	r5, r8
10003b18:	4698      	mov	r8, r3
10003b1a:	464b      	mov	r3, r9
10003b1c:	9a16      	ldr	r2, [sp, #88]	@ 0x58
10003b1e:	46b1      	mov	r9, r6
10003b20:	4657      	mov	r7, sl
10003b22:	001e      	movs	r6, r3
10003b24:	4692      	mov	sl, r2
10003b26:	9c14      	ldr	r4, [sp, #80]	@ 0x50
10003b28:	9b0f      	ldr	r3, [sp, #60]	@ 0x3c
10003b2a:	9306      	str	r3, [sp, #24]
10003b2c:	4643      	mov	r3, r8
10003b2e:	9305      	str	r3, [sp, #20]
10003b30:	4653      	mov	r3, sl
10003b32:	9304      	str	r3, [sp, #16]
10003b34:	230a      	movs	r3, #10
10003b36:	9303      	str	r3, [sp, #12]
10003b38:	9b0b      	ldr	r3, [sp, #44]	@ 0x2c
10003b3a:	9302      	str	r3, [sp, #8]
10003b3c:	464b      	mov	r3, r9
10003b3e:	e71c      	b.n	1000397a <_vsnprintf+0x87a>
10003b40:	2800      	cmp	r0, #0
10003b42:	d185      	bne.n	10003a50 <_vsnprintf+0x950>
10003b44:	e759      	b.n	100039fa <_vsnprintf+0x8fa>
10003b46:	9b0d      	ldr	r3, [sp, #52]	@ 0x34
10003b48:	681b      	ldr	r3, [r3, #0]
10003b4a:	0fda      	lsrs	r2, r3, #31
10003b4c:	0011      	movs	r1, r2
10003b4e:	2b00      	cmp	r3, #0
10003b50:	d100      	bne.n	10003b54 <_vsnprintf+0xa54>
10003b52:	e0a6      	b.n	10003ca2 <_vsnprintf+0xba2>
10003b54:	17da      	asrs	r2, r3, #31
10003b56:	1898      	adds	r0, r3, r2
10003b58:	4050      	eors	r0, r2
10003b5a:	aa14      	add	r2, sp, #80	@ 0x50
10003b5c:	4691      	mov	r9, r2
10003b5e:	231f      	movs	r3, #31
10003b60:	4642      	mov	r2, r8
10003b62:	444b      	add	r3, r9
10003b64:	46a8      	mov	r8, r5
10003b66:	940d      	str	r4, [sp, #52]	@ 0x34
10003b68:	9716      	str	r7, [sp, #88]	@ 0x58
10003b6a:	0004      	movs	r4, r0
10003b6c:	4665      	mov	r5, ip
10003b6e:	46b1      	mov	r9, r6
10003b70:	001f      	movs	r7, r3
10003b72:	9114      	str	r1, [sp, #80]	@ 0x50
10003b74:	9215      	str	r2, [sp, #84]	@ 0x54
10003b76:	e001      	b.n	10003b7c <_vsnprintf+0xa7c>
10003b78:	2d20      	cmp	r5, #32
10003b7a:	d00f      	beq.n	10003b9c <_vsnprintf+0xa9c>
10003b7c:	0020      	movs	r0, r4
10003b7e:	210a      	movs	r1, #10
10003b80:	f7fe f8ce 	bl	10001d20 <__wrap___aeabi_uidiv>
10003b84:	3501      	adds	r5, #1
10003b86:	197e      	adds	r6, r7, r5
10003b88:	3130      	adds	r1, #48	@ 0x30
10003b8a:	7031      	strb	r1, [r6, #0]
10003b8c:	0020      	movs	r0, r4
10003b8e:	210a      	movs	r1, #10
10003b90:	f7fe f8c6 	bl	10001d20 <__wrap___aeabi_uidiv>
10003b94:	0026      	movs	r6, r4
10003b96:	0004      	movs	r4, r0
10003b98:	2e09      	cmp	r6, #9
10003b9a:	d8ed      	bhi.n	10003b78 <_vsnprintf+0xa78>
10003b9c:	9b15      	ldr	r3, [sp, #84]	@ 0x54
10003b9e:	46ac      	mov	ip, r5
10003ba0:	4645      	mov	r5, r8
10003ba2:	4698      	mov	r8, r3
10003ba4:	9b14      	ldr	r3, [sp, #80]	@ 0x50
10003ba6:	464e      	mov	r6, r9
10003ba8:	0019      	movs	r1, r3
10003baa:	9c0d      	ldr	r4, [sp, #52]	@ 0x34
10003bac:	9f16      	ldr	r7, [sp, #88]	@ 0x58
10003bae:	9b0f      	ldr	r3, [sp, #60]	@ 0x3c
10003bb0:	9102      	str	r1, [sp, #8]
10003bb2:	9306      	str	r3, [sp, #24]
10003bb4:	4643      	mov	r3, r8
10003bb6:	9305      	str	r3, [sp, #20]
10003bb8:	4653      	mov	r3, sl
10003bba:	9304      	str	r3, [sp, #16]
10003bbc:	230a      	movs	r3, #10
10003bbe:	9303      	str	r3, [sp, #12]
10003bc0:	4663      	mov	r3, ip
10003bc2:	e750      	b.n	10003a66 <_vsnprintf+0x966>
10003bc4:	0013      	movs	r3, r2
10003bc6:	061b      	lsls	r3, r3, #24
10003bc8:	d56e      	bpl.n	10003ca8 <_vsnprintf+0xba8>
10003bca:	9b0d      	ldr	r3, [sp, #52]	@ 0x34
10003bcc:	2200      	movs	r2, #0
10003bce:	5e9b      	ldrsh	r3, [r3, r2]
10003bd0:	17d9      	asrs	r1, r3, #31
10003bd2:	185a      	adds	r2, r3, r1
10003bd4:	404a      	eors	r2, r1
10003bd6:	b292      	uxth	r2, r2
10003bd8:	e709      	b.n	100039ee <_vsnprintf+0x8ee>
10003bda:	2300      	movs	r3, #0
10003bdc:	4699      	mov	r9, r3
10003bde:	2800      	cmp	r0, #0
10003be0:	d1a2      	bne.n	10003b28 <_vsnprintf+0xa28>
10003be2:	2200      	movs	r2, #0
10003be4:	2300      	movs	r3, #0
10003be6:	9210      	str	r2, [sp, #64]	@ 0x40
10003be8:	9311      	str	r3, [sp, #68]	@ 0x44
10003bea:	e76a      	b.n	10003ac2 <_vsnprintf+0x9c2>
10003bec:	9b0d      	ldr	r3, [sp, #52]	@ 0x34
10003bee:	681b      	ldr	r3, [r3, #0]
10003bf0:	4699      	mov	r9, r3
10003bf2:	2b00      	cmp	r3, #0
10003bf4:	d103      	bne.n	10003bfe <_vsnprintf+0xafe>
10003bf6:	3310      	adds	r3, #16
10003bf8:	4398      	bics	r0, r3
10003bfa:	2900      	cmp	r1, #0
10003bfc:	d138      	bne.n	10003c70 <_vsnprintf+0xb70>
10003bfe:	2361      	movs	r3, #97	@ 0x61
10003c00:	0682      	lsls	r2, r0, #26
10003c02:	d500      	bpl.n	10003c06 <_vsnprintf+0xb06>
10003c04:	2341      	movs	r3, #65	@ 0x41
10003c06:	b2db      	uxtb	r3, r3
10003c08:	3b0a      	subs	r3, #10
10003c0a:	930d      	str	r3, [sp, #52]	@ 0x34
10003c0c:	4643      	mov	r3, r8
10003c0e:	9316      	str	r3, [sp, #88]	@ 0x58
10003c10:	4653      	mov	r3, sl
10003c12:	a914      	add	r1, sp, #80	@ 0x50
10003c14:	221f      	movs	r2, #31
10003c16:	468c      	mov	ip, r1
10003c18:	9317      	str	r3, [sp, #92]	@ 0x5c
10003c1a:	002b      	movs	r3, r5
10003c1c:	4462      	add	r2, ip
10003c1e:	464d      	mov	r5, r9
10003c20:	46b2      	mov	sl, r6
10003c22:	9415      	str	r4, [sp, #84]	@ 0x54
10003c24:	9718      	str	r7, [sp, #96]	@ 0x60
10003c26:	4680      	mov	r8, r0
10003c28:	0017      	movs	r7, r2
10003c2a:	4699      	mov	r9, r3
10003c2c:	9c0b      	ldr	r4, [sp, #44]	@ 0x2c
10003c2e:	9e0f      	ldr	r6, [sp, #60]	@ 0x3c
10003c30:	e008      	b.n	10003c44 <_vsnprintf+0xb44>
10003c32:	3330      	adds	r3, #48	@ 0x30
10003c34:	b2db      	uxtb	r3, r3
10003c36:	3401      	adds	r4, #1
10003c38:	553b      	strb	r3, [r7, r4]
10003c3a:	42b5      	cmp	r5, r6
10003c3c:	d30e      	bcc.n	10003c5c <_vsnprintf+0xb5c>
10003c3e:	2c20      	cmp	r4, #32
10003c40:	d00c      	beq.n	10003c5c <_vsnprintf+0xb5c>
10003c42:	0005      	movs	r5, r0
10003c44:	0031      	movs	r1, r6
10003c46:	0028      	movs	r0, r5
10003c48:	f7fe f86a 	bl	10001d20 <__wrap___aeabi_uidiv>
10003c4c:	b2cb      	uxtb	r3, r1
10003c4e:	2909      	cmp	r1, #9
10003c50:	d9ef      	bls.n	10003c32 <_vsnprintf+0xb32>
10003c52:	9a0d      	ldr	r2, [sp, #52]	@ 0x34
10003c54:	4694      	mov	ip, r2
10003c56:	4463      	add	r3, ip
10003c58:	b2db      	uxtb	r3, r3
10003c5a:	e7ec      	b.n	10003c36 <_vsnprintf+0xb36>
10003c5c:	9b16      	ldr	r3, [sp, #88]	@ 0x58
10003c5e:	4640      	mov	r0, r8
10003c60:	4698      	mov	r8, r3
10003c62:	9b17      	ldr	r3, [sp, #92]	@ 0x5c
10003c64:	4656      	mov	r6, sl
10003c66:	464d      	mov	r5, r9
10003c68:	469a      	mov	sl, r3
10003c6a:	940b      	str	r4, [sp, #44]	@ 0x2c
10003c6c:	9f18      	ldr	r7, [sp, #96]	@ 0x60
10003c6e:	9c15      	ldr	r4, [sp, #84]	@ 0x54
10003c70:	4643      	mov	r3, r8
10003c72:	9305      	str	r3, [sp, #20]
10003c74:	4653      	mov	r3, sl
10003c76:	9304      	str	r3, [sp, #16]
10003c78:	9b0f      	ldr	r3, [sp, #60]	@ 0x3c
10003c7a:	9006      	str	r0, [sp, #24]
10003c7c:	9303      	str	r3, [sp, #12]
10003c7e:	2300      	movs	r3, #0
10003c80:	9302      	str	r3, [sp, #8]
10003c82:	9b0b      	ldr	r3, [sp, #44]	@ 0x2c
10003c84:	e50b      	b.n	1000369e <_vsnprintf+0x59e>
10003c86:	990b      	ldr	r1, [sp, #44]	@ 0x2c
10003c88:	2380      	movs	r3, #128	@ 0x80
10003c8a:	000a      	movs	r2, r1
10003c8c:	00db      	lsls	r3, r3, #3
10003c8e:	401a      	ands	r2, r3
10003c90:	0010      	movs	r0, r2
10003c92:	000a      	movs	r2, r1
10003c94:	4219      	tst	r1, r3
10003c96:	d000      	beq.n	10003c9a <_vsnprintf+0xb9a>
10003c98:	e68b      	b.n	100039b2 <_vsnprintf+0x8b2>
10003c9a:	2310      	movs	r3, #16
10003c9c:	439a      	bics	r2, r3
10003c9e:	920f      	str	r2, [sp, #60]	@ 0x3c
10003ca0:	e68b      	b.n	100039ba <_vsnprintf+0x8ba>
10003ca2:	2800      	cmp	r0, #0
10003ca4:	d183      	bne.n	10003bae <_vsnprintf+0xaae>
10003ca6:	e758      	b.n	10003b5a <_vsnprintf+0xa5a>
10003ca8:	9b0d      	ldr	r3, [sp, #52]	@ 0x34
10003caa:	681b      	ldr	r3, [r3, #0]
10003cac:	17d9      	asrs	r1, r3, #31
10003cae:	185a      	adds	r2, r3, r1
10003cb0:	404a      	eors	r2, r1
10003cb2:	e69c      	b.n	100039ee <_vsnprintf+0x8ee>
10003cb4:	9b0d      	ldr	r3, [sp, #52]	@ 0x34
10003cb6:	681b      	ldr	r3, [r3, #0]
10003cb8:	9309      	str	r3, [sp, #36]	@ 0x24
10003cba:	e4dc      	b.n	10003676 <_vsnprintf+0x576>
10003cbc:	0003      	movs	r3, r0
10003cbe:	3301      	adds	r3, #1
10003cc0:	930f      	str	r3, [sp, #60]	@ 0x3c
10003cc2:	e5a5      	b.n	10003810 <_vsnprintf+0x710>
10003cc4:	920b      	str	r2, [sp, #44]	@ 0x2c
10003cc6:	e46d      	b.n	100035a4 <_vsnprintf+0x4a4>

10003cc8 <vfctprintf>:
10003cc8:	b500      	push	{lr}
10003cca:	b085      	sub	sp, #20
10003ccc:	9103      	str	r1, [sp, #12]
10003cce:	2101      	movs	r1, #1
10003cd0:	9002      	str	r0, [sp, #8]
10003cd2:	9300      	str	r3, [sp, #0]
10003cd4:	4803      	ldr	r0, [pc, #12]	@ (10003ce4 <vfctprintf+0x1c>)
10003cd6:	0013      	movs	r3, r2
10003cd8:	424a      	negs	r2, r1
10003cda:	a902      	add	r1, sp, #8
10003cdc:	f7ff fa10 	bl	10003100 <_vsnprintf>
10003ce0:	b005      	add	sp, #20
10003ce2:	bd00      	pop	{pc}
10003ce4:	100028cd 	.word	0x100028cd

10003ce8 <weak_raw_vprintf>:
10003ce8:	b510      	push	{r4, lr}
10003cea:	4a09      	ldr	r2, [pc, #36]	@ (10003d10 <weak_raw_vprintf+0x28>)
10003cec:	0003      	movs	r3, r0
10003cee:	6814      	ldr	r4, [r2, #0]
10003cf0:	b084      	sub	sp, #16
10003cf2:	2c00      	cmp	r4, #0
10003cf4:	d008      	beq.n	10003d08 <weak_raw_vprintf+0x20>
10003cf6:	2201      	movs	r2, #1
10003cf8:	9100      	str	r1, [sp, #0]
10003cfa:	4806      	ldr	r0, [pc, #24]	@ (10003d14 <weak_raw_vprintf+0x2c>)
10003cfc:	4252      	negs	r2, r2
10003cfe:	a903      	add	r1, sp, #12
10003d00:	47a0      	blx	r4
10003d02:	2001      	movs	r0, #1
10003d04:	b004      	add	sp, #16
10003d06:	bd10      	pop	{r4, pc}
10003d08:	f000 f992 	bl	10004030 <__wrap_puts>
10003d0c:	2000      	movs	r0, #0
10003d0e:	e7f9      	b.n	10003d04 <weak_raw_vprintf+0x1c>
10003d10:	20001fcc 	.word	0x20001fcc
10003d14:	100028bd 	.word	0x100028bd

10003d18 <_exit>:
10003d18:	be00      	bkpt	0x0000
10003d1a:	e7fd      	b.n	10003d18 <_exit>

10003d1c <exit>:
10003d1c:	b510      	push	{r4, lr}
10003d1e:	f7ff fffb 	bl	10003d18 <_exit>
10003d22:	46c0      	nop			@ (mov r8, r8)

10003d24 <runtime_init>:
10003d24:	b570      	push	{r4, r5, r6, lr}
10003d26:	f7fd fefb 	bl	10001b20 <runtime_run_initializers>
10003d2a:	4d07      	ldr	r5, [pc, #28]	@ (10003d48 <runtime_init+0x24>)
10003d2c:	4e07      	ldr	r6, [pc, #28]	@ (10003d4c <runtime_init+0x28>)
10003d2e:	42b5      	cmp	r5, r6
10003d30:	d209      	bcs.n	10003d46 <runtime_init+0x22>
10003d32:	2400      	movs	r4, #0
10003d34:	3e01      	subs	r6, #1
10003d36:	1b76      	subs	r6, r6, r5
10003d38:	08b6      	lsrs	r6, r6, #2
10003d3a:	cd08      	ldmia	r5!, {r3}
10003d3c:	4798      	blx	r3
10003d3e:	0023      	movs	r3, r4
10003d40:	3401      	adds	r4, #1
10003d42:	42b3      	cmp	r3, r6
10003d44:	d1f9      	bne.n	10003d3a <runtime_init+0x16>
10003d46:	bd70      	pop	{r4, r5, r6, pc}
10003d48:	10009294 	.word	0x10009294
10003d4c:	100092a4 	.word	0x100092a4

10003d50 <stdio_out_chars_no_crlf>:
10003d50:	0003      	movs	r3, r0
10003d52:	b510      	push	{r4, lr}
10003d54:	0008      	movs	r0, r1
10003d56:	0011      	movs	r1, r2
10003d58:	681b      	ldr	r3, [r3, #0]
10003d5a:	4798      	blx	r3
10003d5c:	bd10      	pop	{r4, pc}
10003d5e:	46c0      	nop			@ (mov r8, r8)

10003d60 <stdio_out_chars_crlf>:
10003d60:	b5f0      	push	{r4, r5, r6, r7, lr}
10003d62:	46c6      	mov	lr, r8
10003d64:	b500      	push	{lr}
10003d66:	7d43      	ldrb	r3, [r0, #21]
10003d68:	0007      	movs	r7, r0
10003d6a:	000d      	movs	r5, r1
10003d6c:	0016      	movs	r6, r2
10003d6e:	2b00      	cmp	r3, #0
10003d70:	d038      	beq.n	10003de4 <stdio_out_chars_crlf+0x84>
10003d72:	2a00      	cmp	r2, #0
10003d74:	dd2e      	ble.n	10003dd4 <stdio_out_chars_crlf+0x74>
10003d76:	2100      	movs	r1, #0
10003d78:	1e6a      	subs	r2, r5, #1
10003d7a:	4690      	mov	r8, r2
10003d7c:	5c6a      	ldrb	r2, [r5, r1]
10003d7e:	7d03      	ldrb	r3, [r0, #20]
10003d80:	1c4c      	adds	r4, r1, #1
10003d82:	2000      	movs	r0, #0
10003d84:	2a0a      	cmp	r2, #10
10003d86:	d00c      	beq.n	10003da2 <stdio_out_chars_crlf+0x42>
10003d88:	42a6      	cmp	r6, r4
10003d8a:	d016      	beq.n	10003dba <stdio_out_chars_crlf+0x5a>
10003d8c:	4643      	mov	r3, r8
10003d8e:	5d1b      	ldrb	r3, [r3, r4]
10003d90:	0021      	movs	r1, r4
10003d92:	3b0d      	subs	r3, #13
10003d94:	425a      	negs	r2, r3
10003d96:	4153      	adcs	r3, r2
10003d98:	5c6a      	ldrb	r2, [r5, r1]
10003d9a:	b2db      	uxtb	r3, r3
10003d9c:	1c4c      	adds	r4, r1, #1
10003d9e:	2a0a      	cmp	r2, #10
10003da0:	d1f2      	bne.n	10003d88 <stdio_out_chars_crlf+0x28>
10003da2:	2b00      	cmp	r3, #0
10003da4:	d1f0      	bne.n	10003d88 <stdio_out_chars_crlf+0x28>
10003da6:	4288      	cmp	r0, r1
10003da8:	db17      	blt.n	10003dda <stdio_out_chars_crlf+0x7a>
10003daa:	2102      	movs	r1, #2
10003dac:	4810      	ldr	r0, [pc, #64]	@ (10003df0 <stdio_out_chars_crlf+0x90>)
10003dae:	683b      	ldr	r3, [r7, #0]
10003db0:	4798      	blx	r3
10003db2:	42a6      	cmp	r6, r4
10003db4:	d007      	beq.n	10003dc6 <stdio_out_chars_crlf+0x66>
10003db6:	0020      	movs	r0, r4
10003db8:	e7e8      	b.n	10003d8c <stdio_out_chars_crlf+0x2c>
10003dba:	4286      	cmp	r6, r0
10003dbc:	dd03      	ble.n	10003dc6 <stdio_out_chars_crlf+0x66>
10003dbe:	1a31      	subs	r1, r6, r0
10003dc0:	683b      	ldr	r3, [r7, #0]
10003dc2:	1828      	adds	r0, r5, r0
10003dc4:	4798      	blx	r3
10003dc6:	19ad      	adds	r5, r5, r6
10003dc8:	3d01      	subs	r5, #1
10003dca:	782b      	ldrb	r3, [r5, #0]
10003dcc:	3b0d      	subs	r3, #13
10003dce:	425a      	negs	r2, r3
10003dd0:	4153      	adcs	r3, r2
10003dd2:	753b      	strb	r3, [r7, #20]
10003dd4:	bc80      	pop	{r7}
10003dd6:	46b8      	mov	r8, r7
10003dd8:	bdf0      	pop	{r4, r5, r6, r7, pc}
10003dda:	1a09      	subs	r1, r1, r0
10003ddc:	683b      	ldr	r3, [r7, #0]
10003dde:	1828      	adds	r0, r5, r0
10003de0:	4798      	blx	r3
10003de2:	e7e2      	b.n	10003daa <stdio_out_chars_crlf+0x4a>
10003de4:	6803      	ldr	r3, [r0, #0]
10003de6:	0011      	movs	r1, r2
10003de8:	0028      	movs	r0, r5
10003dea:	4798      	blx	r3
10003dec:	e7f2      	b.n	10003dd4 <stdio_out_chars_crlf+0x74>
10003dee:	46c0      	nop			@ (mov r8, r8)
10003df0:	10009720 	.word	0x10009720

10003df4 <stdio_buffered_printer>:
10003df4:	b5f0      	push	{r4, r5, r6, r7, lr}
10003df6:	46c6      	mov	lr, r8
10003df8:	680b      	ldr	r3, [r1, #0]
10003dfa:	0006      	movs	r6, r0
10003dfc:	000c      	movs	r4, r1
10003dfe:	b500      	push	{lr}
10003e00:	2b80      	cmp	r3, #128	@ 0x80
10003e02:	d006      	beq.n	10003e12 <stdio_buffered_printer+0x1e>
10003e04:	1c5a      	adds	r2, r3, #1
10003e06:	6022      	str	r2, [r4, #0]
10003e08:	18e4      	adds	r4, r4, r3
10003e0a:	7126      	strb	r6, [r4, #4]
10003e0c:	bc80      	pop	{r7}
10003e0e:	46b8      	mov	r8, r7
10003e10:	bdf0      	pop	{r4, r5, r6, r7, pc}
10003e12:	4b0f      	ldr	r3, [pc, #60]	@ (10003e50 <stdio_buffered_printer+0x5c>)
10003e14:	681d      	ldr	r5, [r3, #0]
10003e16:	2d00      	cmp	r5, #0
10003e18:	d016      	beq.n	10003e48 <stdio_buffered_printer+0x54>
10003e1a:	1d0b      	adds	r3, r1, #4
10003e1c:	4698      	mov	r8, r3
10003e1e:	4f0d      	ldr	r7, [pc, #52]	@ (10003e54 <stdio_buffered_printer+0x60>)
10003e20:	e002      	b.n	10003e28 <stdio_buffered_printer+0x34>
10003e22:	692d      	ldr	r5, [r5, #16]
10003e24:	2d00      	cmp	r5, #0
10003e26:	d00f      	beq.n	10003e48 <stdio_buffered_printer+0x54>
10003e28:	682b      	ldr	r3, [r5, #0]
10003e2a:	2b00      	cmp	r3, #0
10003e2c:	d0f9      	beq.n	10003e22 <stdio_buffered_printer+0x2e>
10003e2e:	683b      	ldr	r3, [r7, #0]
10003e30:	2b00      	cmp	r3, #0
10003e32:	d001      	beq.n	10003e38 <stdio_buffered_printer+0x44>
10003e34:	42ab      	cmp	r3, r5
10003e36:	d1f4      	bne.n	10003e22 <stdio_buffered_printer+0x2e>
10003e38:	0028      	movs	r0, r5
10003e3a:	4641      	mov	r1, r8
10003e3c:	6822      	ldr	r2, [r4, #0]
10003e3e:	f7ff ff8f 	bl	10003d60 <stdio_out_chars_crlf>
10003e42:	692d      	ldr	r5, [r5, #16]
10003e44:	2d00      	cmp	r5, #0
10003e46:	d1ef      	bne.n	10003e28 <stdio_buffered_printer+0x34>
10003e48:	2201      	movs	r2, #1
10003e4a:	2300      	movs	r3, #0
10003e4c:	e7db      	b.n	10003e06 <stdio_buffered_printer+0x12>
10003e4e:	46c0      	nop			@ (mov r8, r8)
10003e50:	20001bc0 	.word	0x20001bc0
10003e54:	20001bc8 	.word	0x20001bc8

10003e58 <stdio_put_string>:
10003e58:	b5f0      	push	{r4, r5, r6, r7, lr}
10003e5a:	46de      	mov	lr, fp
10003e5c:	4657      	mov	r7, sl
10003e5e:	464e      	mov	r6, r9
10003e60:	4645      	mov	r5, r8
10003e62:	b5e0      	push	{r5, r6, r7, lr}
10003e64:	b085      	sub	sp, #20
10003e66:	0017      	movs	r7, r2
10003e68:	001c      	movs	r4, r3
10003e6a:	0006      	movs	r6, r0
10003e6c:	000d      	movs	r5, r1
10003e6e:	f7fd fb8b 	bl	10001588 <time_us_64>
10003e72:	2300      	movs	r3, #0
10003e74:	4a31      	ldr	r2, [pc, #196]	@ (10003f3c <stdio_put_string+0xe4>)
10003e76:	1812      	adds	r2, r2, r0
10003e78:	414b      	adcs	r3, r1
10003e7a:	2180      	movs	r1, #128	@ 0x80
10003e7c:	0609      	lsls	r1, r1, #24
10003e7e:	428b      	cmp	r3, r1
10003e80:	d302      	bcc.n	10003e88 <stdio_put_string+0x30>
10003e82:	2201      	movs	r2, #1
10003e84:	4b2e      	ldr	r3, [pc, #184]	@ (10003f40 <stdio_put_string+0xe8>)
10003e86:	4252      	negs	r2, r2
10003e88:	492e      	ldr	r1, [pc, #184]	@ (10003f44 <stdio_put_string+0xec>)
10003e8a:	0008      	movs	r0, r1
10003e8c:	468a      	mov	sl, r1
10003e8e:	f005 f9cb 	bl	10009228 <__mutex_try_enter_block_until_veneer>
10003e92:	9001      	str	r0, [sp, #4]
10003e94:	1c6b      	adds	r3, r5, #1
10003e96:	d103      	bne.n	10003ea0 <stdio_put_string+0x48>
10003e98:	0030      	movs	r0, r6
10003e9a:	f005 f8f1 	bl	10009080 <strlen>
10003e9e:	0005      	movs	r5, r0
10003ea0:	2c00      	cmp	r4, #0
10003ea2:	d026      	beq.n	10003ef2 <stdio_put_string+0x9a>
10003ea4:	4b28      	ldr	r3, [pc, #160]	@ (10003f48 <stdio_put_string+0xf0>)
10003ea6:	4698      	mov	r8, r3
10003ea8:	4b28      	ldr	r3, [pc, #160]	@ (10003f4c <stdio_put_string+0xf4>)
10003eaa:	681c      	ldr	r4, [r3, #0]
10003eac:	2c00      	cmp	r4, #0
10003eae:	d015      	beq.n	10003edc <stdio_put_string+0x84>
10003eb0:	2f00      	cmp	r7, #0
10003eb2:	d121      	bne.n	10003ef8 <stdio_put_string+0xa0>
10003eb4:	4f26      	ldr	r7, [pc, #152]	@ (10003f50 <stdio_put_string+0xf8>)
10003eb6:	e002      	b.n	10003ebe <stdio_put_string+0x66>
10003eb8:	6924      	ldr	r4, [r4, #16]
10003eba:	2c00      	cmp	r4, #0
10003ebc:	d00e      	beq.n	10003edc <stdio_put_string+0x84>
10003ebe:	6823      	ldr	r3, [r4, #0]
10003ec0:	2b00      	cmp	r3, #0
10003ec2:	d0f9      	beq.n	10003eb8 <stdio_put_string+0x60>
10003ec4:	683b      	ldr	r3, [r7, #0]
10003ec6:	2b00      	cmp	r3, #0
10003ec8:	d001      	beq.n	10003ece <stdio_put_string+0x76>
10003eca:	429c      	cmp	r4, r3
10003ecc:	d1f4      	bne.n	10003eb8 <stdio_put_string+0x60>
10003ece:	0020      	movs	r0, r4
10003ed0:	002a      	movs	r2, r5
10003ed2:	0031      	movs	r1, r6
10003ed4:	47c0      	blx	r8
10003ed6:	6924      	ldr	r4, [r4, #16]
10003ed8:	2c00      	cmp	r4, #0
10003eda:	d1f0      	bne.n	10003ebe <stdio_put_string+0x66>
10003edc:	9b01      	ldr	r3, [sp, #4]
10003ede:	2b00      	cmp	r3, #0
10003ee0:	d128      	bne.n	10003f34 <stdio_put_string+0xdc>
10003ee2:	0028      	movs	r0, r5
10003ee4:	b005      	add	sp, #20
10003ee6:	bcf0      	pop	{r4, r5, r6, r7}
10003ee8:	46bb      	mov	fp, r7
10003eea:	46b2      	mov	sl, r6
10003eec:	46a9      	mov	r9, r5
10003eee:	46a0      	mov	r8, r4
10003ef0:	bdf0      	pop	{r4, r5, r6, r7, pc}
10003ef2:	4b18      	ldr	r3, [pc, #96]	@ (10003f54 <stdio_put_string+0xfc>)
10003ef4:	4698      	mov	r8, r3
10003ef6:	e7d7      	b.n	10003ea8 <stdio_put_string+0x50>
10003ef8:	4b15      	ldr	r3, [pc, #84]	@ (10003f50 <stdio_put_string+0xf8>)
10003efa:	4699      	mov	r9, r3
10003efc:	ab02      	add	r3, sp, #8
10003efe:	1ddf      	adds	r7, r3, #7
10003f00:	230a      	movs	r3, #10
10003f02:	469b      	mov	fp, r3
10003f04:	e002      	b.n	10003f0c <stdio_put_string+0xb4>
10003f06:	6924      	ldr	r4, [r4, #16]
10003f08:	2c00      	cmp	r4, #0
10003f0a:	d0e7      	beq.n	10003edc <stdio_put_string+0x84>
10003f0c:	6823      	ldr	r3, [r4, #0]
10003f0e:	2b00      	cmp	r3, #0
10003f10:	d0f9      	beq.n	10003f06 <stdio_put_string+0xae>
10003f12:	464b      	mov	r3, r9
10003f14:	681b      	ldr	r3, [r3, #0]
10003f16:	2b00      	cmp	r3, #0
10003f18:	d001      	beq.n	10003f1e <stdio_put_string+0xc6>
10003f1a:	42a3      	cmp	r3, r4
10003f1c:	d1f3      	bne.n	10003f06 <stdio_put_string+0xae>
10003f1e:	002a      	movs	r2, r5
10003f20:	0031      	movs	r1, r6
10003f22:	0020      	movs	r0, r4
10003f24:	47c0      	blx	r8
10003f26:	465b      	mov	r3, fp
10003f28:	2201      	movs	r2, #1
10003f2a:	0039      	movs	r1, r7
10003f2c:	0020      	movs	r0, r4
10003f2e:	703b      	strb	r3, [r7, #0]
10003f30:	47c0      	blx	r8
10003f32:	e7e8      	b.n	10003f06 <stdio_put_string+0xae>
10003f34:	4650      	mov	r0, sl
10003f36:	f005 f947 	bl	100091c8 <__mutex_exit_veneer>
10003f3a:	e7d2      	b.n	10003ee2 <stdio_put_string+0x8a>
10003f3c:	000f4240 	.word	0x000f4240
10003f40:	7fffffff 	.word	0x7fffffff
10003f44:	2000103c 	.word	0x2000103c
10003f48:	10003d61 	.word	0x10003d61
10003f4c:	20001bc0 	.word	0x20001bc0
10003f50:	20001bc8 	.word	0x20001bc8
10003f54:	10003d51 	.word	0x10003d51

10003f58 <stdio_set_driver_enabled>:
10003f58:	4a0a      	ldr	r2, [pc, #40]	@ (10003f84 <stdio_set_driver_enabled+0x2c>)
10003f5a:	6813      	ldr	r3, [r2, #0]
10003f5c:	2b00      	cmp	r3, #0
10003f5e:	d105      	bne.n	10003f6c <stdio_set_driver_enabled+0x14>
10003f60:	e00c      	b.n	10003f7c <stdio_set_driver_enabled+0x24>
10003f62:	001a      	movs	r2, r3
10003f64:	691b      	ldr	r3, [r3, #16]
10003f66:	3210      	adds	r2, #16
10003f68:	2b00      	cmp	r3, #0
10003f6a:	d007      	beq.n	10003f7c <stdio_set_driver_enabled+0x24>
10003f6c:	4298      	cmp	r0, r3
10003f6e:	d1f8      	bne.n	10003f62 <stdio_set_driver_enabled+0xa>
10003f70:	2900      	cmp	r1, #0
10003f72:	d102      	bne.n	10003f7a <stdio_set_driver_enabled+0x22>
10003f74:	6903      	ldr	r3, [r0, #16]
10003f76:	6013      	str	r3, [r2, #0]
10003f78:	6101      	str	r1, [r0, #16]
10003f7a:	4770      	bx	lr
10003f7c:	2900      	cmp	r1, #0
10003f7e:	d0fc      	beq.n	10003f7a <stdio_set_driver_enabled+0x22>
10003f80:	6010      	str	r0, [r2, #0]
10003f82:	e7fa      	b.n	10003f7a <stdio_set_driver_enabled+0x22>
10003f84:	20001bc0 	.word	0x20001bc0

10003f88 <stdio_init_all>:
10003f88:	b510      	push	{r4, lr}
10003f8a:	f000 f9b3 	bl	100042f4 <stdio_uart_init>
10003f8e:	f002 ff99 	bl	10006ec4 <stdio_usb_init>
10003f92:	2001      	movs	r0, #1
10003f94:	bd10      	pop	{r4, pc}
10003f96:	46c0      	nop			@ (mov r8, r8)

10003f98 <__wrap_putchar>:
10003f98:	b5f0      	push	{r4, r5, r6, r7, lr}
10003f9a:	46ce      	mov	lr, r9
10003f9c:	4647      	mov	r7, r8
10003f9e:	b580      	push	{r7, lr}
10003fa0:	b083      	sub	sp, #12
10003fa2:	466b      	mov	r3, sp
10003fa4:	0006      	movs	r6, r0
10003fa6:	1ddd      	adds	r5, r3, #7
10003fa8:	7028      	strb	r0, [r5, #0]
10003faa:	f7fd faed 	bl	10001588 <time_us_64>
10003fae:	2300      	movs	r3, #0
10003fb0:	4a1a      	ldr	r2, [pc, #104]	@ (1000401c <__wrap_putchar+0x84>)
10003fb2:	1812      	adds	r2, r2, r0
10003fb4:	414b      	adcs	r3, r1
10003fb6:	2180      	movs	r1, #128	@ 0x80
10003fb8:	0609      	lsls	r1, r1, #24
10003fba:	428b      	cmp	r3, r1
10003fbc:	d302      	bcc.n	10003fc4 <__wrap_putchar+0x2c>
10003fbe:	2201      	movs	r2, #1
10003fc0:	4b17      	ldr	r3, [pc, #92]	@ (10004020 <__wrap_putchar+0x88>)
10003fc2:	4252      	negs	r2, r2
10003fc4:	4917      	ldr	r1, [pc, #92]	@ (10004024 <__wrap_putchar+0x8c>)
10003fc6:	0008      	movs	r0, r1
10003fc8:	4688      	mov	r8, r1
10003fca:	f005 f92d 	bl	10009228 <__mutex_try_enter_block_until_veneer>
10003fce:	4b16      	ldr	r3, [pc, #88]	@ (10004028 <__wrap_putchar+0x90>)
10003fd0:	4681      	mov	r9, r0
10003fd2:	681c      	ldr	r4, [r3, #0]
10003fd4:	2c00      	cmp	r4, #0
10003fd6:	d014      	beq.n	10004002 <__wrap_putchar+0x6a>
10003fd8:	4f14      	ldr	r7, [pc, #80]	@ (1000402c <__wrap_putchar+0x94>)
10003fda:	e002      	b.n	10003fe2 <__wrap_putchar+0x4a>
10003fdc:	6924      	ldr	r4, [r4, #16]
10003fde:	2c00      	cmp	r4, #0
10003fe0:	d00f      	beq.n	10004002 <__wrap_putchar+0x6a>
10003fe2:	6823      	ldr	r3, [r4, #0]
10003fe4:	2b00      	cmp	r3, #0
10003fe6:	d0f9      	beq.n	10003fdc <__wrap_putchar+0x44>
10003fe8:	683b      	ldr	r3, [r7, #0]
10003fea:	2b00      	cmp	r3, #0
10003fec:	d001      	beq.n	10003ff2 <__wrap_putchar+0x5a>
10003fee:	429c      	cmp	r4, r3
10003ff0:	d1f4      	bne.n	10003fdc <__wrap_putchar+0x44>
10003ff2:	0020      	movs	r0, r4
10003ff4:	2201      	movs	r2, #1
10003ff6:	0029      	movs	r1, r5
10003ff8:	f7ff feb2 	bl	10003d60 <stdio_out_chars_crlf>
10003ffc:	6924      	ldr	r4, [r4, #16]
10003ffe:	2c00      	cmp	r4, #0
10004000:	d1ef      	bne.n	10003fe2 <__wrap_putchar+0x4a>
10004002:	464b      	mov	r3, r9
10004004:	2b00      	cmp	r3, #0
10004006:	d105      	bne.n	10004014 <__wrap_putchar+0x7c>
10004008:	0030      	movs	r0, r6
1000400a:	b003      	add	sp, #12
1000400c:	bcc0      	pop	{r6, r7}
1000400e:	46b9      	mov	r9, r7
10004010:	46b0      	mov	r8, r6
10004012:	bdf0      	pop	{r4, r5, r6, r7, pc}
10004014:	4640      	mov	r0, r8
10004016:	f005 f8d7 	bl	100091c8 <__mutex_exit_veneer>
1000401a:	e7f5      	b.n	10004008 <__wrap_putchar+0x70>
1000401c:	000f4240 	.word	0x000f4240
10004020:	7fffffff 	.word	0x7fffffff
10004024:	2000103c 	.word	0x2000103c
10004028:	20001bc0 	.word	0x20001bc0
1000402c:	20001bc8 	.word	0x20001bc8

10004030 <__wrap_puts>:
10004030:	b570      	push	{r4, r5, r6, lr}
10004032:	0004      	movs	r4, r0
10004034:	f005 f824 	bl	10009080 <strlen>
10004038:	2301      	movs	r3, #1
1000403a:	0001      	movs	r1, r0
1000403c:	0005      	movs	r5, r0
1000403e:	2201      	movs	r2, #1
10004040:	0020      	movs	r0, r4
10004042:	f7ff ff09 	bl	10003e58 <stdio_put_string>
10004046:	4b08      	ldr	r3, [pc, #32]	@ (10004068 <__wrap_puts+0x38>)
10004048:	681c      	ldr	r4, [r3, #0]
1000404a:	2c00      	cmp	r4, #0
1000404c:	d006      	beq.n	1000405c <__wrap_puts+0x2c>
1000404e:	6863      	ldr	r3, [r4, #4]
10004050:	2b00      	cmp	r3, #0
10004052:	d005      	beq.n	10004060 <__wrap_puts+0x30>
10004054:	4798      	blx	r3
10004056:	6924      	ldr	r4, [r4, #16]
10004058:	2c00      	cmp	r4, #0
1000405a:	d1f8      	bne.n	1000404e <__wrap_puts+0x1e>
1000405c:	0028      	movs	r0, r5
1000405e:	bd70      	pop	{r4, r5, r6, pc}
10004060:	6924      	ldr	r4, [r4, #16]
10004062:	2c00      	cmp	r4, #0
10004064:	d1f3      	bne.n	1000404e <__wrap_puts+0x1e>
10004066:	e7f9      	b.n	1000405c <__wrap_puts+0x2c>
10004068:	20001bc0 	.word	0x20001bc0

1000406c <__wrap_vprintf>:
1000406c:	b5f0      	push	{r4, r5, r6, r7, lr}
1000406e:	46ce      	mov	lr, r9
10004070:	4647      	mov	r7, r8
10004072:	b580      	push	{r7, lr}
10004074:	b0a3      	sub	sp, #140	@ 0x8c
10004076:	0004      	movs	r4, r0
10004078:	000d      	movs	r5, r1
1000407a:	f7fd fa85 	bl	10001588 <time_us_64>
1000407e:	2300      	movs	r3, #0
10004080:	4a29      	ldr	r2, [pc, #164]	@ (10004128 <__wrap_vprintf+0xbc>)
10004082:	1812      	adds	r2, r2, r0
10004084:	414b      	adcs	r3, r1
10004086:	2180      	movs	r1, #128	@ 0x80
10004088:	0609      	lsls	r1, r1, #24
1000408a:	428b      	cmp	r3, r1
1000408c:	d302      	bcc.n	10004094 <__wrap_vprintf+0x28>
1000408e:	2201      	movs	r2, #1
10004090:	4b26      	ldr	r3, [pc, #152]	@ (1000412c <__wrap_vprintf+0xc0>)
10004092:	4252      	negs	r2, r2
10004094:	4f26      	ldr	r7, [pc, #152]	@ (10004130 <__wrap_vprintf+0xc4>)
10004096:	0038      	movs	r0, r7
10004098:	f005 f8c6 	bl	10009228 <__mutex_try_enter_block_until_veneer>
1000409c:	2300      	movs	r3, #0
1000409e:	0006      	movs	r6, r0
100040a0:	9301      	str	r3, [sp, #4]
100040a2:	0022      	movs	r2, r4
100040a4:	002b      	movs	r3, r5
100040a6:	4823      	ldr	r0, [pc, #140]	@ (10004134 <__wrap_vprintf+0xc8>)
100040a8:	a901      	add	r1, sp, #4
100040aa:	f7ff fe0d 	bl	10003cc8 <vfctprintf>
100040ae:	9b01      	ldr	r3, [sp, #4]
100040b0:	4680      	mov	r8, r0
100040b2:	2b00      	cmp	r3, #0
100040b4:	d114      	bne.n	100040e0 <__wrap_vprintf+0x74>
100040b6:	4b20      	ldr	r3, [pc, #128]	@ (10004138 <__wrap_vprintf+0xcc>)
100040b8:	681c      	ldr	r4, [r3, #0]
100040ba:	2c00      	cmp	r4, #0
100040bc:	d006      	beq.n	100040cc <__wrap_vprintf+0x60>
100040be:	6863      	ldr	r3, [r4, #4]
100040c0:	2b00      	cmp	r3, #0
100040c2:	d00b      	beq.n	100040dc <__wrap_vprintf+0x70>
100040c4:	4798      	blx	r3
100040c6:	6924      	ldr	r4, [r4, #16]
100040c8:	2c00      	cmp	r4, #0
100040ca:	d1f8      	bne.n	100040be <__wrap_vprintf+0x52>
100040cc:	2e00      	cmp	r6, #0
100040ce:	d125      	bne.n	1000411c <__wrap_vprintf+0xb0>
100040d0:	4640      	mov	r0, r8
100040d2:	b023      	add	sp, #140	@ 0x8c
100040d4:	bcc0      	pop	{r6, r7}
100040d6:	46b9      	mov	r9, r7
100040d8:	46b0      	mov	r8, r6
100040da:	bdf0      	pop	{r4, r5, r6, r7, pc}
100040dc:	6924      	ldr	r4, [r4, #16]
100040de:	e7ec      	b.n	100040ba <__wrap_vprintf+0x4e>
100040e0:	4b15      	ldr	r3, [pc, #84]	@ (10004138 <__wrap_vprintf+0xcc>)
100040e2:	681d      	ldr	r5, [r3, #0]
100040e4:	4699      	mov	r9, r3
100040e6:	2d00      	cmp	r5, #0
100040e8:	d01c      	beq.n	10004124 <__wrap_vprintf+0xb8>
100040ea:	4c14      	ldr	r4, [pc, #80]	@ (1000413c <__wrap_vprintf+0xd0>)
100040ec:	e002      	b.n	100040f4 <__wrap_vprintf+0x88>
100040ee:	692d      	ldr	r5, [r5, #16]
100040f0:	2d00      	cmp	r5, #0
100040f2:	d00f      	beq.n	10004114 <__wrap_vprintf+0xa8>
100040f4:	682b      	ldr	r3, [r5, #0]
100040f6:	2b00      	cmp	r3, #0
100040f8:	d0f9      	beq.n	100040ee <__wrap_vprintf+0x82>
100040fa:	6823      	ldr	r3, [r4, #0]
100040fc:	2b00      	cmp	r3, #0
100040fe:	d001      	beq.n	10004104 <__wrap_vprintf+0x98>
10004100:	42ab      	cmp	r3, r5
10004102:	d1f4      	bne.n	100040ee <__wrap_vprintf+0x82>
10004104:	0028      	movs	r0, r5
10004106:	9a01      	ldr	r2, [sp, #4]
10004108:	a902      	add	r1, sp, #8
1000410a:	f7ff fe29 	bl	10003d60 <stdio_out_chars_crlf>
1000410e:	692d      	ldr	r5, [r5, #16]
10004110:	2d00      	cmp	r5, #0
10004112:	d1ef      	bne.n	100040f4 <__wrap_vprintf+0x88>
10004114:	464b      	mov	r3, r9
10004116:	9501      	str	r5, [sp, #4]
10004118:	681c      	ldr	r4, [r3, #0]
1000411a:	e7ce      	b.n	100040ba <__wrap_vprintf+0x4e>
1000411c:	0038      	movs	r0, r7
1000411e:	f005 f853 	bl	100091c8 <__mutex_exit_veneer>
10004122:	e7d5      	b.n	100040d0 <__wrap_vprintf+0x64>
10004124:	9501      	str	r5, [sp, #4]
10004126:	e7d1      	b.n	100040cc <__wrap_vprintf+0x60>
10004128:	000f4240 	.word	0x000f4240
1000412c:	7fffffff 	.word	0x7fffffff
10004130:	2000103c 	.word	0x2000103c
10004134:	10003df5 	.word	0x10003df5
10004138:	20001bc0 	.word	0x20001bc0
1000413c:	20001bc8 	.word	0x20001bc8

10004140 <__wrap_printf>:
10004140:	b40f      	push	{r0, r1, r2, r3}
10004142:	b500      	push	{lr}
10004144:	b083      	sub	sp, #12
10004146:	a904      	add	r1, sp, #16
10004148:	c901      	ldmia	r1!, {r0}
1000414a:	9101      	str	r1, [sp, #4]
1000414c:	f7ff ff8e 	bl	1000406c <__wrap_vprintf>
10004150:	b003      	add	sp, #12
10004152:	bc08      	pop	{r3}
10004154:	b004      	add	sp, #16
10004156:	4718      	bx	r3

10004158 <stdio_uart_out_chars>:
10004158:	b5f0      	push	{r4, r5, r6, r7, lr}
1000415a:	2900      	cmp	r1, #0
1000415c:	dd15      	ble.n	1000418a <stdio_uart_out_chars+0x32>
1000415e:	4b0e      	ldr	r3, [pc, #56]	@ (10004198 <stdio_uart_out_chars+0x40>)
10004160:	270d      	movs	r7, #13
10004162:	681a      	ldr	r2, [r3, #0]
10004164:	4b0d      	ldr	r3, [pc, #52]	@ (1000419c <stdio_uart_out_chars+0x44>)
10004166:	4c0e      	ldr	r4, [pc, #56]	@ (100041a0 <stdio_uart_out_chars+0x48>)
10004168:	18d3      	adds	r3, r2, r3
1000416a:	425d      	negs	r5, r3
1000416c:	416b      	adcs	r3, r5
1000416e:	1845      	adds	r5, r0, r1
10004170:	2120      	movs	r1, #32
10004172:	005b      	lsls	r3, r3, #1
10004174:	5f1e      	ldrsh	r6, [r3, r4]
10004176:	7804      	ldrb	r4, [r0, #0]
10004178:	42a6      	cmp	r6, r4
1000417a:	d007      	beq.n	1000418c <stdio_uart_out_chars+0x34>
1000417c:	6993      	ldr	r3, [r2, #24]
1000417e:	4219      	tst	r1, r3
10004180:	d1fc      	bne.n	1000417c <stdio_uart_out_chars+0x24>
10004182:	3001      	adds	r0, #1
10004184:	6014      	str	r4, [r2, #0]
10004186:	42a8      	cmp	r0, r5
10004188:	d1f5      	bne.n	10004176 <stdio_uart_out_chars+0x1e>
1000418a:	bdf0      	pop	{r4, r5, r6, r7, pc}
1000418c:	6993      	ldr	r3, [r2, #24]
1000418e:	4219      	tst	r1, r3
10004190:	d1fc      	bne.n	1000418c <stdio_uart_out_chars+0x34>
10004192:	6017      	str	r7, [r2, #0]
10004194:	e7f2      	b.n	1000417c <stdio_uart_out_chars+0x24>
10004196:	46c0      	nop			@ (mov r8, r8)
10004198:	200023a8 	.word	0x200023a8
1000419c:	bffc8000 	.word	0xbffc8000
100041a0:	200023a4 	.word	0x200023a4

100041a4 <stdio_uart_in_chars>:
100041a4:	4b20      	ldr	r3, [pc, #128]	@ (10004228 <stdio_uart_in_chars+0x84>)
100041a6:	b570      	push	{r4, r5, r6, lr}
100041a8:	0004      	movs	r4, r0
100041aa:	1e0d      	subs	r5, r1, #0
100041ac:	681e      	ldr	r6, [r3, #0]
100041ae:	dd2a      	ble.n	10004206 <stdio_uart_in_chars+0x62>
100041b0:	2000      	movs	r0, #0
100041b2:	2110      	movs	r1, #16
100041b4:	4b1d      	ldr	r3, [pc, #116]	@ (1000422c <stdio_uart_in_chars+0x88>)
100041b6:	3c01      	subs	r4, #1
100041b8:	681a      	ldr	r2, [r3, #0]
100041ba:	6993      	ldr	r3, [r2, #24]
100041bc:	4219      	tst	r1, r3
100041be:	d114      	bne.n	100041ea <stdio_uart_in_chars+0x46>
100041c0:	3001      	adds	r0, #1
100041c2:	6993      	ldr	r3, [r2, #24]
100041c4:	4219      	tst	r1, r3
100041c6:	d1fc      	bne.n	100041c2 <stdio_uart_in_chars+0x1e>
100041c8:	6813      	ldr	r3, [r2, #0]
100041ca:	5423      	strb	r3, [r4, r0]
100041cc:	4285      	cmp	r5, r0
100041ce:	d1f4      	bne.n	100041ba <stdio_uart_in_chars+0x16>
100041d0:	2e00      	cmp	r6, #0
100041d2:	d008      	beq.n	100041e6 <stdio_uart_in_chars+0x42>
100041d4:	2350      	movs	r3, #80	@ 0x50
100041d6:	6393      	str	r3, [r2, #56]	@ 0x38
100041d8:	6b51      	ldr	r1, [r2, #52]	@ 0x34
100041da:	3b18      	subs	r3, #24
100041dc:	400b      	ands	r3, r1
100041de:	4914      	ldr	r1, [pc, #80]	@ (10004230 <stdio_uart_in_chars+0x8c>)
100041e0:	468c      	mov	ip, r1
100041e2:	4462      	add	r2, ip
100041e4:	6013      	str	r3, [r2, #0]
100041e6:	0028      	movs	r0, r5
100041e8:	e00c      	b.n	10004204 <stdio_uart_in_chars+0x60>
100041ea:	2e00      	cmp	r6, #0
100041ec:	d008      	beq.n	10004200 <stdio_uart_in_chars+0x5c>
100041ee:	2350      	movs	r3, #80	@ 0x50
100041f0:	6393      	str	r3, [r2, #56]	@ 0x38
100041f2:	6b51      	ldr	r1, [r2, #52]	@ 0x34
100041f4:	3b18      	subs	r3, #24
100041f6:	400b      	ands	r3, r1
100041f8:	490d      	ldr	r1, [pc, #52]	@ (10004230 <stdio_uart_in_chars+0x8c>)
100041fa:	468c      	mov	ip, r1
100041fc:	4462      	add	r2, ip
100041fe:	6013      	str	r3, [r2, #0]
10004200:	2800      	cmp	r0, #0
10004202:	d00d      	beq.n	10004220 <stdio_uart_in_chars+0x7c>
10004204:	bd70      	pop	{r4, r5, r6, pc}
10004206:	2e00      	cmp	r6, #0
10004208:	d00a      	beq.n	10004220 <stdio_uart_in_chars+0x7c>
1000420a:	2250      	movs	r2, #80	@ 0x50
1000420c:	4b07      	ldr	r3, [pc, #28]	@ (1000422c <stdio_uart_in_chars+0x88>)
1000420e:	681b      	ldr	r3, [r3, #0]
10004210:	639a      	str	r2, [r3, #56]	@ 0x38
10004212:	6b59      	ldr	r1, [r3, #52]	@ 0x34
10004214:	3a18      	subs	r2, #24
10004216:	400a      	ands	r2, r1
10004218:	4905      	ldr	r1, [pc, #20]	@ (10004230 <stdio_uart_in_chars+0x8c>)
1000421a:	468c      	mov	ip, r1
1000421c:	4463      	add	r3, ip
1000421e:	601a      	str	r2, [r3, #0]
10004220:	2003      	movs	r0, #3
10004222:	4240      	negs	r0, r0
10004224:	e7ee      	b.n	10004204 <stdio_uart_in_chars+0x60>
10004226:	46c0      	nop			@ (mov r8, r8)
10004228:	20001b58 	.word	0x20001b58
1000422c:	200023a8 	.word	0x200023a8
10004230:	00001034 	.word	0x00001034

10004234 <on_uart_rx>:
10004234:	4b06      	ldr	r3, [pc, #24]	@ (10004250 <on_uart_rx+0x1c>)
10004236:	b510      	push	{r4, lr}
10004238:	681b      	ldr	r3, [r3, #0]
1000423a:	2b00      	cmp	r3, #0
1000423c:	d006      	beq.n	1000424c <on_uart_rx+0x18>
1000423e:	2100      	movs	r1, #0
10004240:	4a04      	ldr	r2, [pc, #16]	@ (10004254 <on_uart_rx+0x20>)
10004242:	6812      	ldr	r2, [r2, #0]
10004244:	6391      	str	r1, [r2, #56]	@ 0x38
10004246:	4a04      	ldr	r2, [pc, #16]	@ (10004258 <on_uart_rx+0x24>)
10004248:	6810      	ldr	r0, [r2, #0]
1000424a:	4798      	blx	r3
1000424c:	bd10      	pop	{r4, pc}
1000424e:	46c0      	nop			@ (mov r8, r8)
10004250:	20001b58 	.word	0x20001b58
10004254:	200023a8 	.word	0x200023a8
10004258:	20001b60 	.word	0x20001b60

1000425c <stdio_uart_out_flush>:
1000425c:	2208      	movs	r2, #8
1000425e:	4b03      	ldr	r3, [pc, #12]	@ (1000426c <stdio_uart_out_flush+0x10>)
10004260:	6819      	ldr	r1, [r3, #0]
10004262:	698b      	ldr	r3, [r1, #24]
10004264:	421a      	tst	r2, r3
10004266:	d1fc      	bne.n	10004262 <stdio_uart_out_flush+0x6>
10004268:	4770      	bx	lr
1000426a:	46c0      	nop			@ (mov r8, r8)
1000426c:	200023a8 	.word	0x200023a8

10004270 <stdio_uart_set_chars_available_callback>:
10004270:	b5f8      	push	{r3, r4, r5, r6, r7, lr}
10004272:	4f1a      	ldr	r7, [pc, #104]	@ (100042dc <stdio_uart_set_chars_available_callback+0x6c>)
10004274:	4b1a      	ldr	r3, [pc, #104]	@ (100042e0 <stdio_uart_set_chars_available_callback+0x70>)
10004276:	683a      	ldr	r2, [r7, #0]
10004278:	0005      	movs	r5, r0
1000427a:	18d3      	adds	r3, r2, r3
1000427c:	4258      	negs	r0, r3
1000427e:	4143      	adcs	r3, r0
10004280:	4e18      	ldr	r6, [pc, #96]	@ (100042e4 <stdio_uart_set_chars_available_callback+0x74>)
10004282:	3314      	adds	r3, #20
10004284:	001c      	movs	r4, r3
10004286:	6833      	ldr	r3, [r6, #0]
10004288:	2d00      	cmp	r5, #0
1000428a:	d002      	beq.n	10004292 <stdio_uart_set_chars_available_callback+0x22>
1000428c:	2b00      	cmp	r3, #0
1000428e:	d00f      	beq.n	100042b0 <stdio_uart_set_chars_available_callback+0x40>
10004290:	bdf8      	pop	{r3, r4, r5, r6, r7, pc}
10004292:	2b00      	cmp	r3, #0
10004294:	d0fc      	beq.n	10004290 <stdio_uart_set_chars_available_callback+0x20>
10004296:	2100      	movs	r1, #0
10004298:	0020      	movs	r0, r4
1000429a:	6395      	str	r5, [r2, #56]	@ 0x38
1000429c:	f7fc fac4 	bl	10000828 <irq_set_enabled>
100042a0:	0020      	movs	r0, r4
100042a2:	4911      	ldr	r1, [pc, #68]	@ (100042e8 <stdio_uart_set_chars_available_callback+0x78>)
100042a4:	f7fc fc1c 	bl	10000ae0 <irq_remove_handler>
100042a8:	4b10      	ldr	r3, [pc, #64]	@ (100042ec <stdio_uart_set_chars_available_callback+0x7c>)
100042aa:	6035      	str	r5, [r6, #0]
100042ac:	601d      	str	r5, [r3, #0]
100042ae:	e7ef      	b.n	10004290 <stdio_uart_set_chars_available_callback+0x20>
100042b0:	4b0e      	ldr	r3, [pc, #56]	@ (100042ec <stdio_uart_set_chars_available_callback+0x7c>)
100042b2:	0020      	movs	r0, r4
100042b4:	6019      	str	r1, [r3, #0]
100042b6:	490c      	ldr	r1, [pc, #48]	@ (100042e8 <stdio_uart_set_chars_available_callback+0x78>)
100042b8:	6035      	str	r5, [r6, #0]
100042ba:	f7fc faed 	bl	10000898 <irq_set_exclusive_handler>
100042be:	2101      	movs	r1, #1
100042c0:	0020      	movs	r0, r4
100042c2:	f7fc fab1 	bl	10000828 <irq_set_enabled>
100042c6:	2250      	movs	r2, #80	@ 0x50
100042c8:	683b      	ldr	r3, [r7, #0]
100042ca:	639a      	str	r2, [r3, #56]	@ 0x38
100042cc:	6b59      	ldr	r1, [r3, #52]	@ 0x34
100042ce:	3a18      	subs	r2, #24
100042d0:	400a      	ands	r2, r1
100042d2:	4907      	ldr	r1, [pc, #28]	@ (100042f0 <stdio_uart_set_chars_available_callback+0x80>)
100042d4:	468c      	mov	ip, r1
100042d6:	4463      	add	r3, ip
100042d8:	601a      	str	r2, [r3, #0]
100042da:	e7d9      	b.n	10004290 <stdio_uart_set_chars_available_callback+0x20>
100042dc:	200023a8 	.word	0x200023a8
100042e0:	bffc8000 	.word	0xbffc8000
100042e4:	20001b58 	.word	0x20001b58
100042e8:	10004235 	.word	0x10004235
100042ec:	20001b60 	.word	0x20001b60
100042f0:	00001034 	.word	0x00001034

100042f4 <stdio_uart_init>:
100042f4:	4b0d      	ldr	r3, [pc, #52]	@ (1000432c <stdio_uart_init+0x38>)
100042f6:	b510      	push	{r4, lr}
100042f8:	781b      	ldrb	r3, [r3, #0]
100042fa:	4b0d      	ldr	r3, [pc, #52]	@ (10004330 <stdio_uart_init+0x3c>)
100042fc:	4c0d      	ldr	r4, [pc, #52]	@ (10004334 <stdio_uart_init+0x40>)
100042fe:	781b      	ldrb	r3, [r3, #0]
10004300:	4b0d      	ldr	r3, [pc, #52]	@ (10004338 <stdio_uart_init+0x44>)
10004302:	2102      	movs	r1, #2
10004304:	781b      	ldrb	r3, [r3, #0]
10004306:	4b0d      	ldr	r3, [pc, #52]	@ (1000433c <stdio_uart_init+0x48>)
10004308:	2000      	movs	r0, #0
1000430a:	6023      	str	r3, [r4, #0]
1000430c:	f7fc f96c 	bl	100005e8 <gpio_set_function>
10004310:	2102      	movs	r1, #2
10004312:	2001      	movs	r0, #1
10004314:	f7fc f968 	bl	100005e8 <gpio_set_function>
10004318:	21e1      	movs	r1, #225	@ 0xe1
1000431a:	6820      	ldr	r0, [r4, #0]
1000431c:	0249      	lsls	r1, r1, #9
1000431e:	f7fd f971 	bl	10001604 <uart_init>
10004322:	2101      	movs	r1, #1
10004324:	4806      	ldr	r0, [pc, #24]	@ (10004340 <stdio_uart_init+0x4c>)
10004326:	f7ff fe17 	bl	10003f58 <stdio_set_driver_enabled>
1000432a:	bd10      	pop	{r4, pc}
1000432c:	100099f0 	.word	0x100099f0
10004330:	100099ec 	.word	0x100099ec
10004334:	200023a8 	.word	0x200023a8
10004338:	100099e8 	.word	0x100099e8
1000433c:	40034000 	.word	0x40034000
10004340:	20000fe0 	.word	0x20000fe0
	...

10004350 <vPortStartFirstTask>:
10004350:	4a0b      	ldr	r2, [pc, #44]	@ (10004380 <pxCurrentTCBConst1>)
10004352:	6813      	ldr	r3, [r2, #0]
10004354:	6818      	ldr	r0, [r3, #0]
10004356:	3020      	adds	r0, #32
10004358:	f380 8809 	msr	PSP, r0
1000435c:	2002      	movs	r0, #2
1000435e:	f380 8814 	msr	CONTROL, r0
10004362:	f3bf 8f6f 	isb	sy
10004366:	bc3f      	pop	{r0, r1, r2, r3, r4, r5}
10004368:	46ae      	mov	lr, r5
1000436a:	bc08      	pop	{r3}
1000436c:	bc04      	pop	{r2}
1000436e:	b662      	cpsie	i
10004370:	4718      	bx	r3
10004372:	46c0      	nop			@ (mov r8, r8)
10004374:	46c0      	nop			@ (mov r8, r8)
10004376:	46c0      	nop			@ (mov r8, r8)
10004378:	46c0      	nop			@ (mov r8, r8)
1000437a:	46c0      	nop			@ (mov r8, r8)
1000437c:	46c0      	nop			@ (mov r8, r8)
1000437e:	46c0      	nop			@ (mov r8, r8)

10004380 <pxCurrentTCBConst1>:
10004380:	20001ff4 	.word	0x20001ff4
	...

10004390 <xPortPendSVHandler>:
10004390:	f3ef 8009 	mrs	r0, PSP
10004394:	4b16      	ldr	r3, [pc, #88]	@ (100043f0 <pxCurrentTCBConst2>)
10004396:	681a      	ldr	r2, [r3, #0]
10004398:	3820      	subs	r0, #32
1000439a:	6010      	str	r0, [r2, #0]
1000439c:	c0f0      	stmia	r0!, {r4, r5, r6, r7}
1000439e:	4644      	mov	r4, r8
100043a0:	464d      	mov	r5, r9
100043a2:	4656      	mov	r6, sl
100043a4:	465f      	mov	r7, fp
100043a6:	c0f0      	stmia	r0!, {r4, r5, r6, r7}
100043a8:	220d      	movs	r2, #13
100043aa:	0712      	lsls	r2, r2, #28
100043ac:	6e14      	ldr	r4, [r2, #96]	@ 0x60
100043ae:	6e55      	ldr	r5, [r2, #100]	@ 0x64
100043b0:	6f56      	ldr	r6, [r2, #116]	@ 0x74
100043b2:	6f17      	ldr	r7, [r2, #112]	@ 0x70
100043b4:	3830      	subs	r0, #48	@ 0x30
100043b6:	c0f0      	stmia	r0!, {r4, r5, r6, r7}
100043b8:	b508      	push	{r3, lr}
100043ba:	b672      	cpsid	i
100043bc:	f001 fbf4 	bl	10005ba8 <vTaskSwitchContext>
100043c0:	b662      	cpsie	i
100043c2:	bc0c      	pop	{r2, r3}
100043c4:	6811      	ldr	r1, [r2, #0]
100043c6:	6808      	ldr	r0, [r1, #0]
100043c8:	3010      	adds	r0, #16
100043ca:	c8f0      	ldmia	r0!, {r4, r5, r6, r7}
100043cc:	46a0      	mov	r8, r4
100043ce:	46a9      	mov	r9, r5
100043d0:	46b2      	mov	sl, r6
100043d2:	46bb      	mov	fp, r7
100043d4:	f380 8809 	msr	PSP, r0
100043d8:	220d      	movs	r2, #13
100043da:	0712      	lsls	r2, r2, #28
100043dc:	3830      	subs	r0, #48	@ 0x30
100043de:	c8f0      	ldmia	r0!, {r4, r5, r6, r7}
100043e0:	6614      	str	r4, [r2, #96]	@ 0x60
100043e2:	6655      	str	r5, [r2, #100]	@ 0x64
100043e4:	6756      	str	r6, [r2, #116]	@ 0x74
100043e6:	6717      	str	r7, [r2, #112]	@ 0x70
100043e8:	c8f0      	ldmia	r0!, {r4, r5, r6, r7}
100043ea:	4718      	bx	r3
100043ec:	46c0      	nop			@ (mov r8, r8)
100043ee:	46c0      	nop			@ (mov r8, r8)

100043f0 <pxCurrentTCBConst2>:
100043f0:	20001ff4 	.word	0x20001ff4

100043f4 <prvTaskExitError>:
100043f4:	b510      	push	{r4, lr}
100043f6:	f7fc f963 	bl	100006c0 <panic_unsupported>
100043fa:	46c0      	nop			@ (mov r8, r8)

100043fc <prvFIFOInterruptHandler>:
100043fc:	23d0      	movs	r3, #208	@ 0xd0
100043fe:	b500      	push	{lr}
10004400:	061b      	lsls	r3, r3, #24
10004402:	6d1a      	ldr	r2, [r3, #80]	@ 0x50
10004404:	b083      	sub	sp, #12
10004406:	07d2      	lsls	r2, r2, #31
10004408:	d504      	bpl.n	10004414 <prvFIFOInterruptHandler+0x18>
1000440a:	2101      	movs	r1, #1
1000440c:	6d9a      	ldr	r2, [r3, #88]	@ 0x58
1000440e:	6d1a      	ldr	r2, [r3, #80]	@ 0x50
10004410:	4211      	tst	r1, r2
10004412:	d1fb      	bne.n	1000440c <prvFIFOInterruptHandler+0x10>
10004414:	23d0      	movs	r3, #208	@ 0xd0
10004416:	22ff      	movs	r2, #255	@ 0xff
10004418:	061b      	lsls	r3, r3, #24
1000441a:	651a      	str	r2, [r3, #80]	@ 0x50
1000441c:	2300      	movs	r3, #0
1000441e:	4a11      	ldr	r2, [pc, #68]	@ (10004464 <prvFIFOInterruptHandler+0x68>)
10004420:	9301      	str	r3, [sp, #4]
10004422:	6811      	ldr	r1, [r2, #0]
10004424:	f3ef 8c10 	mrs	ip, PRIMASK
10004428:	b672      	cpsid	i
1000442a:	680b      	ldr	r3, [r1, #0]
1000442c:	2b00      	cmp	r3, #0
1000442e:	d0fc      	beq.n	1000442a <prvFIFOInterruptHandler+0x2e>
10004430:	f3bf 8f5f 	dmb	sy
10004434:	2300      	movs	r3, #0
10004436:	480c      	ldr	r0, [pc, #48]	@ (10004468 <prvFIFOInterruptHandler+0x6c>)
10004438:	6812      	ldr	r2, [r2, #0]
1000443a:	6801      	ldr	r1, [r0, #0]
1000443c:	6003      	str	r3, [r0, #0]
1000443e:	f3bf 8f5f 	dmb	sy
10004442:	6013      	str	r3, [r2, #0]
10004444:	f38c 8810 	msr	PRIMASK, ip
10004448:	4b08      	ldr	r3, [pc, #32]	@ (1000446c <prvFIFOInterruptHandler+0x70>)
1000444a:	aa01      	add	r2, sp, #4
1000444c:	6818      	ldr	r0, [r3, #0]
1000444e:	f000 fad3 	bl	100049f8 <xEventGroupSetBitsFromISR>
10004452:	9b01      	ldr	r3, [sp, #4]
10004454:	2b00      	cmp	r3, #0
10004456:	d003      	beq.n	10004460 <prvFIFOInterruptHandler+0x64>
10004458:	2280      	movs	r2, #128	@ 0x80
1000445a:	4b05      	ldr	r3, [pc, #20]	@ (10004470 <prvFIFOInterruptHandler+0x74>)
1000445c:	0552      	lsls	r2, r2, #21
1000445e:	601a      	str	r2, [r3, #0]
10004460:	b003      	add	sp, #12
10004462:	bd00      	pop	{pc}
10004464:	20001ff0 	.word	0x20001ff0
10004468:	200223c4 	.word	0x200223c4
1000446c:	2002242c 	.word	0x2002242c
10004470:	e000ed04 	.word	0xe000ed04

10004474 <vPortSVCHandler>:
10004474:	4770      	bx	lr
10004476:	46c0      	nop			@ (mov r8, r8)

10004478 <pxPortInitialiseStack>:
10004478:	b510      	push	{r4, lr}
1000447a:	2480      	movs	r4, #128	@ 0x80
1000447c:	1f03      	subs	r3, r0, #4
1000447e:	0464      	lsls	r4, r4, #17
10004480:	601c      	str	r4, [r3, #0]
10004482:	3b04      	subs	r3, #4
10004484:	6019      	str	r1, [r3, #0]
10004486:	4903      	ldr	r1, [pc, #12]	@ (10004494 <pxPortInitialiseStack+0x1c>)
10004488:	3b04      	subs	r3, #4
1000448a:	6019      	str	r1, [r3, #0]
1000448c:	3b14      	subs	r3, #20
1000448e:	3840      	subs	r0, #64	@ 0x40
10004490:	601a      	str	r2, [r3, #0]
10004492:	bd10      	pop	{r4, pc}
10004494:	100043f5 	.word	0x100043f5

10004498 <vPortYield>:
10004498:	2280      	movs	r2, #128	@ 0x80
1000449a:	4b04      	ldr	r3, [pc, #16]	@ (100044ac <vPortYield+0x14>)
1000449c:	0552      	lsls	r2, r2, #21
1000449e:	601a      	str	r2, [r3, #0]
100044a0:	f3bf 8f4f 	dsb	sy
100044a4:	f3bf 8f6f 	isb	sy
100044a8:	4770      	bx	lr
100044aa:	46c0      	nop			@ (mov r8, r8)
100044ac:	e000ed04 	.word	0xe000ed04

100044b0 <vPortEnterCritical>:
100044b0:	b672      	cpsid	i
100044b2:	4a04      	ldr	r2, [pc, #16]	@ (100044c4 <vPortEnterCritical+0x14>)
100044b4:	6813      	ldr	r3, [r2, #0]
100044b6:	3301      	adds	r3, #1
100044b8:	6013      	str	r3, [r2, #0]
100044ba:	f3bf 8f4f 	dsb	sy
100044be:	f3bf 8f6f 	isb	sy
100044c2:	4770      	bx	lr
100044c4:	200223c0 	.word	0x200223c0

100044c8 <vPortExitCritical>:
100044c8:	4a03      	ldr	r2, [pc, #12]	@ (100044d8 <vPortExitCritical+0x10>)
100044ca:	6813      	ldr	r3, [r2, #0]
100044cc:	3b01      	subs	r3, #1
100044ce:	6013      	str	r3, [r2, #0]
100044d0:	2b00      	cmp	r3, #0
100044d2:	d100      	bne.n	100044d6 <vPortExitCritical+0xe>
100044d4:	b662      	cpsie	i
100044d6:	4770      	bx	lr
100044d8:	200223c0 	.word	0x200223c0

100044dc <ulSetInterruptMaskFromISR>:
100044dc:	f3ef 8010 	mrs	r0, PRIMASK
100044e0:	b672      	cpsid	i
100044e2:	4770      	bx	lr

100044e4 <vClearInterruptMaskFromISR>:
100044e4:	f380 8810 	msr	PRIMASK, r0
100044e8:	4770      	bx	lr
100044ea:	46c0      	nop			@ (mov r8, r8)

100044ec <xPortSysTickHandler>:
100044ec:	b510      	push	{r4, lr}
100044ee:	f7ff fff5 	bl	100044dc <ulSetInterruptMaskFromISR>
100044f2:	0004      	movs	r4, r0
100044f4:	f001 fb46 	bl	10005b84 <xTaskIncrementTick>
100044f8:	2800      	cmp	r0, #0
100044fa:	d003      	beq.n	10004504 <xPortSysTickHandler+0x18>
100044fc:	2280      	movs	r2, #128	@ 0x80
100044fe:	4b03      	ldr	r3, [pc, #12]	@ (1000450c <xPortSysTickHandler+0x20>)
10004500:	0552      	lsls	r2, r2, #21
10004502:	601a      	str	r2, [r3, #0]
10004504:	0020      	movs	r0, r4
10004506:	f7ff ffed 	bl	100044e4 <vClearInterruptMaskFromISR>
1000450a:	bd10      	pop	{r4, pc}
1000450c:	e000ed04 	.word	0xe000ed04

10004510 <vPortSetupTimerInterrupt>:
10004510:	2300      	movs	r3, #0
10004512:	b510      	push	{r4, lr}
10004514:	4a08      	ldr	r2, [pc, #32]	@ (10004538 <vPortSetupTimerInterrupt+0x28>)
10004516:	4c09      	ldr	r4, [pc, #36]	@ (1000453c <vPortSetupTimerInterrupt+0x2c>)
10004518:	2005      	movs	r0, #5
1000451a:	6023      	str	r3, [r4, #0]
1000451c:	6013      	str	r3, [r2, #0]
1000451e:	f7fd f9ef 	bl	10001900 <clock_get_hz>
10004522:	21fa      	movs	r1, #250	@ 0xfa
10004524:	0089      	lsls	r1, r1, #2
10004526:	f7fd fbfb 	bl	10001d20 <__wrap___aeabi_uidiv>
1000452a:	4b05      	ldr	r3, [pc, #20]	@ (10004540 <vPortSetupTimerInterrupt+0x30>)
1000452c:	3801      	subs	r0, #1
1000452e:	6018      	str	r0, [r3, #0]
10004530:	2307      	movs	r3, #7
10004532:	6023      	str	r3, [r4, #0]
10004534:	bd10      	pop	{r4, pc}
10004536:	46c0      	nop			@ (mov r8, r8)
10004538:	e000e018 	.word	0xe000e018
1000453c:	e000e010 	.word	0xe000e010
10004540:	e000e014 	.word	0xe000e014

10004544 <xPortStartScheduler>:
10004544:	22ff      	movs	r2, #255	@ 0xff
10004546:	4b1f      	ldr	r3, [pc, #124]	@ (100045c4 <xPortStartScheduler+0x80>)
10004548:	0412      	lsls	r2, r2, #16
1000454a:	6819      	ldr	r1, [r3, #0]
1000454c:	b510      	push	{r4, lr}
1000454e:	430a      	orrs	r2, r1
10004550:	601a      	str	r2, [r3, #0]
10004552:	22ff      	movs	r2, #255	@ 0xff
10004554:	6819      	ldr	r1, [r3, #0]
10004556:	0612      	lsls	r2, r2, #24
10004558:	430a      	orrs	r2, r1
1000455a:	601a      	str	r2, [r3, #0]
1000455c:	491a      	ldr	r1, [pc, #104]	@ (100045c8 <xPortStartScheduler+0x84>)
1000455e:	200e      	movs	r0, #14
10004560:	f002 f892 	bl	10006688 <exception_set_exclusive_handler>
10004564:	4919      	ldr	r1, [pc, #100]	@ (100045cc <xPortStartScheduler+0x88>)
10004566:	200f      	movs	r0, #15
10004568:	f002 f88e 	bl	10006688 <exception_set_exclusive_handler>
1000456c:	4918      	ldr	r1, [pc, #96]	@ (100045d0 <xPortStartScheduler+0x8c>)
1000456e:	200b      	movs	r0, #11
10004570:	f002 f88a 	bl	10006688 <exception_set_exclusive_handler>
10004574:	f7ff ffcc 	bl	10004510 <vPortSetupTimerInterrupt>
10004578:	2200      	movs	r2, #0
1000457a:	4b16      	ldr	r3, [pc, #88]	@ (100045d4 <xPortStartScheduler+0x90>)
1000457c:	601a      	str	r2, [r3, #0]
1000457e:	23d0      	movs	r3, #208	@ 0xd0
10004580:	061b      	lsls	r3, r3, #24
10004582:	4a15      	ldr	r2, [pc, #84]	@ (100045d8 <xPortStartScheduler+0x94>)
10004584:	681c      	ldr	r4, [r3, #0]
10004586:	7014      	strb	r4, [r2, #0]
10004588:	22ff      	movs	r2, #255	@ 0xff
1000458a:	651a      	str	r2, [r3, #80]	@ 0x50
1000458c:	6d1a      	ldr	r2, [r3, #80]	@ 0x50
1000458e:	07d2      	lsls	r2, r2, #31
10004590:	d504      	bpl.n	1000459c <xPortStartScheduler+0x58>
10004592:	2101      	movs	r1, #1
10004594:	6d9a      	ldr	r2, [r3, #88]	@ 0x58
10004596:	6d1a      	ldr	r2, [r3, #80]	@ 0x50
10004598:	4211      	tst	r1, r2
1000459a:	d1fb      	bne.n	10004594 <xPortStartScheduler+0x50>
1000459c:	340f      	adds	r4, #15
1000459e:	21ff      	movs	r1, #255	@ 0xff
100045a0:	0020      	movs	r0, r4
100045a2:	f7fc fb87 	bl	10000cb4 <irq_set_priority>
100045a6:	0020      	movs	r0, r4
100045a8:	490c      	ldr	r1, [pc, #48]	@ (100045dc <xPortStartScheduler+0x98>)
100045aa:	f7fc f975 	bl	10000898 <irq_set_exclusive_handler>
100045ae:	2101      	movs	r1, #1
100045b0:	0020      	movs	r0, r4
100045b2:	f7fc f939 	bl	10000828 <irq_set_enabled>
100045b6:	f7ff fecb 	bl	10004350 <vPortStartFirstTask>
100045ba:	f001 faf5 	bl	10005ba8 <vTaskSwitchContext>
100045be:	f7fc f87f 	bl	100006c0 <panic_unsupported>
100045c2:	46c0      	nop			@ (mov r8, r8)
100045c4:	e000ed20 	.word	0xe000ed20
100045c8:	10004391 	.word	0x10004391
100045cc:	100044ed 	.word	0x100044ed
100045d0:	10004475 	.word	0x10004475
100045d4:	200223c0 	.word	0x200223c0
100045d8:	20000ff8 	.word	0x20000ff8
100045dc:	100043fd 	.word	0x100043fd

100045e0 <ulPortLockGetCurrentOwnerId>:
100045e0:	23d0      	movs	r3, #208	@ 0xd0
100045e2:	b510      	push	{r4, lr}
100045e4:	061b      	lsls	r3, r3, #24
100045e6:	6818      	ldr	r0, [r3, #0]
100045e8:	4b07      	ldr	r3, [pc, #28]	@ (10004608 <ulPortLockGetCurrentOwnerId+0x28>)
100045ea:	781b      	ldrb	r3, [r3, #0]
100045ec:	4283      	cmp	r3, r0
100045ee:	d000      	beq.n	100045f2 <ulPortLockGetCurrentOwnerId+0x12>
100045f0:	bd10      	pop	{r4, pc}
100045f2:	f3ef 8305 	mrs	r3, IPSR
100045f6:	2b00      	cmp	r3, #0
100045f8:	d002      	beq.n	10004600 <ulPortLockGetCurrentOwnerId+0x20>
100045fa:	005b      	lsls	r3, r3, #1
100045fc:	18c0      	adds	r0, r0, r3
100045fe:	e7f7      	b.n	100045f0 <ulPortLockGetCurrentOwnerId+0x10>
10004600:	f001 fd38 	bl	10006074 <xTaskGetCurrentTaskHandle>
10004604:	e7f4      	b.n	100045f0 <ulPortLockGetCurrentOwnerId+0x10>
10004606:	46c0      	nop			@ (mov r8, r8)
10004608:	20000ff8 	.word	0x20000ff8

1000460c <vPortLockInternalSpinUnlockWithNotify>:
1000460c:	000a      	movs	r2, r1
1000460e:	492c      	ldr	r1, [pc, #176]	@ (100046c0 <vPortLockInternalSpinUnlockWithNotify+0xb4>)
10004610:	b530      	push	{r4, r5, lr}
10004612:	468c      	mov	ip, r1
10004614:	6803      	ldr	r3, [r0, #0]
10004616:	b083      	sub	sp, #12
10004618:	4463      	add	r3, ip
1000461a:	109c      	asrs	r4, r3, #2
1000461c:	2b5c      	cmp	r3, #92	@ 0x5c
1000461e:	d900      	bls.n	10004622 <vPortLockInternalSpinUnlockWithNotify+0x16>
10004620:	3c18      	subs	r4, #24
10004622:	2101      	movs	r1, #1
10004624:	4b27      	ldr	r3, [pc, #156]	@ (100046c4 <vPortLockInternalSpinUnlockWithNotify+0xb8>)
10004626:	40a1      	lsls	r1, r4
10004628:	781c      	ldrb	r4, [r3, #0]
1000462a:	23d0      	movs	r3, #208	@ 0xd0
1000462c:	061b      	lsls	r3, r3, #24
1000462e:	681b      	ldr	r3, [r3, #0]
10004630:	429c      	cmp	r4, r3
10004632:	d01f      	beq.n	10004674 <vPortLockInternalSpinUnlockWithNotify+0x68>
10004634:	bf40      	sev
10004636:	4d24      	ldr	r5, [pc, #144]	@ (100046c8 <vPortLockInternalSpinUnlockWithNotify+0xbc>)
10004638:	6803      	ldr	r3, [r0, #0]
1000463a:	682c      	ldr	r4, [r5, #0]
1000463c:	42a3      	cmp	r3, r4
1000463e:	d034      	beq.n	100046aa <vPortLockInternalSpinUnlockWithNotify+0x9e>
10004640:	6823      	ldr	r3, [r4, #0]
10004642:	2b00      	cmp	r3, #0
10004644:	d0fc      	beq.n	10004640 <vPortLockInternalSpinUnlockWithNotify+0x34>
10004646:	f3bf 8f5f 	dmb	sy
1000464a:	4c20      	ldr	r4, [pc, #128]	@ (100046cc <vPortLockInternalSpinUnlockWithNotify+0xc0>)
1000464c:	6823      	ldr	r3, [r4, #0]
1000464e:	430b      	orrs	r3, r1
10004650:	6023      	str	r3, [r4, #0]
10004652:	682b      	ldr	r3, [r5, #0]
10004654:	f3bf 8f5f 	dmb	sy
10004658:	2100      	movs	r1, #0
1000465a:	6019      	str	r1, [r3, #0]
1000465c:	6803      	ldr	r3, [r0, #0]
1000465e:	20d0      	movs	r0, #208	@ 0xd0
10004660:	2100      	movs	r1, #0
10004662:	0600      	lsls	r0, r0, #24
10004664:	6541      	str	r1, [r0, #84]	@ 0x54
10004666:	f3bf 8f5f 	dmb	sy
1000466a:	6019      	str	r1, [r3, #0]
1000466c:	f382 8810 	msr	PRIMASK, r2
10004670:	b003      	add	sp, #12
10004672:	bd30      	pop	{r4, r5, pc}
10004674:	bf40      	sev
10004676:	6803      	ldr	r3, [r0, #0]
10004678:	f3bf 8f5f 	dmb	sy
1000467c:	2000      	movs	r0, #0
1000467e:	6018      	str	r0, [r3, #0]
10004680:	f382 8810 	msr	PRIMASK, r2
10004684:	f3ef 8305 	mrs	r3, IPSR
10004688:	b2db      	uxtb	r3, r3
1000468a:	2b00      	cmp	r3, #0
1000468c:	d012      	beq.n	100046b4 <vPortLockInternalSpinUnlockWithNotify+0xa8>
1000468e:	4b10      	ldr	r3, [pc, #64]	@ (100046d0 <vPortLockInternalSpinUnlockWithNotify+0xc4>)
10004690:	9001      	str	r0, [sp, #4]
10004692:	aa01      	add	r2, sp, #4
10004694:	6818      	ldr	r0, [r3, #0]
10004696:	f000 f9af 	bl	100049f8 <xEventGroupSetBitsFromISR>
1000469a:	9b01      	ldr	r3, [sp, #4]
1000469c:	2b00      	cmp	r3, #0
1000469e:	d0e7      	beq.n	10004670 <vPortLockInternalSpinUnlockWithNotify+0x64>
100046a0:	2280      	movs	r2, #128	@ 0x80
100046a2:	4b0c      	ldr	r3, [pc, #48]	@ (100046d4 <vPortLockInternalSpinUnlockWithNotify+0xc8>)
100046a4:	0552      	lsls	r2, r2, #21
100046a6:	601a      	str	r2, [r3, #0]
100046a8:	e7e2      	b.n	10004670 <vPortLockInternalSpinUnlockWithNotify+0x64>
100046aa:	4c08      	ldr	r4, [pc, #32]	@ (100046cc <vPortLockInternalSpinUnlockWithNotify+0xc0>)
100046ac:	6820      	ldr	r0, [r4, #0]
100046ae:	4308      	orrs	r0, r1
100046b0:	6020      	str	r0, [r4, #0]
100046b2:	e7d4      	b.n	1000465e <vPortLockInternalSpinUnlockWithNotify+0x52>
100046b4:	4b06      	ldr	r3, [pc, #24]	@ (100046d0 <vPortLockInternalSpinUnlockWithNotify+0xc4>)
100046b6:	6818      	ldr	r0, [r3, #0]
100046b8:	f000 f950 	bl	1000495c <xEventGroupSetBits>
100046bc:	e7d8      	b.n	10004670 <vPortLockInternalSpinUnlockWithNotify+0x64>
100046be:	46c0      	nop			@ (mov r8, r8)
100046c0:	2fffff00 	.word	0x2fffff00
100046c4:	20000ff8 	.word	0x20000ff8
100046c8:	20001ff0 	.word	0x20001ff0
100046cc:	200223c4 	.word	0x200223c4
100046d0:	2002242c 	.word	0x2002242c
100046d4:	e000ed04 	.word	0xe000ed04

100046d8 <xPortLockInternalSpinUnlockWithBestEffortWaitOrTimeout>:
100046d8:	b5f0      	push	{r4, r5, r6, r7, lr}
100046da:	46ce      	mov	lr, r9
100046dc:	4647      	mov	r7, r8
100046de:	b580      	push	{r7, lr}
100046e0:	001d      	movs	r5, r3
100046e2:	4b36      	ldr	r3, [pc, #216]	@ (100047bc <xPortLockInternalSpinUnlockWithBestEffortWaitOrTimeout+0xe4>)
100046e4:	0014      	movs	r4, r2
100046e6:	781a      	ldrb	r2, [r3, #0]
100046e8:	23d0      	movs	r3, #208	@ 0xd0
100046ea:	061b      	lsls	r3, r3, #24
100046ec:	681b      	ldr	r3, [r3, #0]
100046ee:	4680      	mov	r8, r0
100046f0:	4689      	mov	r9, r1
100046f2:	b083      	sub	sp, #12
100046f4:	429a      	cmp	r2, r3
100046f6:	d00f      	beq.n	10004718 <xPortLockInternalSpinUnlockWithBestEffortWaitOrTimeout+0x40>
100046f8:	6803      	ldr	r3, [r0, #0]
100046fa:	f3bf 8f5f 	dmb	sy
100046fe:	2200      	movs	r2, #0
10004700:	601a      	str	r2, [r3, #0]
10004702:	f381 8810 	msr	PRIMASK, r1
10004706:	0020      	movs	r0, r4
10004708:	0029      	movs	r1, r5
1000470a:	f7fc feaf 	bl	1000146c <best_effort_wfe_or_timeout>
1000470e:	b003      	add	sp, #12
10004710:	bcc0      	pop	{r6, r7}
10004712:	46b9      	mov	r9, r7
10004714:	46b0      	mov	r8, r6
10004716:	bdf0      	pop	{r4, r5, r6, r7, pc}
10004718:	f7fc ff36 	bl	10001588 <time_us_64>
1000471c:	0026      	movs	r6, r4
1000471e:	002f      	movs	r7, r5
10004720:	2301      	movs	r3, #1
10004722:	1a36      	subs	r6, r6, r0
10004724:	418f      	sbcs	r7, r1
10004726:	4a26      	ldr	r2, [pc, #152]	@ (100047c0 <xPortLockInternalSpinUnlockWithBestEffortWaitOrTimeout+0xe8>)
10004728:	425b      	negs	r3, r3
1000472a:	18b6      	adds	r6, r6, r2
1000472c:	415f      	adcs	r7, r3
1000472e:	2f00      	cmp	r7, #0
10004730:	dc20      	bgt.n	10004774 <xPortLockInternalSpinUnlockWithBestEffortWaitOrTimeout+0x9c>
10004732:	d01b      	beq.n	1000476c <xPortLockInternalSpinUnlockWithBestEffortWaitOrTimeout+0x94>
10004734:	4643      	mov	r3, r8
10004736:	681b      	ldr	r3, [r3, #0]
10004738:	f3bf 8f5f 	dmb	sy
1000473c:	2200      	movs	r2, #0
1000473e:	601a      	str	r2, [r3, #0]
10004740:	f389 8810 	msr	PRIMASK, r9
10004744:	4b1f      	ldr	r3, [pc, #124]	@ (100047c4 <xPortLockInternalSpinUnlockWithBestEffortWaitOrTimeout+0xec>)
10004746:	6a5a      	ldr	r2, [r3, #36]	@ 0x24
10004748:	4295      	cmp	r5, r2
1000474a:	d805      	bhi.n	10004758 <xPortLockInternalSpinUnlockWithBestEffortWaitOrTimeout+0x80>
1000474c:	6a9b      	ldr	r3, [r3, #40]	@ 0x28
1000474e:	2001      	movs	r0, #1
10004750:	42a3      	cmp	r3, r4
10004752:	d2dc      	bcs.n	1000470e <xPortLockInternalSpinUnlockWithBestEffortWaitOrTimeout+0x36>
10004754:	4295      	cmp	r5, r2
10004756:	d1da      	bne.n	1000470e <xPortLockInternalSpinUnlockWithBestEffortWaitOrTimeout+0x36>
10004758:	2280      	movs	r2, #128	@ 0x80
1000475a:	4b1b      	ldr	r3, [pc, #108]	@ (100047c8 <xPortLockInternalSpinUnlockWithBestEffortWaitOrTimeout+0xf0>)
1000475c:	0552      	lsls	r2, r2, #21
1000475e:	601a      	str	r2, [r3, #0]
10004760:	f3bf 8f4f 	dsb	sy
10004764:	f3bf 8f6f 	isb	sy
10004768:	2000      	movs	r0, #0
1000476a:	e7d0      	b.n	1000470e <xPortLockInternalSpinUnlockWithBestEffortWaitOrTimeout+0x36>
1000476c:	23fa      	movs	r3, #250	@ 0xfa
1000476e:	009b      	lsls	r3, r3, #2
10004770:	429e      	cmp	r6, r3
10004772:	d3df      	bcc.n	10004734 <xPortLockInternalSpinUnlockWithBestEffortWaitOrTimeout+0x5c>
10004774:	22fa      	movs	r2, #250	@ 0xfa
10004776:	2300      	movs	r3, #0
10004778:	0030      	movs	r0, r6
1000477a:	0039      	movs	r1, r7
1000477c:	0092      	lsls	r2, r2, #2
1000477e:	f7fd faf5 	bl	10001d6c <__wrap___aeabi_ldivmod>
10004782:	1e03      	subs	r3, r0, #0
10004784:	d0d6      	beq.n	10004734 <xPortLockInternalSpinUnlockWithBestEffortWaitOrTimeout+0x5c>
10004786:	4642      	mov	r2, r8
10004788:	6812      	ldr	r2, [r2, #0]
1000478a:	f3bf 8f5f 	dmb	sy
1000478e:	2100      	movs	r1, #0
10004790:	6011      	str	r1, [r2, #0]
10004792:	f389 8810 	msr	PRIMASK, r9
10004796:	4a0d      	ldr	r2, [pc, #52]	@ (100047cc <xPortLockInternalSpinUnlockWithBestEffortWaitOrTimeout+0xf4>)
10004798:	490d      	ldr	r1, [pc, #52]	@ (100047d0 <xPortLockInternalSpinUnlockWithBestEffortWaitOrTimeout+0xf8>)
1000479a:	6810      	ldr	r0, [r2, #0]
1000479c:	4642      	mov	r2, r8
1000479e:	468c      	mov	ip, r1
100047a0:	6812      	ldr	r2, [r2, #0]
100047a2:	4462      	add	r2, ip
100047a4:	1096      	asrs	r6, r2, #2
100047a6:	2a5c      	cmp	r2, #92	@ 0x5c
100047a8:	d900      	bls.n	100047ac <xPortLockInternalSpinUnlockWithBestEffortWaitOrTimeout+0xd4>
100047aa:	3e18      	subs	r6, #24
100047ac:	2101      	movs	r1, #1
100047ae:	9300      	str	r3, [sp, #0]
100047b0:	40b1      	lsls	r1, r6
100047b2:	2300      	movs	r3, #0
100047b4:	2201      	movs	r2, #1
100047b6:	f000 f875 	bl	100048a4 <xEventGroupWaitBits>
100047ba:	e7c3      	b.n	10004744 <xPortLockInternalSpinUnlockWithBestEffortWaitOrTimeout+0x6c>
100047bc:	20000ff8 	.word	0x20000ff8
100047c0:	fffffc18 	.word	0xfffffc18
100047c4:	40054000 	.word	0x40054000
100047c8:	e000ed04 	.word	0xe000ed04
100047cc:	2002242c 	.word	0x2002242c
100047d0:	2fffff00 	.word	0x2fffff00

100047d4 <prvRuntimeInitializer>:
100047d4:	b510      	push	{r4, lr}
100047d6:	f7fb ffe9 	bl	100007ac <next_striped_spin_lock_num>
100047da:	4a05      	ldr	r2, [pc, #20]	@ (100047f0 <prvRuntimeInitializer+0x1c>)
100047dc:	4b05      	ldr	r3, [pc, #20]	@ (100047f4 <prvRuntimeInitializer+0x20>)
100047de:	4694      	mov	ip, r2
100047e0:	4460      	add	r0, ip
100047e2:	0080      	lsls	r0, r0, #2
100047e4:	6018      	str	r0, [r3, #0]
100047e6:	f000 f851 	bl	1000488c <xEventGroupCreate>
100047ea:	4b03      	ldr	r3, [pc, #12]	@ (100047f8 <prvRuntimeInitializer+0x24>)
100047ec:	6018      	str	r0, [r3, #0]
100047ee:	bd10      	pop	{r4, pc}
100047f0:	34000040 	.word	0x34000040
100047f4:	20001ff0 	.word	0x20001ff0
100047f8:	2002242c 	.word	0x2002242c

100047fc <vEventGroupSetBitsCallback>:
100047fc:	b5f8      	push	{r3, r4, r5, r6, r7, lr}
100047fe:	46de      	mov	lr, fp
10004800:	4657      	mov	r7, sl
10004802:	464e      	mov	r6, r9
10004804:	4645      	mov	r5, r8
10004806:	b5e0      	push	{r5, r6, r7, lr}
10004808:	0005      	movs	r5, r0
1000480a:	000f      	movs	r7, r1
1000480c:	0006      	movs	r6, r0
1000480e:	f001 f89f 	bl	10005950 <vTaskSuspendAll>
10004812:	6829      	ldr	r1, [r5, #0]
10004814:	692c      	ldr	r4, [r5, #16]
10004816:	4339      	orrs	r1, r7
10004818:	360c      	adds	r6, #12
1000481a:	6029      	str	r1, [r5, #0]
1000481c:	42a6      	cmp	r6, r4
1000481e:	d02c      	beq.n	1000487a <vEventGroupSetBitsCallback+0x7e>
10004820:	2300      	movs	r3, #0
10004822:	4698      	mov	r8, r3
10004824:	2380      	movs	r3, #128	@ 0x80
10004826:	04db      	lsls	r3, r3, #19
10004828:	469b      	mov	fp, r3
1000482a:	2380      	movs	r3, #128	@ 0x80
1000482c:	045b      	lsls	r3, r3, #17
1000482e:	469a      	mov	sl, r3
10004830:	2380      	movs	r3, #128	@ 0x80
10004832:	049b      	lsls	r3, r3, #18
10004834:	4699      	mov	r9, r3
10004836:	e00f      	b.n	10004858 <vEventGroupSetBitsCallback+0x5c>
10004838:	4667      	mov	r7, ip
1000483a:	2f00      	cmp	r7, #0
1000483c:	d00a      	beq.n	10004854 <vEventGroupSetBitsCallback+0x58>
1000483e:	4657      	mov	r7, sl
10004840:	423a      	tst	r2, r7
10004842:	d002      	beq.n	1000484a <vEventGroupSetBitsCallback+0x4e>
10004844:	4642      	mov	r2, r8
10004846:	431a      	orrs	r2, r3
10004848:	4690      	mov	r8, r2
1000484a:	464b      	mov	r3, r9
1000484c:	4319      	orrs	r1, r3
1000484e:	f001 fb7b 	bl	10005f48 <vTaskRemoveFromUnorderedEventList>
10004852:	6829      	ldr	r1, [r5, #0]
10004854:	42a6      	cmp	r6, r4
10004856:	d00e      	beq.n	10004876 <vEventGroupSetBitsCallback+0x7a>
10004858:	0020      	movs	r0, r4
1000485a:	000f      	movs	r7, r1
1000485c:	6802      	ldr	r2, [r0, #0]
1000485e:	6864      	ldr	r4, [r4, #4]
10004860:	0213      	lsls	r3, r2, #8
10004862:	0a1b      	lsrs	r3, r3, #8
10004864:	401f      	ands	r7, r3
10004866:	46bc      	mov	ip, r7
10004868:	465f      	mov	r7, fp
1000486a:	423a      	tst	r2, r7
1000486c:	d0e4      	beq.n	10004838 <vEventGroupSetBitsCallback+0x3c>
1000486e:	4563      	cmp	r3, ip
10004870:	d0e5      	beq.n	1000483e <vEventGroupSetBitsCallback+0x42>
10004872:	42a6      	cmp	r6, r4
10004874:	d1f0      	bne.n	10004858 <vEventGroupSetBitsCallback+0x5c>
10004876:	4643      	mov	r3, r8
10004878:	4399      	bics	r1, r3
1000487a:	6029      	str	r1, [r5, #0]
1000487c:	f001 f870 	bl	10005960 <xTaskResumeAll>
10004880:	bcf0      	pop	{r4, r5, r6, r7}
10004882:	46bb      	mov	fp, r7
10004884:	46b2      	mov	sl, r6
10004886:	46a9      	mov	r9, r5
10004888:	46a0      	mov	r8, r4
1000488a:	bdf8      	pop	{r3, r4, r5, r6, r7, pc}

1000488c <xEventGroupCreate>:
1000488c:	b510      	push	{r4, lr}
1000488e:	201c      	movs	r0, #28
10004890:	f001 ff1e 	bl	100066d0 <pvPortMalloc>
10004894:	1e04      	subs	r4, r0, #0
10004896:	d003      	beq.n	100048a0 <xEventGroupCreate+0x14>
10004898:	2300      	movs	r3, #0
1000489a:	c008      	stmia	r0!, {r3}
1000489c:	f000 f8b8 	bl	10004a10 <vListInitialise>
100048a0:	0020      	movs	r0, r4
100048a2:	bd10      	pop	{r4, pc}

100048a4 <xEventGroupWaitBits>:
100048a4:	b5f0      	push	{r4, r5, r6, r7, lr}
100048a6:	46c6      	mov	lr, r8
100048a8:	0006      	movs	r6, r0
100048aa:	b500      	push	{lr}
100048ac:	000d      	movs	r5, r1
100048ae:	4690      	mov	r8, r2
100048b0:	001f      	movs	r7, r3
100048b2:	f001 f84d 	bl	10005950 <vTaskSuspendAll>
100048b6:	6834      	ldr	r4, [r6, #0]
100048b8:	2f00      	cmp	r7, #0
100048ba:	d113      	bne.n	100048e4 <xEventGroupWaitBits+0x40>
100048bc:	4225      	tst	r5, r4
100048be:	d00b      	beq.n	100048d8 <xEventGroupWaitBits+0x34>
100048c0:	4643      	mov	r3, r8
100048c2:	2b00      	cmp	r3, #0
100048c4:	d00b      	beq.n	100048de <xEventGroupWaitBits+0x3a>
100048c6:	0023      	movs	r3, r4
100048c8:	43ab      	bics	r3, r5
100048ca:	6033      	str	r3, [r6, #0]
100048cc:	f001 f848 	bl	10005960 <xTaskResumeAll>
100048d0:	0020      	movs	r0, r4
100048d2:	bc80      	pop	{r7}
100048d4:	46b8      	mov	r8, r7
100048d6:	bdf0      	pop	{r4, r5, r6, r7, pc}
100048d8:	9b06      	ldr	r3, [sp, #24]
100048da:	2b00      	cmp	r3, #0
100048dc:	d121      	bne.n	10004922 <xEventGroupWaitBits+0x7e>
100048de:	f001 f83f 	bl	10005960 <xTaskResumeAll>
100048e2:	e7f5      	b.n	100048d0 <xEventGroupWaitBits+0x2c>
100048e4:	002b      	movs	r3, r5
100048e6:	4023      	ands	r3, r4
100048e8:	429d      	cmp	r5, r3
100048ea:	d0e9      	beq.n	100048c0 <xEventGroupWaitBits+0x1c>
100048ec:	9b06      	ldr	r3, [sp, #24]
100048ee:	2b00      	cmp	r3, #0
100048f0:	d0f5      	beq.n	100048de <xEventGroupWaitBits+0x3a>
100048f2:	4643      	mov	r3, r8
100048f4:	2180      	movs	r1, #128	@ 0x80
100048f6:	1e5a      	subs	r2, r3, #1
100048f8:	4193      	sbcs	r3, r2
100048fa:	04c9      	lsls	r1, r1, #19
100048fc:	061b      	lsls	r3, r3, #24
100048fe:	4319      	orrs	r1, r3
10004900:	9a06      	ldr	r2, [sp, #24]
10004902:	4329      	orrs	r1, r5
10004904:	1d30      	adds	r0, r6, #4
10004906:	f001 f9dd 	bl	10005cc4 <vTaskPlaceOnUnorderedEventList>
1000490a:	f001 f829 	bl	10005960 <xTaskResumeAll>
1000490e:	2800      	cmp	r0, #0
10004910:	d01c      	beq.n	1000494c <xEventGroupWaitBits+0xa8>
10004912:	f001 fc6f 	bl	100061f4 <uxTaskResetEventItemValue>
10004916:	0004      	movs	r4, r0
10004918:	0183      	lsls	r3, r0, #6
1000491a:	d507      	bpl.n	1000492c <xEventGroupWaitBits+0x88>
1000491c:	0224      	lsls	r4, r4, #8
1000491e:	0a24      	lsrs	r4, r4, #8
10004920:	e7d6      	b.n	100048d0 <xEventGroupWaitBits+0x2c>
10004922:	4641      	mov	r1, r8
10004924:	1e4b      	subs	r3, r1, #1
10004926:	4199      	sbcs	r1, r3
10004928:	0609      	lsls	r1, r1, #24
1000492a:	e7e9      	b.n	10004900 <xEventGroupWaitBits+0x5c>
1000492c:	f7ff fdc0 	bl	100044b0 <vPortEnterCritical>
10004930:	6834      	ldr	r4, [r6, #0]
10004932:	2f00      	cmp	r7, #0
10004934:	d10d      	bne.n	10004952 <xEventGroupWaitBits+0xae>
10004936:	422c      	tst	r4, r5
10004938:	d005      	beq.n	10004946 <xEventGroupWaitBits+0xa2>
1000493a:	4643      	mov	r3, r8
1000493c:	2b00      	cmp	r3, #0
1000493e:	d002      	beq.n	10004946 <xEventGroupWaitBits+0xa2>
10004940:	0023      	movs	r3, r4
10004942:	43ab      	bics	r3, r5
10004944:	6033      	str	r3, [r6, #0]
10004946:	f7ff fdbf 	bl	100044c8 <vPortExitCritical>
1000494a:	e7e7      	b.n	1000491c <xEventGroupWaitBits+0x78>
1000494c:	f7ff fda4 	bl	10004498 <vPortYield>
10004950:	e7df      	b.n	10004912 <xEventGroupWaitBits+0x6e>
10004952:	0023      	movs	r3, r4
10004954:	402b      	ands	r3, r5
10004956:	429d      	cmp	r5, r3
10004958:	d1f5      	bne.n	10004946 <xEventGroupWaitBits+0xa2>
1000495a:	e7ee      	b.n	1000493a <xEventGroupWaitBits+0x96>

1000495c <xEventGroupSetBits>:
1000495c:	b5f0      	push	{r4, r5, r6, r7, lr}
1000495e:	46de      	mov	lr, fp
10004960:	4657      	mov	r7, sl
10004962:	464e      	mov	r6, r9
10004964:	4645      	mov	r5, r8
10004966:	0004      	movs	r4, r0
10004968:	b5e0      	push	{r5, r6, r7, lr}
1000496a:	b083      	sub	sp, #12
1000496c:	000d      	movs	r5, r1
1000496e:	0006      	movs	r6, r0
10004970:	9001      	str	r0, [sp, #4]
10004972:	f000 ffed 	bl	10005950 <vTaskSuspendAll>
10004976:	0022      	movs	r2, r4
10004978:	6813      	ldr	r3, [r2, #0]
1000497a:	6924      	ldr	r4, [r4, #16]
1000497c:	360c      	adds	r6, #12
1000497e:	431d      	orrs	r5, r3
10004980:	0037      	movs	r7, r6
10004982:	6015      	str	r5, [r2, #0]
10004984:	42a6      	cmp	r6, r4
10004986:	d02b      	beq.n	100049e0 <xEventGroupSetBits+0x84>
10004988:	2300      	movs	r3, #0
1000498a:	4699      	mov	r9, r3
1000498c:	2380      	movs	r3, #128	@ 0x80
1000498e:	04db      	lsls	r3, r3, #19
10004990:	4698      	mov	r8, r3
10004992:	2380      	movs	r3, #128	@ 0x80
10004994:	045b      	lsls	r3, r3, #17
10004996:	469b      	mov	fp, r3
10004998:	2380      	movs	r3, #128	@ 0x80
1000499a:	049b      	lsls	r3, r3, #18
1000499c:	469a      	mov	sl, r3
1000499e:	e00f      	b.n	100049c0 <xEventGroupSetBits+0x64>
100049a0:	2900      	cmp	r1, #0
100049a2:	d00b      	beq.n	100049bc <xEventGroupSetBits+0x60>
100049a4:	4659      	mov	r1, fp
100049a6:	420a      	tst	r2, r1
100049a8:	d002      	beq.n	100049b0 <xEventGroupSetBits+0x54>
100049aa:	464a      	mov	r2, r9
100049ac:	431a      	orrs	r2, r3
100049ae:	4691      	mov	r9, r2
100049b0:	4651      	mov	r1, sl
100049b2:	4329      	orrs	r1, r5
100049b4:	f001 fac8 	bl	10005f48 <vTaskRemoveFromUnorderedEventList>
100049b8:	9b01      	ldr	r3, [sp, #4]
100049ba:	681d      	ldr	r5, [r3, #0]
100049bc:	42a7      	cmp	r7, r4
100049be:	d00d      	beq.n	100049dc <xEventGroupSetBits+0x80>
100049c0:	0020      	movs	r0, r4
100049c2:	0029      	movs	r1, r5
100049c4:	4646      	mov	r6, r8
100049c6:	6802      	ldr	r2, [r0, #0]
100049c8:	6864      	ldr	r4, [r4, #4]
100049ca:	0213      	lsls	r3, r2, #8
100049cc:	0a1b      	lsrs	r3, r3, #8
100049ce:	4019      	ands	r1, r3
100049d0:	4232      	tst	r2, r6
100049d2:	d0e5      	beq.n	100049a0 <xEventGroupSetBits+0x44>
100049d4:	428b      	cmp	r3, r1
100049d6:	d0e5      	beq.n	100049a4 <xEventGroupSetBits+0x48>
100049d8:	42a7      	cmp	r7, r4
100049da:	d1f1      	bne.n	100049c0 <xEventGroupSetBits+0x64>
100049dc:	464b      	mov	r3, r9
100049de:	439d      	bics	r5, r3
100049e0:	9b01      	ldr	r3, [sp, #4]
100049e2:	601d      	str	r5, [r3, #0]
100049e4:	f000 ffbc 	bl	10005960 <xTaskResumeAll>
100049e8:	0028      	movs	r0, r5
100049ea:	b003      	add	sp, #12
100049ec:	bcf0      	pop	{r4, r5, r6, r7}
100049ee:	46bb      	mov	fp, r7
100049f0:	46b2      	mov	sl, r6
100049f2:	46a9      	mov	r9, r5
100049f4:	46a0      	mov	r8, r4
100049f6:	bdf0      	pop	{r4, r5, r6, r7, pc}

100049f8 <xEventGroupSetBitsFromISR>:
100049f8:	b510      	push	{r4, lr}
100049fa:	4c04      	ldr	r4, [pc, #16]	@ (10004a0c <xEventGroupSetBitsFromISR+0x14>)
100049fc:	0013      	movs	r3, r2
100049fe:	000a      	movs	r2, r1
10004a00:	0001      	movs	r1, r0
10004a02:	0020      	movs	r0, r4
10004a04:	f001 fe2c 	bl	10006660 <xTimerPendFunctionCallFromISR>
10004a08:	bd10      	pop	{r4, pc}
10004a0a:	46c0      	nop			@ (mov r8, r8)
10004a0c:	100047fd 	.word	0x100047fd

10004a10 <vListInitialise>:
10004a10:	0003      	movs	r3, r0
10004a12:	3308      	adds	r3, #8
10004a14:	2201      	movs	r2, #1
10004a16:	6043      	str	r3, [r0, #4]
10004a18:	60c3      	str	r3, [r0, #12]
10004a1a:	6103      	str	r3, [r0, #16]
10004a1c:	2300      	movs	r3, #0
10004a1e:	4252      	negs	r2, r2
10004a20:	6082      	str	r2, [r0, #8]
10004a22:	6003      	str	r3, [r0, #0]
10004a24:	4770      	bx	lr
10004a26:	46c0      	nop			@ (mov r8, r8)

10004a28 <vListInitialiseItem>:
10004a28:	2300      	movs	r3, #0
10004a2a:	6103      	str	r3, [r0, #16]
10004a2c:	4770      	bx	lr
10004a2e:	46c0      	nop			@ (mov r8, r8)

10004a30 <vListInsert>:
10004a30:	0003      	movs	r3, r0
10004a32:	b530      	push	{r4, r5, lr}
10004a34:	680d      	ldr	r5, [r1, #0]
10004a36:	3308      	adds	r3, #8
10004a38:	1c6a      	adds	r2, r5, #1
10004a3a:	d00d      	beq.n	10004a58 <vListInsert+0x28>
10004a3c:	001c      	movs	r4, r3
10004a3e:	685b      	ldr	r3, [r3, #4]
10004a40:	681a      	ldr	r2, [r3, #0]
10004a42:	42aa      	cmp	r2, r5
10004a44:	d9fa      	bls.n	10004a3c <vListInsert+0xc>
10004a46:	604b      	str	r3, [r1, #4]
10004a48:	6099      	str	r1, [r3, #8]
10004a4a:	6803      	ldr	r3, [r0, #0]
10004a4c:	608c      	str	r4, [r1, #8]
10004a4e:	3301      	adds	r3, #1
10004a50:	6061      	str	r1, [r4, #4]
10004a52:	6108      	str	r0, [r1, #16]
10004a54:	6003      	str	r3, [r0, #0]
10004a56:	bd30      	pop	{r4, r5, pc}
10004a58:	6904      	ldr	r4, [r0, #16]
10004a5a:	6863      	ldr	r3, [r4, #4]
10004a5c:	e7f3      	b.n	10004a46 <vListInsert+0x16>
10004a5e:	46c0      	nop			@ (mov r8, r8)

10004a60 <uxListRemove>:
10004a60:	6903      	ldr	r3, [r0, #16]
10004a62:	6841      	ldr	r1, [r0, #4]
10004a64:	6882      	ldr	r2, [r0, #8]
10004a66:	608a      	str	r2, [r1, #8]
10004a68:	6051      	str	r1, [r2, #4]
10004a6a:	6859      	ldr	r1, [r3, #4]
10004a6c:	4281      	cmp	r1, r0
10004a6e:	d005      	beq.n	10004a7c <uxListRemove+0x1c>
10004a70:	2200      	movs	r2, #0
10004a72:	6102      	str	r2, [r0, #16]
10004a74:	6818      	ldr	r0, [r3, #0]
10004a76:	3801      	subs	r0, #1
10004a78:	6018      	str	r0, [r3, #0]
10004a7a:	4770      	bx	lr
10004a7c:	605a      	str	r2, [r3, #4]
10004a7e:	e7f7      	b.n	10004a70 <uxListRemove+0x10>

10004a80 <prvUnlockQueue>:
10004a80:	b5f0      	push	{r4, r5, r6, r7, lr}
10004a82:	46de      	mov	lr, fp
10004a84:	464e      	mov	r6, r9
10004a86:	4657      	mov	r7, sl
10004a88:	4645      	mov	r5, r8
10004a8a:	b5e0      	push	{r5, r6, r7, lr}
10004a8c:	b085      	sub	sp, #20
10004a8e:	0006      	movs	r6, r0
10004a90:	f7ff fd0e 	bl	100044b0 <vPortEnterCritical>
10004a94:	2345      	movs	r3, #69	@ 0x45
10004a96:	5cf4      	ldrb	r4, [r6, r3]
10004a98:	b264      	sxtb	r4, r4
10004a9a:	2c00      	cmp	r4, #0
10004a9c:	dd21      	ble.n	10004ae2 <prvUnlockQueue+0x62>
10004a9e:	3b21      	subs	r3, #33	@ 0x21
10004aa0:	4699      	mov	r9, r3
10004aa2:	3321      	adds	r3, #33	@ 0x21
10004aa4:	469a      	mov	sl, r3
10004aa6:	44b1      	add	r9, r6
10004aa8:	e009      	b.n	10004abe <prvUnlockQueue+0x3e>
10004aaa:	6baa      	ldr	r2, [r5, #56]	@ 0x38
10004aac:	6beb      	ldr	r3, [r5, #60]	@ 0x3c
10004aae:	9603      	str	r6, [sp, #12]
10004ab0:	429a      	cmp	r2, r3
10004ab2:	d345      	bcc.n	10004b40 <prvUnlockQueue+0xc0>
10004ab4:	3c01      	subs	r4, #1
10004ab6:	b2e3      	uxtb	r3, r4
10004ab8:	b264      	sxtb	r4, r4
10004aba:	2b00      	cmp	r3, #0
10004abc:	d011      	beq.n	10004ae2 <prvUnlockQueue+0x62>
10004abe:	6cb5      	ldr	r5, [r6, #72]	@ 0x48
10004ac0:	2d00      	cmp	r5, #0
10004ac2:	d1f2      	bne.n	10004aaa <prvUnlockQueue+0x2a>
10004ac4:	6a73      	ldr	r3, [r6, #36]	@ 0x24
10004ac6:	2b00      	cmp	r3, #0
10004ac8:	d00b      	beq.n	10004ae2 <prvUnlockQueue+0x62>
10004aca:	4648      	mov	r0, r9
10004acc:	f001 f9d6 	bl	10005e7c <xTaskRemoveFromEventList>
10004ad0:	2800      	cmp	r0, #0
10004ad2:	d0ef      	beq.n	10004ab4 <prvUnlockQueue+0x34>
10004ad4:	f001 fac8 	bl	10006068 <vTaskMissedYield>
10004ad8:	3c01      	subs	r4, #1
10004ada:	b2e3      	uxtb	r3, r4
10004adc:	b264      	sxtb	r4, r4
10004ade:	2b00      	cmp	r3, #0
10004ae0:	d1ed      	bne.n	10004abe <prvUnlockQueue+0x3e>
10004ae2:	2345      	movs	r3, #69	@ 0x45
10004ae4:	22ff      	movs	r2, #255	@ 0xff
10004ae6:	54f2      	strb	r2, [r6, r3]
10004ae8:	f7ff fcee 	bl	100044c8 <vPortExitCritical>
10004aec:	f7ff fce0 	bl	100044b0 <vPortEnterCritical>
10004af0:	2344      	movs	r3, #68	@ 0x44
10004af2:	0035      	movs	r5, r6
10004af4:	5cf4      	ldrb	r4, [r6, r3]
10004af6:	3510      	adds	r5, #16
10004af8:	b264      	sxtb	r4, r4
10004afa:	2c00      	cmp	r4, #0
10004afc:	dc05      	bgt.n	10004b0a <prvUnlockQueue+0x8a>
10004afe:	e013      	b.n	10004b28 <prvUnlockQueue+0xa8>
10004b00:	3c01      	subs	r4, #1
10004b02:	b2e2      	uxtb	r2, r4
10004b04:	b264      	sxtb	r4, r4
10004b06:	2a00      	cmp	r2, #0
10004b08:	d00e      	beq.n	10004b28 <prvUnlockQueue+0xa8>
10004b0a:	6933      	ldr	r3, [r6, #16]
10004b0c:	2b00      	cmp	r3, #0
10004b0e:	d00b      	beq.n	10004b28 <prvUnlockQueue+0xa8>
10004b10:	0028      	movs	r0, r5
10004b12:	f001 f9b3 	bl	10005e7c <xTaskRemoveFromEventList>
10004b16:	2800      	cmp	r0, #0
10004b18:	d0f2      	beq.n	10004b00 <prvUnlockQueue+0x80>
10004b1a:	3c01      	subs	r4, #1
10004b1c:	f001 faa4 	bl	10006068 <vTaskMissedYield>
10004b20:	b2e2      	uxtb	r2, r4
10004b22:	b264      	sxtb	r4, r4
10004b24:	2a00      	cmp	r2, #0
10004b26:	d1f0      	bne.n	10004b0a <prvUnlockQueue+0x8a>
10004b28:	2344      	movs	r3, #68	@ 0x44
10004b2a:	22ff      	movs	r2, #255	@ 0xff
10004b2c:	54f2      	strb	r2, [r6, r3]
10004b2e:	f7ff fccb 	bl	100044c8 <vPortExitCritical>
10004b32:	b005      	add	sp, #20
10004b34:	bcf0      	pop	{r4, r5, r6, r7}
10004b36:	46bb      	mov	fp, r7
10004b38:	46b2      	mov	sl, r6
10004b3a:	46a9      	mov	r9, r5
10004b3c:	46a0      	mov	r8, r4
10004b3e:	bdf0      	pop	{r4, r5, r6, r7, pc}
10004b40:	4653      	mov	r3, sl
10004b42:	6c2a      	ldr	r2, [r5, #64]	@ 0x40
10004b44:	5cef      	ldrb	r7, [r5, r3]
10004b46:	6bab      	ldr	r3, [r5, #56]	@ 0x38
10004b48:	b27f      	sxtb	r7, r7
10004b4a:	4698      	mov	r8, r3
10004b4c:	2a00      	cmp	r2, #0
10004b4e:	d116      	bne.n	10004b7e <prvUnlockQueue+0xfe>
10004b50:	2301      	movs	r3, #1
10004b52:	469c      	mov	ip, r3
10004b54:	682b      	ldr	r3, [r5, #0]
10004b56:	44e0      	add	r8, ip
10004b58:	469b      	mov	fp, r3
10004b5a:	2b00      	cmp	r3, #0
10004b5c:	d02b      	beq.n	10004bb6 <prvUnlockQueue+0x136>
10004b5e:	4643      	mov	r3, r8
10004b60:	63ab      	str	r3, [r5, #56]	@ 0x38
10004b62:	1c7b      	adds	r3, r7, #1
10004b64:	d11d      	bne.n	10004ba2 <prvUnlockQueue+0x122>
10004b66:	6a6b      	ldr	r3, [r5, #36]	@ 0x24
10004b68:	2b00      	cmp	r3, #0
10004b6a:	d0a3      	beq.n	10004ab4 <prvUnlockQueue+0x34>
10004b6c:	0028      	movs	r0, r5
10004b6e:	3024      	adds	r0, #36	@ 0x24
10004b70:	f001 f984 	bl	10005e7c <xTaskRemoveFromEventList>
10004b74:	2800      	cmp	r0, #0
10004b76:	d09d      	beq.n	10004ab4 <prvUnlockQueue+0x34>
10004b78:	f001 fa76 	bl	10006068 <vTaskMissedYield>
10004b7c:	e7ac      	b.n	10004ad8 <prvUnlockQueue+0x58>
10004b7e:	a903      	add	r1, sp, #12
10004b80:	6868      	ldr	r0, [r5, #4]
10004b82:	f7fd fd15 	bl	100025b0 <__wrap___aeabi_memcpy>
10004b86:	4641      	mov	r1, r8
10004b88:	686b      	ldr	r3, [r5, #4]
10004b8a:	6c2a      	ldr	r2, [r5, #64]	@ 0x40
10004b8c:	3101      	adds	r1, #1
10004b8e:	189b      	adds	r3, r3, r2
10004b90:	68aa      	ldr	r2, [r5, #8]
10004b92:	606b      	str	r3, [r5, #4]
10004b94:	4293      	cmp	r3, r2
10004b96:	d301      	bcc.n	10004b9c <prvUnlockQueue+0x11c>
10004b98:	682b      	ldr	r3, [r5, #0]
10004b9a:	606b      	str	r3, [r5, #4]
10004b9c:	63a9      	str	r1, [r5, #56]	@ 0x38
10004b9e:	1c7b      	adds	r3, r7, #1
10004ba0:	d0e1      	beq.n	10004b66 <prvUnlockQueue+0xe6>
10004ba2:	f000 ffe9 	bl	10005b78 <uxTaskGetNumberOfTasks>
10004ba6:	42b8      	cmp	r0, r7
10004ba8:	d800      	bhi.n	10004bac <prvUnlockQueue+0x12c>
10004baa:	e783      	b.n	10004ab4 <prvUnlockQueue+0x34>
10004bac:	2345      	movs	r3, #69	@ 0x45
10004bae:	3701      	adds	r7, #1
10004bb0:	b27f      	sxtb	r7, r7
10004bb2:	54ef      	strb	r7, [r5, r3]
10004bb4:	e77e      	b.n	10004ab4 <prvUnlockQueue+0x34>
10004bb6:	68a8      	ldr	r0, [r5, #8]
10004bb8:	f001 faac 	bl	10006114 <xTaskPriorityDisinherit>
10004bbc:	465b      	mov	r3, fp
10004bbe:	60ab      	str	r3, [r5, #8]
10004bc0:	4643      	mov	r3, r8
10004bc2:	9001      	str	r0, [sp, #4]
10004bc4:	63ab      	str	r3, [r5, #56]	@ 0x38
10004bc6:	1c7b      	adds	r3, r7, #1
10004bc8:	d109      	bne.n	10004bde <prvUnlockQueue+0x15e>
10004bca:	6a6b      	ldr	r3, [r5, #36]	@ 0x24
10004bcc:	2b00      	cmp	r3, #0
10004bce:	d10f      	bne.n	10004bf0 <prvUnlockQueue+0x170>
10004bd0:	9b01      	ldr	r3, [sp, #4]
10004bd2:	2b00      	cmp	r3, #0
10004bd4:	d100      	bne.n	10004bd8 <prvUnlockQueue+0x158>
10004bd6:	e76d      	b.n	10004ab4 <prvUnlockQueue+0x34>
10004bd8:	f001 fa46 	bl	10006068 <vTaskMissedYield>
10004bdc:	e77c      	b.n	10004ad8 <prvUnlockQueue+0x58>
10004bde:	f000 ffcb 	bl	10005b78 <uxTaskGetNumberOfTasks>
10004be2:	42b8      	cmp	r0, r7
10004be4:	d9f4      	bls.n	10004bd0 <prvUnlockQueue+0x150>
10004be6:	4653      	mov	r3, sl
10004be8:	3701      	adds	r7, #1
10004bea:	b27f      	sxtb	r7, r7
10004bec:	54ef      	strb	r7, [r5, r3]
10004bee:	e7ef      	b.n	10004bd0 <prvUnlockQueue+0x150>
10004bf0:	0028      	movs	r0, r5
10004bf2:	3024      	adds	r0, #36	@ 0x24
10004bf4:	f001 f942 	bl	10005e7c <xTaskRemoveFromEventList>
10004bf8:	2800      	cmp	r0, #0
10004bfa:	d0e9      	beq.n	10004bd0 <prvUnlockQueue+0x150>
10004bfc:	e76a      	b.n	10004ad4 <prvUnlockQueue+0x54>
10004bfe:	46c0      	nop			@ (mov r8, r8)

10004c00 <prvNotifyQueueSetContainer>:
10004c00:	b5f0      	push	{r4, r5, r6, r7, lr}
10004c02:	46c6      	mov	lr, r8
10004c04:	b500      	push	{lr}
10004c06:	6c84      	ldr	r4, [r0, #72]	@ 0x48
10004c08:	b082      	sub	sp, #8
10004c0a:	6ba2      	ldr	r2, [r4, #56]	@ 0x38
10004c0c:	6be3      	ldr	r3, [r4, #60]	@ 0x3c
10004c0e:	2500      	movs	r5, #0
10004c10:	9001      	str	r0, [sp, #4]
10004c12:	429a      	cmp	r2, r3
10004c14:	d304      	bcc.n	10004c20 <prvNotifyQueueSetContainer+0x20>
10004c16:	0028      	movs	r0, r5
10004c18:	b002      	add	sp, #8
10004c1a:	bc80      	pop	{r7}
10004c1c:	46b8      	mov	r8, r7
10004c1e:	bdf0      	pop	{r4, r5, r6, r7, pc}
10004c20:	2345      	movs	r3, #69	@ 0x45
10004c22:	6c22      	ldr	r2, [r4, #64]	@ 0x40
10004c24:	5ce6      	ldrb	r6, [r4, r3]
10004c26:	6ba7      	ldr	r7, [r4, #56]	@ 0x38
10004c28:	b276      	sxtb	r6, r6
10004c2a:	2a00      	cmp	r2, #0
10004c2c:	d01c      	beq.n	10004c68 <prvNotifyQueueSetContainer+0x68>
10004c2e:	6860      	ldr	r0, [r4, #4]
10004c30:	a901      	add	r1, sp, #4
10004c32:	f7fd fcbd 	bl	100025b0 <__wrap___aeabi_memcpy>
10004c36:	6863      	ldr	r3, [r4, #4]
10004c38:	6c22      	ldr	r2, [r4, #64]	@ 0x40
10004c3a:	189b      	adds	r3, r3, r2
10004c3c:	68a2      	ldr	r2, [r4, #8]
10004c3e:	6063      	str	r3, [r4, #4]
10004c40:	4293      	cmp	r3, r2
10004c42:	d301      	bcc.n	10004c48 <prvNotifyQueueSetContainer+0x48>
10004c44:	6823      	ldr	r3, [r4, #0]
10004c46:	6063      	str	r3, [r4, #4]
10004c48:	2500      	movs	r5, #0
10004c4a:	3701      	adds	r7, #1
10004c4c:	63a7      	str	r7, [r4, #56]	@ 0x38
10004c4e:	1c73      	adds	r3, r6, #1
10004c50:	d115      	bne.n	10004c7e <prvNotifyQueueSetContainer+0x7e>
10004c52:	6a63      	ldr	r3, [r4, #36]	@ 0x24
10004c54:	2b00      	cmp	r3, #0
10004c56:	d0de      	beq.n	10004c16 <prvNotifyQueueSetContainer+0x16>
10004c58:	0020      	movs	r0, r4
10004c5a:	3024      	adds	r0, #36	@ 0x24
10004c5c:	f001 f90e 	bl	10005e7c <xTaskRemoveFromEventList>
10004c60:	2800      	cmp	r0, #0
10004c62:	d0d8      	beq.n	10004c16 <prvNotifyQueueSetContainer+0x16>
10004c64:	2501      	movs	r5, #1
10004c66:	e7d6      	b.n	10004c16 <prvNotifyQueueSetContainer+0x16>
10004c68:	6823      	ldr	r3, [r4, #0]
10004c6a:	4698      	mov	r8, r3
10004c6c:	2b00      	cmp	r3, #0
10004c6e:	d1eb      	bne.n	10004c48 <prvNotifyQueueSetContainer+0x48>
10004c70:	68a0      	ldr	r0, [r4, #8]
10004c72:	f001 fa4f 	bl	10006114 <xTaskPriorityDisinherit>
10004c76:	4643      	mov	r3, r8
10004c78:	0005      	movs	r5, r0
10004c7a:	60a3      	str	r3, [r4, #8]
10004c7c:	e7e5      	b.n	10004c4a <prvNotifyQueueSetContainer+0x4a>
10004c7e:	f000 ff7b 	bl	10005b78 <uxTaskGetNumberOfTasks>
10004c82:	4286      	cmp	r6, r0
10004c84:	d2c7      	bcs.n	10004c16 <prvNotifyQueueSetContainer+0x16>
10004c86:	2345      	movs	r3, #69	@ 0x45
10004c88:	3601      	adds	r6, #1
10004c8a:	b276      	sxtb	r6, r6
10004c8c:	54e6      	strb	r6, [r4, r3]
10004c8e:	e7c2      	b.n	10004c16 <prvNotifyQueueSetContainer+0x16>

10004c90 <xQueueGenericCreate>:
10004c90:	b5f8      	push	{r3, r4, r5, r6, r7, lr}
10004c92:	0005      	movs	r5, r0
10004c94:	000e      	movs	r6, r1
10004c96:	0017      	movs	r7, r2
10004c98:	2800      	cmp	r0, #0
10004c9a:	d041      	beq.n	10004d20 <xQueueGenericCreate+0x90>
10004c9c:	0c03      	lsrs	r3, r0, #16
10004c9e:	0c0a      	lsrs	r2, r1, #16
10004ca0:	2b00      	cmp	r3, #0
10004ca2:	d142      	bne.n	10004d2a <xQueueGenericCreate+0x9a>
10004ca4:	2a00      	cmp	r2, #0
10004ca6:	d130      	bne.n	10004d0a <xQueueGenericCreate+0x7a>
10004ca8:	0030      	movs	r0, r6
10004caa:	4368      	muls	r0, r5
10004cac:	0003      	movs	r3, r0
10004cae:	3355      	adds	r3, #85	@ 0x55
10004cb0:	d836      	bhi.n	10004d20 <xQueueGenericCreate+0x90>
10004cb2:	3054      	adds	r0, #84	@ 0x54
10004cb4:	f001 fd0c 	bl	100066d0 <pvPortMalloc>
10004cb8:	1e04      	subs	r4, r0, #0
10004cba:	d031      	beq.n	10004d20 <xQueueGenericCreate+0x90>
10004cbc:	0003      	movs	r3, r0
10004cbe:	2e00      	cmp	r6, #0
10004cc0:	d131      	bne.n	10004d26 <xQueueGenericCreate+0x96>
10004cc2:	6023      	str	r3, [r4, #0]
10004cc4:	63e5      	str	r5, [r4, #60]	@ 0x3c
10004cc6:	6426      	str	r6, [r4, #64]	@ 0x40
10004cc8:	f7ff fbf2 	bl	100044b0 <vPortEnterCritical>
10004ccc:	6c21      	ldr	r1, [r4, #64]	@ 0x40
10004cce:	6be3      	ldr	r3, [r4, #60]	@ 0x3c
10004cd0:	6822      	ldr	r2, [r4, #0]
10004cd2:	434b      	muls	r3, r1
10004cd4:	18d0      	adds	r0, r2, r3
10004cd6:	1a5b      	subs	r3, r3, r1
10004cd8:	6062      	str	r2, [r4, #4]
10004cda:	18d2      	adds	r2, r2, r3
10004cdc:	60e2      	str	r2, [r4, #12]
10004cde:	23ff      	movs	r3, #255	@ 0xff
10004ce0:	2500      	movs	r5, #0
10004ce2:	2244      	movs	r2, #68	@ 0x44
10004ce4:	60a0      	str	r0, [r4, #8]
10004ce6:	0020      	movs	r0, r4
10004ce8:	63a5      	str	r5, [r4, #56]	@ 0x38
10004cea:	54a3      	strb	r3, [r4, r2]
10004cec:	3201      	adds	r2, #1
10004cee:	54a3      	strb	r3, [r4, r2]
10004cf0:	3010      	adds	r0, #16
10004cf2:	f7ff fe8d 	bl	10004a10 <vListInitialise>
10004cf6:	0020      	movs	r0, r4
10004cf8:	3024      	adds	r0, #36	@ 0x24
10004cfa:	f7ff fe89 	bl	10004a10 <vListInitialise>
10004cfe:	f7ff fbe3 	bl	100044c8 <vPortExitCritical>
10004d02:	2350      	movs	r3, #80	@ 0x50
10004d04:	54e7      	strb	r7, [r4, r3]
10004d06:	64a5      	str	r5, [r4, #72]	@ 0x48
10004d08:	e00b      	b.n	10004d22 <xQueueGenericCreate+0x92>
10004d0a:	1c13      	adds	r3, r2, #0
10004d0c:	b2a9      	uxth	r1, r5
10004d0e:	b2b2      	uxth	r2, r6
10004d10:	434a      	muls	r2, r1
10004d12:	b280      	uxth	r0, r0
10004d14:	b29b      	uxth	r3, r3
10004d16:	4343      	muls	r3, r0
10004d18:	0c12      	lsrs	r2, r2, #16
10004d1a:	189b      	adds	r3, r3, r2
10004d1c:	0c1b      	lsrs	r3, r3, #16
10004d1e:	d0c3      	beq.n	10004ca8 <xQueueGenericCreate+0x18>
10004d20:	2400      	movs	r4, #0
10004d22:	0020      	movs	r0, r4
10004d24:	bdf8      	pop	{r3, r4, r5, r6, r7, pc}
10004d26:	3354      	adds	r3, #84	@ 0x54
10004d28:	e7cb      	b.n	10004cc2 <xQueueGenericCreate+0x32>
10004d2a:	2a00      	cmp	r2, #0
10004d2c:	d1f8      	bne.n	10004d20 <xQueueGenericCreate+0x90>
10004d2e:	1c30      	adds	r0, r6, #0
10004d30:	e7ec      	b.n	10004d0c <xQueueGenericCreate+0x7c>
10004d32:	46c0      	nop			@ (mov r8, r8)

10004d34 <xQueueGenericSend>:
10004d34:	b5f0      	push	{r4, r5, r6, r7, lr}
10004d36:	46ce      	mov	lr, r9
10004d38:	4647      	mov	r7, r8
10004d3a:	b580      	push	{r7, lr}
10004d3c:	b085      	sub	sp, #20
10004d3e:	0004      	movs	r4, r0
10004d40:	4688      	mov	r8, r1
10004d42:	4699      	mov	r9, r3
10004d44:	9201      	str	r2, [sp, #4]
10004d46:	2b02      	cmp	r3, #2
10004d48:	d100      	bne.n	10004d4c <xQueueGenericSend+0x18>
10004d4a:	e09d      	b.n	10004e88 <xQueueGenericSend+0x154>
10004d4c:	f7ff fbb0 	bl	100044b0 <vPortEnterCritical>
10004d50:	6ba3      	ldr	r3, [r4, #56]	@ 0x38
10004d52:	6be2      	ldr	r2, [r4, #60]	@ 0x3c
10004d54:	2700      	movs	r7, #0
10004d56:	2544      	movs	r5, #68	@ 0x44
10004d58:	2600      	movs	r6, #0
10004d5a:	429a      	cmp	r2, r3
10004d5c:	d832      	bhi.n	10004dc4 <xQueueGenericSend+0x90>
10004d5e:	9b01      	ldr	r3, [sp, #4]
10004d60:	2b00      	cmp	r3, #0
10004d62:	d064      	beq.n	10004e2e <xQueueGenericSend+0xfa>
10004d64:	2f00      	cmp	r7, #0
10004d66:	d05e      	beq.n	10004e26 <xQueueGenericSend+0xf2>
10004d68:	f7ff fbae 	bl	100044c8 <vPortExitCritical>
10004d6c:	f000 fdf0 	bl	10005950 <vTaskSuspendAll>
10004d70:	f7ff fb9e 	bl	100044b0 <vPortEnterCritical>
10004d74:	5d63      	ldrb	r3, [r4, r5]
10004d76:	b25b      	sxtb	r3, r3
10004d78:	3301      	adds	r3, #1
10004d7a:	d100      	bne.n	10004d7e <xQueueGenericSend+0x4a>
10004d7c:	5566      	strb	r6, [r4, r5]
10004d7e:	2345      	movs	r3, #69	@ 0x45
10004d80:	5ce2      	ldrb	r2, [r4, r3]
10004d82:	b252      	sxtb	r2, r2
10004d84:	3201      	adds	r2, #1
10004d86:	d100      	bne.n	10004d8a <xQueueGenericSend+0x56>
10004d88:	54e6      	strb	r6, [r4, r3]
10004d8a:	f7ff fb9d 	bl	100044c8 <vPortExitCritical>
10004d8e:	a901      	add	r1, sp, #4
10004d90:	a802      	add	r0, sp, #8
10004d92:	f001 f92f 	bl	10005ff4 <xTaskCheckForTimeOut>
10004d96:	2800      	cmp	r0, #0
10004d98:	d000      	beq.n	10004d9c <xQueueGenericSend+0x68>
10004d9a:	e06f      	b.n	10004e7c <xQueueGenericSend+0x148>
10004d9c:	f7ff fb88 	bl	100044b0 <vPortEnterCritical>
10004da0:	6ba2      	ldr	r2, [r4, #56]	@ 0x38
10004da2:	6be3      	ldr	r3, [r4, #60]	@ 0x3c
10004da4:	429a      	cmp	r2, r3
10004da6:	d02c      	beq.n	10004e02 <xQueueGenericSend+0xce>
10004da8:	f7ff fb8e 	bl	100044c8 <vPortExitCritical>
10004dac:	0020      	movs	r0, r4
10004dae:	f7ff fe67 	bl	10004a80 <prvUnlockQueue>
10004db2:	f000 fdd5 	bl	10005960 <xTaskResumeAll>
10004db6:	2701      	movs	r7, #1
10004db8:	f7ff fb7a 	bl	100044b0 <vPortEnterCritical>
10004dbc:	6ba3      	ldr	r3, [r4, #56]	@ 0x38
10004dbe:	6be2      	ldr	r2, [r4, #60]	@ 0x3c
10004dc0:	429a      	cmp	r2, r3
10004dc2:	d9cc      	bls.n	10004d5e <xQueueGenericSend+0x2a>
10004dc4:	6c22      	ldr	r2, [r4, #64]	@ 0x40
10004dc6:	6ba6      	ldr	r6, [r4, #56]	@ 0x38
10004dc8:	6ba5      	ldr	r5, [r4, #56]	@ 0x38
10004dca:	2a00      	cmp	r2, #0
10004dcc:	d137      	bne.n	10004e3e <xQueueGenericSend+0x10a>
10004dce:	6823      	ldr	r3, [r4, #0]
10004dd0:	2000      	movs	r0, #0
10004dd2:	4698      	mov	r8, r3
10004dd4:	2b00      	cmp	r3, #0
10004dd6:	d100      	bne.n	10004dda <xQueueGenericSend+0xa6>
10004dd8:	e084      	b.n	10004ee4 <xQueueGenericSend+0x1b0>
10004dda:	6ca3      	ldr	r3, [r4, #72]	@ 0x48
10004ddc:	3501      	adds	r5, #1
10004dde:	63a5      	str	r5, [r4, #56]	@ 0x38
10004de0:	2b00      	cmp	r3, #0
10004de2:	d100      	bne.n	10004de6 <xQueueGenericSend+0xb2>
10004de4:	e070      	b.n	10004ec8 <xQueueGenericSend+0x194>
10004de6:	464b      	mov	r3, r9
10004de8:	2b02      	cmp	r3, #2
10004dea:	d101      	bne.n	10004df0 <xQueueGenericSend+0xbc>
10004dec:	2e00      	cmp	r6, #0
10004dee:	d104      	bne.n	10004dfa <xQueueGenericSend+0xc6>
10004df0:	0020      	movs	r0, r4
10004df2:	f7ff ff05 	bl	10004c00 <prvNotifyQueueSetContainer>
10004df6:	2800      	cmp	r0, #0
10004df8:	d13d      	bne.n	10004e76 <xQueueGenericSend+0x142>
10004dfa:	f7ff fb65 	bl	100044c8 <vPortExitCritical>
10004dfe:	2001      	movs	r0, #1
10004e00:	e018      	b.n	10004e34 <xQueueGenericSend+0x100>
10004e02:	f7ff fb61 	bl	100044c8 <vPortExitCritical>
10004e06:	0020      	movs	r0, r4
10004e08:	9901      	ldr	r1, [sp, #4]
10004e0a:	3010      	adds	r0, #16
10004e0c:	f000 ff0a 	bl	10005c24 <vTaskPlaceOnEventList>
10004e10:	0020      	movs	r0, r4
10004e12:	f7ff fe35 	bl	10004a80 <prvUnlockQueue>
10004e16:	f000 fda3 	bl	10005960 <xTaskResumeAll>
10004e1a:	2800      	cmp	r0, #0
10004e1c:	d1cb      	bne.n	10004db6 <xQueueGenericSend+0x82>
10004e1e:	f7ff fb3b 	bl	10004498 <vPortYield>
10004e22:	2701      	movs	r7, #1
10004e24:	e7c8      	b.n	10004db8 <xQueueGenericSend+0x84>
10004e26:	a802      	add	r0, sp, #8
10004e28:	f001 f8d8 	bl	10005fdc <vTaskInternalSetTimeOutState>
10004e2c:	e79c      	b.n	10004d68 <xQueueGenericSend+0x34>
10004e2e:	f7ff fb4b 	bl	100044c8 <vPortExitCritical>
10004e32:	2000      	movs	r0, #0
10004e34:	b005      	add	sp, #20
10004e36:	bcc0      	pop	{r6, r7}
10004e38:	46b9      	mov	r9, r7
10004e3a:	46b0      	mov	r8, r6
10004e3c:	bdf0      	pop	{r4, r5, r6, r7, pc}
10004e3e:	464b      	mov	r3, r9
10004e40:	2b00      	cmp	r3, #0
10004e42:	d129      	bne.n	10004e98 <xQueueGenericSend+0x164>
10004e44:	4641      	mov	r1, r8
10004e46:	6860      	ldr	r0, [r4, #4]
10004e48:	f7fd fbb2 	bl	100025b0 <__wrap___aeabi_memcpy>
10004e4c:	6863      	ldr	r3, [r4, #4]
10004e4e:	6c22      	ldr	r2, [r4, #64]	@ 0x40
10004e50:	3501      	adds	r5, #1
10004e52:	189b      	adds	r3, r3, r2
10004e54:	68a2      	ldr	r2, [r4, #8]
10004e56:	6063      	str	r3, [r4, #4]
10004e58:	4293      	cmp	r3, r2
10004e5a:	d23b      	bcs.n	10004ed4 <xQueueGenericSend+0x1a0>
10004e5c:	6ca3      	ldr	r3, [r4, #72]	@ 0x48
10004e5e:	63a5      	str	r5, [r4, #56]	@ 0x38
10004e60:	2b00      	cmp	r3, #0
10004e62:	d1c5      	bne.n	10004df0 <xQueueGenericSend+0xbc>
10004e64:	6a63      	ldr	r3, [r4, #36]	@ 0x24
10004e66:	2b00      	cmp	r3, #0
10004e68:	d0c7      	beq.n	10004dfa <xQueueGenericSend+0xc6>
10004e6a:	0020      	movs	r0, r4
10004e6c:	3024      	adds	r0, #36	@ 0x24
10004e6e:	f001 f805 	bl	10005e7c <xTaskRemoveFromEventList>
10004e72:	2800      	cmp	r0, #0
10004e74:	d0c1      	beq.n	10004dfa <xQueueGenericSend+0xc6>
10004e76:	f7ff fb0f 	bl	10004498 <vPortYield>
10004e7a:	e7be      	b.n	10004dfa <xQueueGenericSend+0xc6>
10004e7c:	0020      	movs	r0, r4
10004e7e:	f7ff fdff 	bl	10004a80 <prvUnlockQueue>
10004e82:	f000 fd6d 	bl	10005960 <xTaskResumeAll>
10004e86:	e7d4      	b.n	10004e32 <xQueueGenericSend+0xfe>
10004e88:	f7ff fb12 	bl	100044b0 <vPortEnterCritical>
10004e8c:	6c22      	ldr	r2, [r4, #64]	@ 0x40
10004e8e:	6ba3      	ldr	r3, [r4, #56]	@ 0x38
10004e90:	6ba6      	ldr	r6, [r4, #56]	@ 0x38
10004e92:	6ba5      	ldr	r5, [r4, #56]	@ 0x38
10004e94:	2a00      	cmp	r2, #0
10004e96:	d09a      	beq.n	10004dce <xQueueGenericSend+0x9a>
10004e98:	4641      	mov	r1, r8
10004e9a:	68e0      	ldr	r0, [r4, #12]
10004e9c:	f7fd fb88 	bl	100025b0 <__wrap___aeabi_memcpy>
10004ea0:	6c22      	ldr	r2, [r4, #64]	@ 0x40
10004ea2:	68e3      	ldr	r3, [r4, #12]
10004ea4:	4251      	negs	r1, r2
10004ea6:	1a9b      	subs	r3, r3, r2
10004ea8:	6822      	ldr	r2, [r4, #0]
10004eaa:	60e3      	str	r3, [r4, #12]
10004eac:	4293      	cmp	r3, r2
10004eae:	d202      	bcs.n	10004eb6 <xQueueGenericSend+0x182>
10004eb0:	68a3      	ldr	r3, [r4, #8]
10004eb2:	185b      	adds	r3, r3, r1
10004eb4:	60e3      	str	r3, [r4, #12]
10004eb6:	464a      	mov	r2, r9
10004eb8:	6ca3      	ldr	r3, [r4, #72]	@ 0x48
10004eba:	2a02      	cmp	r2, #2
10004ebc:	d018      	beq.n	10004ef0 <xQueueGenericSend+0x1bc>
10004ebe:	3501      	adds	r5, #1
10004ec0:	63a5      	str	r5, [r4, #56]	@ 0x38
10004ec2:	2b00      	cmp	r3, #0
10004ec4:	d194      	bne.n	10004df0 <xQueueGenericSend+0xbc>
10004ec6:	e7cd      	b.n	10004e64 <xQueueGenericSend+0x130>
10004ec8:	6a63      	ldr	r3, [r4, #36]	@ 0x24
10004eca:	2b00      	cmp	r3, #0
10004ecc:	d1cd      	bne.n	10004e6a <xQueueGenericSend+0x136>
10004ece:	2800      	cmp	r0, #0
10004ed0:	d1d1      	bne.n	10004e76 <xQueueGenericSend+0x142>
10004ed2:	e792      	b.n	10004dfa <xQueueGenericSend+0xc6>
10004ed4:	6823      	ldr	r3, [r4, #0]
10004ed6:	63a5      	str	r5, [r4, #56]	@ 0x38
10004ed8:	6063      	str	r3, [r4, #4]
10004eda:	6ca3      	ldr	r3, [r4, #72]	@ 0x48
10004edc:	2b00      	cmp	r3, #0
10004ede:	d000      	beq.n	10004ee2 <xQueueGenericSend+0x1ae>
10004ee0:	e786      	b.n	10004df0 <xQueueGenericSend+0xbc>
10004ee2:	e7bf      	b.n	10004e64 <xQueueGenericSend+0x130>
10004ee4:	68a0      	ldr	r0, [r4, #8]
10004ee6:	f001 f915 	bl	10006114 <xTaskPriorityDisinherit>
10004eea:	4643      	mov	r3, r8
10004eec:	60a3      	str	r3, [r4, #8]
10004eee:	e774      	b.n	10004dda <xQueueGenericSend+0xa6>
10004ef0:	2d00      	cmp	r5, #0
10004ef2:	d004      	beq.n	10004efe <xQueueGenericSend+0x1ca>
10004ef4:	63a5      	str	r5, [r4, #56]	@ 0x38
10004ef6:	2b00      	cmp	r3, #0
10004ef8:	d000      	beq.n	10004efc <xQueueGenericSend+0x1c8>
10004efa:	e777      	b.n	10004dec <xQueueGenericSend+0xb8>
10004efc:	e7b2      	b.n	10004e64 <xQueueGenericSend+0x130>
10004efe:	2201      	movs	r2, #1
10004f00:	63a2      	str	r2, [r4, #56]	@ 0x38
10004f02:	2b00      	cmp	r3, #0
10004f04:	d000      	beq.n	10004f08 <xQueueGenericSend+0x1d4>
10004f06:	e771      	b.n	10004dec <xQueueGenericSend+0xb8>
10004f08:	e7ac      	b.n	10004e64 <xQueueGenericSend+0x130>
10004f0a:	46c0      	nop			@ (mov r8, r8)

10004f0c <xQueueCreateMutex>:
10004f0c:	b570      	push	{r4, r5, r6, lr}
10004f0e:	0006      	movs	r6, r0
10004f10:	2054      	movs	r0, #84	@ 0x54
10004f12:	f001 fbdd 	bl	100066d0 <pvPortMalloc>
10004f16:	1e04      	subs	r4, r0, #0
10004f18:	d02c      	beq.n	10004f74 <xQueueCreateMutex+0x68>
10004f1a:	2500      	movs	r5, #0
10004f1c:	2301      	movs	r3, #1
10004f1e:	6000      	str	r0, [r0, #0]
10004f20:	63c3      	str	r3, [r0, #60]	@ 0x3c
10004f22:	6405      	str	r5, [r0, #64]	@ 0x40
10004f24:	f7ff fac4 	bl	100044b0 <vPortEnterCritical>
10004f28:	6c21      	ldr	r1, [r4, #64]	@ 0x40
10004f2a:	6be3      	ldr	r3, [r4, #60]	@ 0x3c
10004f2c:	6822      	ldr	r2, [r4, #0]
10004f2e:	434b      	muls	r3, r1
10004f30:	18d0      	adds	r0, r2, r3
10004f32:	1a5b      	subs	r3, r3, r1
10004f34:	6062      	str	r2, [r4, #4]
10004f36:	18d2      	adds	r2, r2, r3
10004f38:	60e2      	str	r2, [r4, #12]
10004f3a:	23ff      	movs	r3, #255	@ 0xff
10004f3c:	2244      	movs	r2, #68	@ 0x44
10004f3e:	60a0      	str	r0, [r4, #8]
10004f40:	0020      	movs	r0, r4
10004f42:	63a5      	str	r5, [r4, #56]	@ 0x38
10004f44:	54a3      	strb	r3, [r4, r2]
10004f46:	3201      	adds	r2, #1
10004f48:	54a3      	strb	r3, [r4, r2]
10004f4a:	3010      	adds	r0, #16
10004f4c:	f7ff fd60 	bl	10004a10 <vListInitialise>
10004f50:	0020      	movs	r0, r4
10004f52:	3024      	adds	r0, #36	@ 0x24
10004f54:	f7ff fd5c 	bl	10004a10 <vListInitialise>
10004f58:	f7ff fab6 	bl	100044c8 <vPortExitCritical>
10004f5c:	2350      	movs	r3, #80	@ 0x50
10004f5e:	2200      	movs	r2, #0
10004f60:	54e6      	strb	r6, [r4, r3]
10004f62:	2100      	movs	r1, #0
10004f64:	2300      	movs	r3, #0
10004f66:	0020      	movs	r0, r4
10004f68:	64a5      	str	r5, [r4, #72]	@ 0x48
10004f6a:	60a5      	str	r5, [r4, #8]
10004f6c:	6025      	str	r5, [r4, #0]
10004f6e:	60e5      	str	r5, [r4, #12]
10004f70:	f7ff fee0 	bl	10004d34 <xQueueGenericSend>
10004f74:	0020      	movs	r0, r4
10004f76:	bd70      	pop	{r4, r5, r6, pc}

10004f78 <xQueueGenericSendFromISR>:
10004f78:	b5f8      	push	{r3, r4, r5, r6, r7, lr}
10004f7a:	464e      	mov	r6, r9
10004f7c:	46de      	mov	lr, fp
10004f7e:	4657      	mov	r7, sl
10004f80:	4645      	mov	r5, r8
10004f82:	0004      	movs	r4, r0
10004f84:	b5e0      	push	{r5, r6, r7, lr}
10004f86:	4691      	mov	r9, r2
10004f88:	001d      	movs	r5, r3
10004f8a:	000f      	movs	r7, r1
10004f8c:	f7ff faa6 	bl	100044dc <ulSetInterruptMaskFromISR>
10004f90:	6ba2      	ldr	r2, [r4, #56]	@ 0x38
10004f92:	6be3      	ldr	r3, [r4, #60]	@ 0x3c
10004f94:	0006      	movs	r6, r0
10004f96:	429a      	cmp	r2, r3
10004f98:	d32d      	bcc.n	10004ff6 <xQueueGenericSendFromISR+0x7e>
10004f9a:	2300      	movs	r3, #0
10004f9c:	4698      	mov	r8, r3
10004f9e:	2d02      	cmp	r5, #2
10004fa0:	d009      	beq.n	10004fb6 <xQueueGenericSendFromISR+0x3e>
10004fa2:	0030      	movs	r0, r6
10004fa4:	f7ff fa9e 	bl	100044e4 <vClearInterruptMaskFromISR>
10004fa8:	4640      	mov	r0, r8
10004faa:	bcf0      	pop	{r4, r5, r6, r7}
10004fac:	46bb      	mov	fp, r7
10004fae:	46b2      	mov	sl, r6
10004fb0:	46a9      	mov	r9, r5
10004fb2:	46a0      	mov	r8, r4
10004fb4:	bdf8      	pop	{r3, r4, r5, r6, r7, pc}
10004fb6:	3345      	adds	r3, #69	@ 0x45
10004fb8:	5ce3      	ldrb	r3, [r4, r3]
10004fba:	6c22      	ldr	r2, [r4, #64]	@ 0x40
10004fbc:	b25b      	sxtb	r3, r3
10004fbe:	4698      	mov	r8, r3
10004fc0:	6ba3      	ldr	r3, [r4, #56]	@ 0x38
10004fc2:	469b      	mov	fp, r3
10004fc4:	6ba3      	ldr	r3, [r4, #56]	@ 0x38
10004fc6:	469a      	mov	sl, r3
10004fc8:	2a00      	cmp	r2, #0
10004fca:	d13b      	bne.n	10005044 <xQueueGenericSendFromISR+0xcc>
10004fcc:	4657      	mov	r7, sl
10004fce:	6823      	ldr	r3, [r4, #0]
10004fd0:	3701      	adds	r7, #1
10004fd2:	469a      	mov	sl, r3
10004fd4:	2b00      	cmp	r3, #0
10004fd6:	d063      	beq.n	100050a0 <xQueueGenericSendFromISR+0x128>
10004fd8:	4643      	mov	r3, r8
10004fda:	63a7      	str	r7, [r4, #56]	@ 0x38
10004fdc:	3301      	adds	r3, #1
10004fde:	d127      	bne.n	10005030 <xQueueGenericSendFromISR+0xb8>
10004fe0:	6ca3      	ldr	r3, [r4, #72]	@ 0x48
10004fe2:	2b00      	cmp	r3, #0
10004fe4:	d042      	beq.n	1000506c <xQueueGenericSendFromISR+0xf4>
10004fe6:	2d02      	cmp	r5, #2
10004fe8:	d14a      	bne.n	10005080 <xQueueGenericSendFromISR+0x108>
10004fea:	465b      	mov	r3, fp
10004fec:	2b00      	cmp	r3, #0
10004fee:	d047      	beq.n	10005080 <xQueueGenericSendFromISR+0x108>
10004ff0:	2301      	movs	r3, #1
10004ff2:	4698      	mov	r8, r3
10004ff4:	e7d5      	b.n	10004fa2 <xQueueGenericSendFromISR+0x2a>
10004ff6:	2345      	movs	r3, #69	@ 0x45
10004ff8:	5ce3      	ldrb	r3, [r4, r3]
10004ffa:	6c22      	ldr	r2, [r4, #64]	@ 0x40
10004ffc:	b25b      	sxtb	r3, r3
10004ffe:	4698      	mov	r8, r3
10005000:	6ba3      	ldr	r3, [r4, #56]	@ 0x38
10005002:	469b      	mov	fp, r3
10005004:	6ba3      	ldr	r3, [r4, #56]	@ 0x38
10005006:	469a      	mov	sl, r3
10005008:	2a00      	cmp	r2, #0
1000500a:	d0df      	beq.n	10004fcc <xQueueGenericSendFromISR+0x54>
1000500c:	2d00      	cmp	r5, #0
1000500e:	d119      	bne.n	10005044 <xQueueGenericSendFromISR+0xcc>
10005010:	0039      	movs	r1, r7
10005012:	4657      	mov	r7, sl
10005014:	6860      	ldr	r0, [r4, #4]
10005016:	f7fd facb 	bl	100025b0 <__wrap___aeabi_memcpy>
1000501a:	6863      	ldr	r3, [r4, #4]
1000501c:	6c22      	ldr	r2, [r4, #64]	@ 0x40
1000501e:	3701      	adds	r7, #1
10005020:	189b      	adds	r3, r3, r2
10005022:	68a2      	ldr	r2, [r4, #8]
10005024:	6063      	str	r3, [r4, #4]
10005026:	4293      	cmp	r3, r2
10005028:	d3d6      	bcc.n	10004fd8 <xQueueGenericSendFromISR+0x60>
1000502a:	6823      	ldr	r3, [r4, #0]
1000502c:	6063      	str	r3, [r4, #4]
1000502e:	e7d3      	b.n	10004fd8 <xQueueGenericSendFromISR+0x60>
10005030:	f000 fda2 	bl	10005b78 <uxTaskGetNumberOfTasks>
10005034:	4580      	cmp	r8, r0
10005036:	d2db      	bcs.n	10004ff0 <xQueueGenericSendFromISR+0x78>
10005038:	4643      	mov	r3, r8
1000503a:	2245      	movs	r2, #69	@ 0x45
1000503c:	3301      	adds	r3, #1
1000503e:	b25b      	sxtb	r3, r3
10005040:	54a3      	strb	r3, [r4, r2]
10005042:	e7d5      	b.n	10004ff0 <xQueueGenericSendFromISR+0x78>
10005044:	0039      	movs	r1, r7
10005046:	68e0      	ldr	r0, [r4, #12]
10005048:	f7fd fab2 	bl	100025b0 <__wrap___aeabi_memcpy>
1000504c:	6c22      	ldr	r2, [r4, #64]	@ 0x40
1000504e:	68e3      	ldr	r3, [r4, #12]
10005050:	4251      	negs	r1, r2
10005052:	1a9b      	subs	r3, r3, r2
10005054:	6822      	ldr	r2, [r4, #0]
10005056:	60e3      	str	r3, [r4, #12]
10005058:	4293      	cmp	r3, r2
1000505a:	d202      	bcs.n	10005062 <xQueueGenericSendFromISR+0xea>
1000505c:	68a3      	ldr	r3, [r4, #8]
1000505e:	185b      	adds	r3, r3, r1
10005060:	60e3      	str	r3, [r4, #12]
10005062:	4657      	mov	r7, sl
10005064:	2d02      	cmp	r5, #2
10005066:	d017      	beq.n	10005098 <xQueueGenericSendFromISR+0x120>
10005068:	3701      	adds	r7, #1
1000506a:	e7b5      	b.n	10004fd8 <xQueueGenericSendFromISR+0x60>
1000506c:	6a63      	ldr	r3, [r4, #36]	@ 0x24
1000506e:	2b00      	cmp	r3, #0
10005070:	d0be      	beq.n	10004ff0 <xQueueGenericSendFromISR+0x78>
10005072:	0020      	movs	r0, r4
10005074:	3024      	adds	r0, #36	@ 0x24
10005076:	f000 ff01 	bl	10005e7c <xTaskRemoveFromEventList>
1000507a:	2800      	cmp	r0, #0
1000507c:	d105      	bne.n	1000508a <xQueueGenericSendFromISR+0x112>
1000507e:	e7b7      	b.n	10004ff0 <xQueueGenericSendFromISR+0x78>
10005080:	0020      	movs	r0, r4
10005082:	f7ff fdbd 	bl	10004c00 <prvNotifyQueueSetContainer>
10005086:	2800      	cmp	r0, #0
10005088:	d0b2      	beq.n	10004ff0 <xQueueGenericSendFromISR+0x78>
1000508a:	464b      	mov	r3, r9
1000508c:	2b00      	cmp	r3, #0
1000508e:	d0af      	beq.n	10004ff0 <xQueueGenericSendFromISR+0x78>
10005090:	2301      	movs	r3, #1
10005092:	464a      	mov	r2, r9
10005094:	6013      	str	r3, [r2, #0]
10005096:	e7ab      	b.n	10004ff0 <xQueueGenericSendFromISR+0x78>
10005098:	2f00      	cmp	r7, #0
1000509a:	d19d      	bne.n	10004fd8 <xQueueGenericSendFromISR+0x60>
1000509c:	3701      	adds	r7, #1
1000509e:	e79b      	b.n	10004fd8 <xQueueGenericSendFromISR+0x60>
100050a0:	68a0      	ldr	r0, [r4, #8]
100050a2:	f001 f837 	bl	10006114 <xTaskPriorityDisinherit>
100050a6:	4653      	mov	r3, sl
100050a8:	60a3      	str	r3, [r4, #8]
100050aa:	e795      	b.n	10004fd8 <xQueueGenericSendFromISR+0x60>

100050ac <xQueueReceive>:
100050ac:	b5f0      	push	{r4, r5, r6, r7, lr}
100050ae:	4647      	mov	r7, r8
100050b0:	46ce      	mov	lr, r9
100050b2:	0004      	movs	r4, r0
100050b4:	b580      	push	{r7, lr}
100050b6:	b085      	sub	sp, #20
100050b8:	4688      	mov	r8, r1
100050ba:	9201      	str	r2, [sp, #4]
100050bc:	f7ff f9f8 	bl	100044b0 <vPortEnterCritical>
100050c0:	6ba7      	ldr	r7, [r4, #56]	@ 0x38
100050c2:	2f00      	cmp	r7, #0
100050c4:	d15e      	bne.n	10005184 <xQueueReceive+0xd8>
100050c6:	9b01      	ldr	r3, [sp, #4]
100050c8:	2b00      	cmp	r3, #0
100050ca:	d03b      	beq.n	10005144 <xQueueReceive+0x98>
100050cc:	a802      	add	r0, sp, #8
100050ce:	f000 ff85 	bl	10005fdc <vTaskInternalSetTimeOutState>
100050d2:	2300      	movs	r3, #0
100050d4:	2644      	movs	r6, #68	@ 0x44
100050d6:	4699      	mov	r9, r3
100050d8:	2545      	movs	r5, #69	@ 0x45
100050da:	f7ff f9f5 	bl	100044c8 <vPortExitCritical>
100050de:	f000 fc37 	bl	10005950 <vTaskSuspendAll>
100050e2:	f7ff f9e5 	bl	100044b0 <vPortEnterCritical>
100050e6:	5da3      	ldrb	r3, [r4, r6]
100050e8:	b25b      	sxtb	r3, r3
100050ea:	3301      	adds	r3, #1
100050ec:	d101      	bne.n	100050f2 <xQueueReceive+0x46>
100050ee:	464b      	mov	r3, r9
100050f0:	55a3      	strb	r3, [r4, r6]
100050f2:	5d63      	ldrb	r3, [r4, r5]
100050f4:	b25b      	sxtb	r3, r3
100050f6:	3301      	adds	r3, #1
100050f8:	d101      	bne.n	100050fe <xQueueReceive+0x52>
100050fa:	464b      	mov	r3, r9
100050fc:	5563      	strb	r3, [r4, r5]
100050fe:	f7ff f9e3 	bl	100044c8 <vPortExitCritical>
10005102:	a901      	add	r1, sp, #4
10005104:	a802      	add	r0, sp, #8
10005106:	f000 ff75 	bl	10005ff4 <xTaskCheckForTimeOut>
1000510a:	2800      	cmp	r0, #0
1000510c:	d122      	bne.n	10005154 <xQueueReceive+0xa8>
1000510e:	f7ff f9cf 	bl	100044b0 <vPortEnterCritical>
10005112:	6ba3      	ldr	r3, [r4, #56]	@ 0x38
10005114:	2b00      	cmp	r3, #0
10005116:	d12a      	bne.n	1000516e <xQueueReceive+0xc2>
10005118:	f7ff f9d6 	bl	100044c8 <vPortExitCritical>
1000511c:	0020      	movs	r0, r4
1000511e:	9901      	ldr	r1, [sp, #4]
10005120:	3024      	adds	r0, #36	@ 0x24
10005122:	f000 fd7f 	bl	10005c24 <vTaskPlaceOnEventList>
10005126:	0020      	movs	r0, r4
10005128:	f7ff fcaa 	bl	10004a80 <prvUnlockQueue>
1000512c:	f000 fc18 	bl	10005960 <xTaskResumeAll>
10005130:	2800      	cmp	r0, #0
10005132:	d024      	beq.n	1000517e <xQueueReceive+0xd2>
10005134:	f7ff f9bc 	bl	100044b0 <vPortEnterCritical>
10005138:	6ba7      	ldr	r7, [r4, #56]	@ 0x38
1000513a:	2f00      	cmp	r7, #0
1000513c:	d122      	bne.n	10005184 <xQueueReceive+0xd8>
1000513e:	9b01      	ldr	r3, [sp, #4]
10005140:	2b00      	cmp	r3, #0
10005142:	d1ca      	bne.n	100050da <xQueueReceive+0x2e>
10005144:	f7ff f9c0 	bl	100044c8 <vPortExitCritical>
10005148:	2000      	movs	r0, #0
1000514a:	b005      	add	sp, #20
1000514c:	bcc0      	pop	{r6, r7}
1000514e:	46b9      	mov	r9, r7
10005150:	46b0      	mov	r8, r6
10005152:	bdf0      	pop	{r4, r5, r6, r7, pc}
10005154:	0020      	movs	r0, r4
10005156:	f7ff fc93 	bl	10004a80 <prvUnlockQueue>
1000515a:	f000 fc01 	bl	10005960 <xTaskResumeAll>
1000515e:	f7ff f9a7 	bl	100044b0 <vPortEnterCritical>
10005162:	6ba3      	ldr	r3, [r4, #56]	@ 0x38
10005164:	2b00      	cmp	r3, #0
10005166:	d0ed      	beq.n	10005144 <xQueueReceive+0x98>
10005168:	f7ff f9ae 	bl	100044c8 <vPortExitCritical>
1000516c:	e7e2      	b.n	10005134 <xQueueReceive+0x88>
1000516e:	f7ff f9ab 	bl	100044c8 <vPortExitCritical>
10005172:	0020      	movs	r0, r4
10005174:	f7ff fc84 	bl	10004a80 <prvUnlockQueue>
10005178:	f000 fbf2 	bl	10005960 <xTaskResumeAll>
1000517c:	e7da      	b.n	10005134 <xQueueReceive+0x88>
1000517e:	f7ff f98b 	bl	10004498 <vPortYield>
10005182:	e7d7      	b.n	10005134 <xQueueReceive+0x88>
10005184:	6c22      	ldr	r2, [r4, #64]	@ 0x40
10005186:	2a00      	cmp	r2, #0
10005188:	d008      	beq.n	1000519c <xQueueReceive+0xf0>
1000518a:	68e1      	ldr	r1, [r4, #12]
1000518c:	68a3      	ldr	r3, [r4, #8]
1000518e:	1889      	adds	r1, r1, r2
10005190:	60e1      	str	r1, [r4, #12]
10005192:	4299      	cmp	r1, r3
10005194:	d20b      	bcs.n	100051ae <xQueueReceive+0x102>
10005196:	4640      	mov	r0, r8
10005198:	f7fd fa0a 	bl	100025b0 <__wrap___aeabi_memcpy>
1000519c:	1e7b      	subs	r3, r7, #1
1000519e:	63a3      	str	r3, [r4, #56]	@ 0x38
100051a0:	6923      	ldr	r3, [r4, #16]
100051a2:	2b00      	cmp	r3, #0
100051a4:	d106      	bne.n	100051b4 <xQueueReceive+0x108>
100051a6:	f7ff f98f 	bl	100044c8 <vPortExitCritical>
100051aa:	2001      	movs	r0, #1
100051ac:	e7cd      	b.n	1000514a <xQueueReceive+0x9e>
100051ae:	6821      	ldr	r1, [r4, #0]
100051b0:	60e1      	str	r1, [r4, #12]
100051b2:	e7f0      	b.n	10005196 <xQueueReceive+0xea>
100051b4:	0020      	movs	r0, r4
100051b6:	3010      	adds	r0, #16
100051b8:	f000 fe60 	bl	10005e7c <xTaskRemoveFromEventList>
100051bc:	2800      	cmp	r0, #0
100051be:	d0f2      	beq.n	100051a6 <xQueueReceive+0xfa>
100051c0:	f7ff f96a 	bl	10004498 <vPortYield>
100051c4:	e7ef      	b.n	100051a6 <xQueueReceive+0xfa>
100051c6:	46c0      	nop			@ (mov r8, r8)

100051c8 <xQueueSemaphoreTake>:
100051c8:	b5f0      	push	{r4, r5, r6, r7, lr}
100051ca:	46c6      	mov	lr, r8
100051cc:	2300      	movs	r3, #0
100051ce:	0004      	movs	r4, r0
100051d0:	b500      	push	{lr}
100051d2:	b084      	sub	sp, #16
100051d4:	4698      	mov	r8, r3
100051d6:	9101      	str	r1, [sp, #4]
100051d8:	f7ff f96a 	bl	100044b0 <vPortEnterCritical>
100051dc:	6ba3      	ldr	r3, [r4, #56]	@ 0x38
100051de:	2700      	movs	r7, #0
100051e0:	2544      	movs	r5, #68	@ 0x44
100051e2:	2600      	movs	r6, #0
100051e4:	2b00      	cmp	r3, #0
100051e6:	d13a      	bne.n	1000525e <xQueueSemaphoreTake+0x96>
100051e8:	9b01      	ldr	r3, [sp, #4]
100051ea:	2b00      	cmp	r3, #0
100051ec:	d100      	bne.n	100051f0 <xQueueSemaphoreTake+0x28>
100051ee:	e06f      	b.n	100052d0 <xQueueSemaphoreTake+0x108>
100051f0:	2f00      	cmp	r7, #0
100051f2:	d054      	beq.n	1000529e <xQueueSemaphoreTake+0xd6>
100051f4:	f7ff f968 	bl	100044c8 <vPortExitCritical>
100051f8:	f000 fbaa 	bl	10005950 <vTaskSuspendAll>
100051fc:	f7ff f958 	bl	100044b0 <vPortEnterCritical>
10005200:	5d63      	ldrb	r3, [r4, r5]
10005202:	b25b      	sxtb	r3, r3
10005204:	3301      	adds	r3, #1
10005206:	d100      	bne.n	1000520a <xQueueSemaphoreTake+0x42>
10005208:	5566      	strb	r6, [r4, r5]
1000520a:	2245      	movs	r2, #69	@ 0x45
1000520c:	5ca3      	ldrb	r3, [r4, r2]
1000520e:	b25b      	sxtb	r3, r3
10005210:	3301      	adds	r3, #1
10005212:	d100      	bne.n	10005216 <xQueueSemaphoreTake+0x4e>
10005214:	54a6      	strb	r6, [r4, r2]
10005216:	f7ff f957 	bl	100044c8 <vPortExitCritical>
1000521a:	a901      	add	r1, sp, #4
1000521c:	a802      	add	r0, sp, #8
1000521e:	f000 fee9 	bl	10005ff4 <xTaskCheckForTimeOut>
10005222:	2800      	cmp	r0, #0
10005224:	d127      	bne.n	10005276 <xQueueSemaphoreTake+0xae>
10005226:	f7ff f943 	bl	100044b0 <vPortEnterCritical>
1000522a:	6ba3      	ldr	r3, [r4, #56]	@ 0x38
1000522c:	2b00      	cmp	r3, #0
1000522e:	d13e      	bne.n	100052ae <xQueueSemaphoreTake+0xe6>
10005230:	f7ff f94a 	bl	100044c8 <vPortExitCritical>
10005234:	6823      	ldr	r3, [r4, #0]
10005236:	2b00      	cmp	r3, #0
10005238:	d056      	beq.n	100052e8 <xQueueSemaphoreTake+0x120>
1000523a:	0020      	movs	r0, r4
1000523c:	9901      	ldr	r1, [sp, #4]
1000523e:	3024      	adds	r0, #36	@ 0x24
10005240:	f000 fcf0 	bl	10005c24 <vTaskPlaceOnEventList>
10005244:	0020      	movs	r0, r4
10005246:	f7ff fc1b 	bl	10004a80 <prvUnlockQueue>
1000524a:	f000 fb89 	bl	10005960 <xTaskResumeAll>
1000524e:	2800      	cmp	r0, #0
10005250:	d041      	beq.n	100052d6 <xQueueSemaphoreTake+0x10e>
10005252:	2701      	movs	r7, #1
10005254:	f7ff f92c 	bl	100044b0 <vPortEnterCritical>
10005258:	6ba3      	ldr	r3, [r4, #56]	@ 0x38
1000525a:	2b00      	cmp	r3, #0
1000525c:	d0c4      	beq.n	100051e8 <xQueueSemaphoreTake+0x20>
1000525e:	3b01      	subs	r3, #1
10005260:	63a3      	str	r3, [r4, #56]	@ 0x38
10005262:	6823      	ldr	r3, [r4, #0]
10005264:	2b00      	cmp	r3, #0
10005266:	d051      	beq.n	1000530c <xQueueSemaphoreTake+0x144>
10005268:	6923      	ldr	r3, [r4, #16]
1000526a:	2b00      	cmp	r3, #0
1000526c:	d145      	bne.n	100052fa <xQueueSemaphoreTake+0x132>
1000526e:	f7ff f92b 	bl	100044c8 <vPortExitCritical>
10005272:	2001      	movs	r0, #1
10005274:	e00f      	b.n	10005296 <xQueueSemaphoreTake+0xce>
10005276:	0020      	movs	r0, r4
10005278:	f7ff fc02 	bl	10004a80 <prvUnlockQueue>
1000527c:	f000 fb70 	bl	10005960 <xTaskResumeAll>
10005280:	f7ff f916 	bl	100044b0 <vPortEnterCritical>
10005284:	6ba3      	ldr	r3, [r4, #56]	@ 0x38
10005286:	2b00      	cmp	r3, #0
10005288:	d10d      	bne.n	100052a6 <xQueueSemaphoreTake+0xde>
1000528a:	f7ff f91d 	bl	100044c8 <vPortExitCritical>
1000528e:	4643      	mov	r3, r8
10005290:	2b00      	cmp	r3, #0
10005292:	d115      	bne.n	100052c0 <xQueueSemaphoreTake+0xf8>
10005294:	2000      	movs	r0, #0
10005296:	b004      	add	sp, #16
10005298:	bc80      	pop	{r7}
1000529a:	46b8      	mov	r8, r7
1000529c:	bdf0      	pop	{r4, r5, r6, r7, pc}
1000529e:	a802      	add	r0, sp, #8
100052a0:	f000 fe9c 	bl	10005fdc <vTaskInternalSetTimeOutState>
100052a4:	e7a6      	b.n	100051f4 <xQueueSemaphoreTake+0x2c>
100052a6:	f7ff f90f 	bl	100044c8 <vPortExitCritical>
100052aa:	2701      	movs	r7, #1
100052ac:	e7d2      	b.n	10005254 <xQueueSemaphoreTake+0x8c>
100052ae:	f7ff f90b 	bl	100044c8 <vPortExitCritical>
100052b2:	0020      	movs	r0, r4
100052b4:	f7ff fbe4 	bl	10004a80 <prvUnlockQueue>
100052b8:	2701      	movs	r7, #1
100052ba:	f000 fb51 	bl	10005960 <xTaskResumeAll>
100052be:	e7c9      	b.n	10005254 <xQueueSemaphoreTake+0x8c>
100052c0:	f7ff f8f6 	bl	100044b0 <vPortEnterCritical>
100052c4:	6a61      	ldr	r1, [r4, #36]	@ 0x24
100052c6:	2900      	cmp	r1, #0
100052c8:	d109      	bne.n	100052de <xQueueSemaphoreTake+0x116>
100052ca:	68a0      	ldr	r0, [r4, #8]
100052cc:	f000 ff54 	bl	10006178 <vTaskPriorityDisinheritAfterTimeout>
100052d0:	f7ff f8fa 	bl	100044c8 <vPortExitCritical>
100052d4:	e7de      	b.n	10005294 <xQueueSemaphoreTake+0xcc>
100052d6:	f7ff f8df 	bl	10004498 <vPortYield>
100052da:	2701      	movs	r7, #1
100052dc:	e7ba      	b.n	10005254 <xQueueSemaphoreTake+0x8c>
100052de:	2120      	movs	r1, #32
100052e0:	6b23      	ldr	r3, [r4, #48]	@ 0x30
100052e2:	681b      	ldr	r3, [r3, #0]
100052e4:	1ac9      	subs	r1, r1, r3
100052e6:	e7f0      	b.n	100052ca <xQueueSemaphoreTake+0x102>
100052e8:	f7ff f8e2 	bl	100044b0 <vPortEnterCritical>
100052ec:	68a0      	ldr	r0, [r4, #8]
100052ee:	f000 fec7 	bl	10006080 <xTaskPriorityInherit>
100052f2:	4680      	mov	r8, r0
100052f4:	f7ff f8e8 	bl	100044c8 <vPortExitCritical>
100052f8:	e79f      	b.n	1000523a <xQueueSemaphoreTake+0x72>
100052fa:	0020      	movs	r0, r4
100052fc:	3010      	adds	r0, #16
100052fe:	f000 fdbd 	bl	10005e7c <xTaskRemoveFromEventList>
10005302:	2800      	cmp	r0, #0
10005304:	d0b3      	beq.n	1000526e <xQueueSemaphoreTake+0xa6>
10005306:	f7ff f8c7 	bl	10004498 <vPortYield>
1000530a:	e7b0      	b.n	1000526e <xQueueSemaphoreTake+0xa6>
1000530c:	f000 ff7e 	bl	1000620c <pvTaskIncrementMutexHeldCount>
10005310:	60a0      	str	r0, [r4, #8]
10005312:	e7a9      	b.n	10005268 <xQueueSemaphoreTake+0xa0>

10005314 <vQueueAddToRegistry>:
10005314:	b510      	push	{r4, lr}
10005316:	2900      	cmp	r1, #0
10005318:	d033      	beq.n	10005382 <vQueueAddToRegistry+0x6e>
1000531a:	4b42      	ldr	r3, [pc, #264]	@ (10005424 <vQueueAddToRegistry+0x110>)
1000531c:	685a      	ldr	r2, [r3, #4]
1000531e:	4290      	cmp	r0, r2
10005320:	d100      	bne.n	10005324 <vQueueAddToRegistry+0x10>
10005322:	e073      	b.n	1000540c <vQueueAddToRegistry+0xf8>
10005324:	681a      	ldr	r2, [r3, #0]
10005326:	2a00      	cmp	r2, #0
10005328:	d02c      	beq.n	10005384 <vQueueAddToRegistry+0x70>
1000532a:	68da      	ldr	r2, [r3, #12]
1000532c:	4290      	cmp	r0, r2
1000532e:	d100      	bne.n	10005332 <vQueueAddToRegistry+0x1e>
10005330:	e076      	b.n	10005420 <vQueueAddToRegistry+0x10c>
10005332:	689a      	ldr	r2, [r3, #8]
10005334:	2a00      	cmp	r2, #0
10005336:	d03e      	beq.n	100053b6 <vQueueAddToRegistry+0xa2>
10005338:	695a      	ldr	r2, [r3, #20]
1000533a:	4290      	cmp	r0, r2
1000533c:	d100      	bne.n	10005340 <vQueueAddToRegistry+0x2c>
1000533e:	e06d      	b.n	1000541c <vQueueAddToRegistry+0x108>
10005340:	691a      	ldr	r2, [r3, #16]
10005342:	2a00      	cmp	r2, #0
10005344:	d03d      	beq.n	100053c2 <vQueueAddToRegistry+0xae>
10005346:	69da      	ldr	r2, [r3, #28]
10005348:	4290      	cmp	r0, r2
1000534a:	d061      	beq.n	10005410 <vQueueAddToRegistry+0xfc>
1000534c:	699a      	ldr	r2, [r3, #24]
1000534e:	2a00      	cmp	r2, #0
10005350:	d03d      	beq.n	100053ce <vQueueAddToRegistry+0xba>
10005352:	6a5a      	ldr	r2, [r3, #36]	@ 0x24
10005354:	4290      	cmp	r0, r2
10005356:	d042      	beq.n	100053de <vQueueAddToRegistry+0xca>
10005358:	6a1a      	ldr	r2, [r3, #32]
1000535a:	2a00      	cmp	r2, #0
1000535c:	d043      	beq.n	100053e6 <vQueueAddToRegistry+0xd2>
1000535e:	6ada      	ldr	r2, [r3, #44]	@ 0x2c
10005360:	4290      	cmp	r0, r2
10005362:	d057      	beq.n	10005414 <vQueueAddToRegistry+0x100>
10005364:	6a9a      	ldr	r2, [r3, #40]	@ 0x28
10005366:	2a00      	cmp	r2, #0
10005368:	d043      	beq.n	100053f2 <vQueueAddToRegistry+0xde>
1000536a:	6b5a      	ldr	r2, [r3, #52]	@ 0x34
1000536c:	4290      	cmp	r0, r2
1000536e:	d053      	beq.n	10005418 <vQueueAddToRegistry+0x104>
10005370:	6b1a      	ldr	r2, [r3, #48]	@ 0x30
10005372:	2a00      	cmp	r2, #0
10005374:	d043      	beq.n	100053fe <vQueueAddToRegistry+0xea>
10005376:	6bda      	ldr	r2, [r3, #60]	@ 0x3c
10005378:	4290      	cmp	r0, r2
1000537a:	d045      	beq.n	10005408 <vQueueAddToRegistry+0xf4>
1000537c:	6b9a      	ldr	r2, [r3, #56]	@ 0x38
1000537e:	2a00      	cmp	r2, #0
10005380:	d02a      	beq.n	100053d8 <vQueueAddToRegistry+0xc4>
10005382:	bd10      	pop	{r4, pc}
10005384:	68da      	ldr	r2, [r3, #12]
10005386:	4290      	cmp	r0, r2
10005388:	d04a      	beq.n	10005420 <vQueueAddToRegistry+0x10c>
1000538a:	695a      	ldr	r2, [r3, #20]
1000538c:	4290      	cmp	r0, r2
1000538e:	d045      	beq.n	1000541c <vQueueAddToRegistry+0x108>
10005390:	001a      	movs	r2, r3
10005392:	69dc      	ldr	r4, [r3, #28]
10005394:	42a0      	cmp	r0, r4
10005396:	d03b      	beq.n	10005410 <vQueueAddToRegistry+0xfc>
10005398:	6a5c      	ldr	r4, [r3, #36]	@ 0x24
1000539a:	42a0      	cmp	r0, r4
1000539c:	d01f      	beq.n	100053de <vQueueAddToRegistry+0xca>
1000539e:	6adc      	ldr	r4, [r3, #44]	@ 0x2c
100053a0:	42a0      	cmp	r0, r4
100053a2:	d037      	beq.n	10005414 <vQueueAddToRegistry+0x100>
100053a4:	6b5c      	ldr	r4, [r3, #52]	@ 0x34
100053a6:	42a0      	cmp	r0, r4
100053a8:	d036      	beq.n	10005418 <vQueueAddToRegistry+0x104>
100053aa:	6bdc      	ldr	r4, [r3, #60]	@ 0x3c
100053ac:	42a0      	cmp	r0, r4
100053ae:	d02b      	beq.n	10005408 <vQueueAddToRegistry+0xf4>
100053b0:	6011      	str	r1, [r2, #0]
100053b2:	6050      	str	r0, [r2, #4]
100053b4:	e7e5      	b.n	10005382 <vQueueAddToRegistry+0x6e>
100053b6:	695a      	ldr	r2, [r3, #20]
100053b8:	4290      	cmp	r0, r2
100053ba:	d02f      	beq.n	1000541c <vQueueAddToRegistry+0x108>
100053bc:	001a      	movs	r2, r3
100053be:	3208      	adds	r2, #8
100053c0:	e7e7      	b.n	10005392 <vQueueAddToRegistry+0x7e>
100053c2:	69da      	ldr	r2, [r3, #28]
100053c4:	4290      	cmp	r0, r2
100053c6:	d023      	beq.n	10005410 <vQueueAddToRegistry+0xfc>
100053c8:	001a      	movs	r2, r3
100053ca:	3210      	adds	r2, #16
100053cc:	e7e4      	b.n	10005398 <vQueueAddToRegistry+0x84>
100053ce:	6a5a      	ldr	r2, [r3, #36]	@ 0x24
100053d0:	4290      	cmp	r0, r2
100053d2:	d004      	beq.n	100053de <vQueueAddToRegistry+0xca>
100053d4:	4a14      	ldr	r2, [pc, #80]	@ (10005428 <vQueueAddToRegistry+0x114>)
100053d6:	e7e2      	b.n	1000539e <vQueueAddToRegistry+0x8a>
100053d8:	3338      	adds	r3, #56	@ 0x38
100053da:	001a      	movs	r2, r3
100053dc:	e7e8      	b.n	100053b0 <vQueueAddToRegistry+0x9c>
100053de:	2204      	movs	r2, #4
100053e0:	00d2      	lsls	r2, r2, #3
100053e2:	189a      	adds	r2, r3, r2
100053e4:	e7e4      	b.n	100053b0 <vQueueAddToRegistry+0x9c>
100053e6:	6ada      	ldr	r2, [r3, #44]	@ 0x2c
100053e8:	4290      	cmp	r0, r2
100053ea:	d013      	beq.n	10005414 <vQueueAddToRegistry+0x100>
100053ec:	001a      	movs	r2, r3
100053ee:	3220      	adds	r2, #32
100053f0:	e7d8      	b.n	100053a4 <vQueueAddToRegistry+0x90>
100053f2:	6b5a      	ldr	r2, [r3, #52]	@ 0x34
100053f4:	4290      	cmp	r0, r2
100053f6:	d00f      	beq.n	10005418 <vQueueAddToRegistry+0x104>
100053f8:	001a      	movs	r2, r3
100053fa:	3228      	adds	r2, #40	@ 0x28
100053fc:	e7d5      	b.n	100053aa <vQueueAddToRegistry+0x96>
100053fe:	001a      	movs	r2, r3
10005400:	6bdc      	ldr	r4, [r3, #60]	@ 0x3c
10005402:	3230      	adds	r2, #48	@ 0x30
10005404:	42a0      	cmp	r0, r4
10005406:	d1d3      	bne.n	100053b0 <vQueueAddToRegistry+0x9c>
10005408:	2207      	movs	r2, #7
1000540a:	e7e9      	b.n	100053e0 <vQueueAddToRegistry+0xcc>
1000540c:	2200      	movs	r2, #0
1000540e:	e7e7      	b.n	100053e0 <vQueueAddToRegistry+0xcc>
10005410:	2203      	movs	r2, #3
10005412:	e7e5      	b.n	100053e0 <vQueueAddToRegistry+0xcc>
10005414:	2205      	movs	r2, #5
10005416:	e7e3      	b.n	100053e0 <vQueueAddToRegistry+0xcc>
10005418:	2206      	movs	r2, #6
1000541a:	e7e1      	b.n	100053e0 <vQueueAddToRegistry+0xcc>
1000541c:	2202      	movs	r2, #2
1000541e:	e7df      	b.n	100053e0 <vQueueAddToRegistry+0xcc>
10005420:	2201      	movs	r2, #1
10005422:	e7dd      	b.n	100053e0 <vQueueAddToRegistry+0xcc>
10005424:	200012d0 	.word	0x200012d0
10005428:	200012e8 	.word	0x200012e8

1000542c <vQueueWaitForMessageRestricted>:
1000542c:	b570      	push	{r4, r5, r6, lr}
1000542e:	0004      	movs	r4, r0
10005430:	0016      	movs	r6, r2
10005432:	000d      	movs	r5, r1
10005434:	f7ff f83c 	bl	100044b0 <vPortEnterCritical>
10005438:	2244      	movs	r2, #68	@ 0x44
1000543a:	5ca3      	ldrb	r3, [r4, r2]
1000543c:	b25b      	sxtb	r3, r3
1000543e:	3301      	adds	r3, #1
10005440:	d101      	bne.n	10005446 <vQueueWaitForMessageRestricted+0x1a>
10005442:	2300      	movs	r3, #0
10005444:	54a3      	strb	r3, [r4, r2]
10005446:	2245      	movs	r2, #69	@ 0x45
10005448:	5ca3      	ldrb	r3, [r4, r2]
1000544a:	b25b      	sxtb	r3, r3
1000544c:	3301      	adds	r3, #1
1000544e:	d101      	bne.n	10005454 <vQueueWaitForMessageRestricted+0x28>
10005450:	2300      	movs	r3, #0
10005452:	54a3      	strb	r3, [r4, r2]
10005454:	f7ff f838 	bl	100044c8 <vPortExitCritical>
10005458:	6ba3      	ldr	r3, [r4, #56]	@ 0x38
1000545a:	2b00      	cmp	r3, #0
1000545c:	d003      	beq.n	10005466 <vQueueWaitForMessageRestricted+0x3a>
1000545e:	0020      	movs	r0, r4
10005460:	f7ff fb0e 	bl	10004a80 <prvUnlockQueue>
10005464:	bd70      	pop	{r4, r5, r6, pc}
10005466:	0020      	movs	r0, r4
10005468:	0032      	movs	r2, r6
1000546a:	0029      	movs	r1, r5
1000546c:	3024      	adds	r0, #36	@ 0x24
1000546e:	f000 fc8b 	bl	10005d88 <vTaskPlaceOnEventListRestricted>
10005472:	e7f4      	b.n	1000545e <vQueueWaitForMessageRestricted+0x32>

10005474 <prvAddNewTaskToReadyList>:
10005474:	b5f0      	push	{r4, r5, r6, r7, lr}
10005476:	46c6      	mov	lr, r8
10005478:	b500      	push	{lr}
1000547a:	0004      	movs	r4, r0
1000547c:	f7ff f818 	bl	100044b0 <vPortEnterCritical>
10005480:	4a38      	ldr	r2, [pc, #224]	@ (10005564 <prvAddNewTaskToReadyList+0xf0>)
10005482:	4f39      	ldr	r7, [pc, #228]	@ (10005568 <prvAddNewTaskToReadyList+0xf4>)
10005484:	6813      	ldr	r3, [r2, #0]
10005486:	3301      	adds	r3, #1
10005488:	6013      	str	r3, [r2, #0]
1000548a:	683b      	ldr	r3, [r7, #0]
1000548c:	2b00      	cmp	r3, #0
1000548e:	d035      	beq.n	100054fc <prvAddNewTaskToReadyList+0x88>
10005490:	4b36      	ldr	r3, [pc, #216]	@ (1000556c <prvAddNewTaskToReadyList+0xf8>)
10005492:	6ae2      	ldr	r2, [r4, #44]	@ 0x2c
10005494:	4698      	mov	r8, r3
10005496:	681b      	ldr	r3, [r3, #0]
10005498:	2b00      	cmp	r3, #0
1000549a:	d029      	beq.n	100054f0 <prvAddNewTaskToReadyList+0x7c>
1000549c:	4e34      	ldr	r6, [pc, #208]	@ (10005570 <prvAddNewTaskToReadyList+0xfc>)
1000549e:	4935      	ldr	r1, [pc, #212]	@ (10005574 <prvAddNewTaskToReadyList+0x100>)
100054a0:	680b      	ldr	r3, [r1, #0]
100054a2:	3301      	adds	r3, #1
100054a4:	600b      	str	r3, [r1, #0]
100054a6:	6463      	str	r3, [r4, #68]	@ 0x44
100054a8:	4b33      	ldr	r3, [pc, #204]	@ (10005578 <prvAddNewTaskToReadyList+0x104>)
100054aa:	6819      	ldr	r1, [r3, #0]
100054ac:	4291      	cmp	r1, r2
100054ae:	d200      	bcs.n	100054b2 <prvAddNewTaskToReadyList+0x3e>
100054b0:	601a      	str	r2, [r3, #0]
100054b2:	0093      	lsls	r3, r2, #2
100054b4:	189b      	adds	r3, r3, r2
100054b6:	009b      	lsls	r3, r3, #2
100054b8:	18f1      	adds	r1, r6, r3
100054ba:	684a      	ldr	r2, [r1, #4]
100054bc:	6890      	ldr	r0, [r2, #8]
100054be:	60a2      	str	r2, [r4, #8]
100054c0:	4684      	mov	ip, r0
100054c2:	4665      	mov	r5, ip
100054c4:	60e0      	str	r0, [r4, #12]
100054c6:	1d20      	adds	r0, r4, #4
100054c8:	6068      	str	r0, [r5, #4]
100054ca:	6090      	str	r0, [r2, #8]
100054cc:	58f2      	ldr	r2, [r6, r3]
100054ce:	6161      	str	r1, [r4, #20]
100054d0:	3201      	adds	r2, #1
100054d2:	50f2      	str	r2, [r6, r3]
100054d4:	f7fe fff8 	bl	100044c8 <vPortExitCritical>
100054d8:	4643      	mov	r3, r8
100054da:	681b      	ldr	r3, [r3, #0]
100054dc:	2b00      	cmp	r3, #0
100054de:	d004      	beq.n	100054ea <prvAddNewTaskToReadyList+0x76>
100054e0:	683b      	ldr	r3, [r7, #0]
100054e2:	6ada      	ldr	r2, [r3, #44]	@ 0x2c
100054e4:	6ae3      	ldr	r3, [r4, #44]	@ 0x2c
100054e6:	429a      	cmp	r2, r3
100054e8:	d311      	bcc.n	1000550e <prvAddNewTaskToReadyList+0x9a>
100054ea:	bc80      	pop	{r7}
100054ec:	46b8      	mov	r8, r7
100054ee:	bdf0      	pop	{r4, r5, r6, r7, pc}
100054f0:	683b      	ldr	r3, [r7, #0]
100054f2:	6adb      	ldr	r3, [r3, #44]	@ 0x2c
100054f4:	4293      	cmp	r3, r2
100054f6:	d8d1      	bhi.n	1000549c <prvAddNewTaskToReadyList+0x28>
100054f8:	603c      	str	r4, [r7, #0]
100054fa:	e7cf      	b.n	1000549c <prvAddNewTaskToReadyList+0x28>
100054fc:	603c      	str	r4, [r7, #0]
100054fe:	6813      	ldr	r3, [r2, #0]
10005500:	2b01      	cmp	r3, #1
10005502:	d007      	beq.n	10005514 <prvAddNewTaskToReadyList+0xa0>
10005504:	4b19      	ldr	r3, [pc, #100]	@ (1000556c <prvAddNewTaskToReadyList+0xf8>)
10005506:	6ae2      	ldr	r2, [r4, #44]	@ 0x2c
10005508:	4698      	mov	r8, r3
1000550a:	4e19      	ldr	r6, [pc, #100]	@ (10005570 <prvAddNewTaskToReadyList+0xfc>)
1000550c:	e7c7      	b.n	1000549e <prvAddNewTaskToReadyList+0x2a>
1000550e:	f7fe ffc3 	bl	10004498 <vPortYield>
10005512:	e7ea      	b.n	100054ea <prvAddNewTaskToReadyList+0x76>
10005514:	23a0      	movs	r3, #160	@ 0xa0
10005516:	4e16      	ldr	r6, [pc, #88]	@ (10005570 <prvAddNewTaskToReadyList+0xfc>)
10005518:	009b      	lsls	r3, r3, #2
1000551a:	4698      	mov	r8, r3
1000551c:	0035      	movs	r5, r6
1000551e:	44b0      	add	r8, r6
10005520:	0028      	movs	r0, r5
10005522:	3514      	adds	r5, #20
10005524:	f7ff fa74 	bl	10004a10 <vListInitialise>
10005528:	4545      	cmp	r5, r8
1000552a:	d1f9      	bne.n	10005520 <prvAddNewTaskToReadyList+0xac>
1000552c:	4b13      	ldr	r3, [pc, #76]	@ (1000557c <prvAddNewTaskToReadyList+0x108>)
1000552e:	4698      	mov	r8, r3
10005530:	0018      	movs	r0, r3
10005532:	f7ff fa6d 	bl	10004a10 <vListInitialise>
10005536:	4d12      	ldr	r5, [pc, #72]	@ (10005580 <prvAddNewTaskToReadyList+0x10c>)
10005538:	0028      	movs	r0, r5
1000553a:	f7ff fa69 	bl	10004a10 <vListInitialise>
1000553e:	4811      	ldr	r0, [pc, #68]	@ (10005584 <prvAddNewTaskToReadyList+0x110>)
10005540:	f7ff fa66 	bl	10004a10 <vListInitialise>
10005544:	4810      	ldr	r0, [pc, #64]	@ (10005588 <prvAddNewTaskToReadyList+0x114>)
10005546:	f7ff fa63 	bl	10004a10 <vListInitialise>
1000554a:	4810      	ldr	r0, [pc, #64]	@ (1000558c <prvAddNewTaskToReadyList+0x118>)
1000554c:	f7ff fa60 	bl	10004a10 <vListInitialise>
10005550:	4642      	mov	r2, r8
10005552:	4b0f      	ldr	r3, [pc, #60]	@ (10005590 <prvAddNewTaskToReadyList+0x11c>)
10005554:	601a      	str	r2, [r3, #0]
10005556:	4b0f      	ldr	r3, [pc, #60]	@ (10005594 <prvAddNewTaskToReadyList+0x120>)
10005558:	6ae2      	ldr	r2, [r4, #44]	@ 0x2c
1000555a:	601d      	str	r5, [r3, #0]
1000555c:	4b03      	ldr	r3, [pc, #12]	@ (1000556c <prvAddNewTaskToReadyList+0xf8>)
1000555e:	4698      	mov	r8, r3
10005560:	e79d      	b.n	1000549e <prvAddNewTaskToReadyList+0x2a>
10005562:	46c0      	nop			@ (mov r8, r8)
10005564:	200223c8 	.word	0x200223c8
10005568:	20001ff4 	.word	0x20001ff4
1000556c:	2002246c 	.word	0x2002246c
10005570:	2000200c 	.word	0x2000200c
10005574:	200223d4 	.word	0x200223d4
10005578:	200223d8 	.word	0x200223d8
1000557c:	20022404 	.word	0x20022404
10005580:	20022418 	.word	0x20022418
10005584:	20022454 	.word	0x20022454
10005588:	20022490 	.word	0x20022490
1000558c:	2002247c 	.word	0x2002247c
10005590:	20001ffc 	.word	0x20001ffc
10005594:	20002004 	.word	0x20002004

10005598 <prvCreateTask>:
10005598:	b5f8      	push	{r3, r4, r5, r6, r7, lr}
1000559a:	46ce      	mov	lr, r9
1000559c:	4647      	mov	r7, r8
1000559e:	0096      	lsls	r6, r2, #2
100055a0:	b580      	push	{r7, lr}
100055a2:	4680      	mov	r8, r0
100055a4:	0030      	movs	r0, r6
100055a6:	000d      	movs	r5, r1
100055a8:	4699      	mov	r9, r3
100055aa:	f001 f891 	bl	100066d0 <pvPortMalloc>
100055ae:	1e07      	subs	r7, r0, #0
100055b0:	d100      	bne.n	100055b4 <prvCreateTask+0x1c>
100055b2:	e087      	b.n	100056c4 <prvCreateTask+0x12c>
100055b4:	2070      	movs	r0, #112	@ 0x70
100055b6:	f001 f88b 	bl	100066d0 <pvPortMalloc>
100055ba:	1e04      	subs	r4, r0, #0
100055bc:	d100      	bne.n	100055c0 <prvCreateTask+0x28>
100055be:	e07e      	b.n	100056be <prvCreateTask+0x126>
100055c0:	2270      	movs	r2, #112	@ 0x70
100055c2:	2100      	movs	r1, #0
100055c4:	f7fc ffee 	bl	100025a4 <__wrap_memset>
100055c8:	0032      	movs	r2, r6
100055ca:	21a5      	movs	r1, #165	@ 0xa5
100055cc:	0038      	movs	r0, r7
100055ce:	6327      	str	r7, [r4, #48]	@ 0x30
100055d0:	f7fc ffe8 	bl	100025a4 <__wrap_memset>
100055d4:	6b23      	ldr	r3, [r4, #48]	@ 0x30
100055d6:	3e04      	subs	r6, #4
100055d8:	199e      	adds	r6, r3, r6
100055da:	2307      	movs	r3, #7
100055dc:	439e      	bics	r6, r3
100055de:	2d00      	cmp	r5, #0
100055e0:	d04b      	beq.n	1000567a <prvCreateTask+0xe2>
100055e2:	2234      	movs	r2, #52	@ 0x34
100055e4:	782b      	ldrb	r3, [r5, #0]
100055e6:	54a3      	strb	r3, [r4, r2]
100055e8:	2b00      	cmp	r3, #0
100055ea:	d043      	beq.n	10005674 <prvCreateTask+0xdc>
100055ec:	786b      	ldrb	r3, [r5, #1]
100055ee:	3201      	adds	r2, #1
100055f0:	54a3      	strb	r3, [r4, r2]
100055f2:	2b00      	cmp	r3, #0
100055f4:	d03e      	beq.n	10005674 <prvCreateTask+0xdc>
100055f6:	78ab      	ldrb	r3, [r5, #2]
100055f8:	3201      	adds	r2, #1
100055fa:	54a3      	strb	r3, [r4, r2]
100055fc:	2b00      	cmp	r3, #0
100055fe:	d039      	beq.n	10005674 <prvCreateTask+0xdc>
10005600:	78eb      	ldrb	r3, [r5, #3]
10005602:	3201      	adds	r2, #1
10005604:	54a3      	strb	r3, [r4, r2]
10005606:	2b00      	cmp	r3, #0
10005608:	d034      	beq.n	10005674 <prvCreateTask+0xdc>
1000560a:	792b      	ldrb	r3, [r5, #4]
1000560c:	3201      	adds	r2, #1
1000560e:	54a3      	strb	r3, [r4, r2]
10005610:	2b00      	cmp	r3, #0
10005612:	d02f      	beq.n	10005674 <prvCreateTask+0xdc>
10005614:	796b      	ldrb	r3, [r5, #5]
10005616:	3201      	adds	r2, #1
10005618:	54a3      	strb	r3, [r4, r2]
1000561a:	2b00      	cmp	r3, #0
1000561c:	d02a      	beq.n	10005674 <prvCreateTask+0xdc>
1000561e:	79ab      	ldrb	r3, [r5, #6]
10005620:	3201      	adds	r2, #1
10005622:	54a3      	strb	r3, [r4, r2]
10005624:	2b00      	cmp	r3, #0
10005626:	d025      	beq.n	10005674 <prvCreateTask+0xdc>
10005628:	79eb      	ldrb	r3, [r5, #7]
1000562a:	3201      	adds	r2, #1
1000562c:	54a3      	strb	r3, [r4, r2]
1000562e:	2b00      	cmp	r3, #0
10005630:	d020      	beq.n	10005674 <prvCreateTask+0xdc>
10005632:	7a2b      	ldrb	r3, [r5, #8]
10005634:	3201      	adds	r2, #1
10005636:	54a3      	strb	r3, [r4, r2]
10005638:	2b00      	cmp	r3, #0
1000563a:	d01b      	beq.n	10005674 <prvCreateTask+0xdc>
1000563c:	7a6b      	ldrb	r3, [r5, #9]
1000563e:	3201      	adds	r2, #1
10005640:	54a3      	strb	r3, [r4, r2]
10005642:	2b00      	cmp	r3, #0
10005644:	d016      	beq.n	10005674 <prvCreateTask+0xdc>
10005646:	7aab      	ldrb	r3, [r5, #10]
10005648:	3201      	adds	r2, #1
1000564a:	54a3      	strb	r3, [r4, r2]
1000564c:	2b00      	cmp	r3, #0
1000564e:	d011      	beq.n	10005674 <prvCreateTask+0xdc>
10005650:	7aeb      	ldrb	r3, [r5, #11]
10005652:	3201      	adds	r2, #1
10005654:	54a3      	strb	r3, [r4, r2]
10005656:	2b00      	cmp	r3, #0
10005658:	d00c      	beq.n	10005674 <prvCreateTask+0xdc>
1000565a:	7b2b      	ldrb	r3, [r5, #12]
1000565c:	3201      	adds	r2, #1
1000565e:	54a3      	strb	r3, [r4, r2]
10005660:	2b00      	cmp	r3, #0
10005662:	d007      	beq.n	10005674 <prvCreateTask+0xdc>
10005664:	7b6b      	ldrb	r3, [r5, #13]
10005666:	3201      	adds	r2, #1
10005668:	54a3      	strb	r3, [r4, r2]
1000566a:	2b00      	cmp	r3, #0
1000566c:	d002      	beq.n	10005674 <prvCreateTask+0xdc>
1000566e:	2342      	movs	r3, #66	@ 0x42
10005670:	7baa      	ldrb	r2, [r5, #14]
10005672:	54e2      	strb	r2, [r4, r3]
10005674:	2343      	movs	r3, #67	@ 0x43
10005676:	2200      	movs	r2, #0
10005678:	54e2      	strb	r2, [r4, r3]
1000567a:	9d08      	ldr	r5, [sp, #32]
1000567c:	2d1f      	cmp	r5, #31
1000567e:	d81c      	bhi.n	100056ba <prvCreateTask+0x122>
10005680:	1d20      	adds	r0, r4, #4
10005682:	62e5      	str	r5, [r4, #44]	@ 0x2c
10005684:	64e5      	str	r5, [r4, #76]	@ 0x4c
10005686:	f7ff f9cf 	bl	10004a28 <vListInitialiseItem>
1000568a:	0020      	movs	r0, r4
1000568c:	3018      	adds	r0, #24
1000568e:	f7ff f9cb 	bl	10004a28 <vListInitialiseItem>
10005692:	2320      	movs	r3, #32
10005694:	1b5b      	subs	r3, r3, r5
10005696:	61a3      	str	r3, [r4, #24]
10005698:	464a      	mov	r2, r9
1000569a:	4641      	mov	r1, r8
1000569c:	0030      	movs	r0, r6
1000569e:	6124      	str	r4, [r4, #16]
100056a0:	6264      	str	r4, [r4, #36]	@ 0x24
100056a2:	f7fe fee9 	bl	10004478 <pxPortInitialiseStack>
100056a6:	9b09      	ldr	r3, [sp, #36]	@ 0x24
100056a8:	6020      	str	r0, [r4, #0]
100056aa:	2b00      	cmp	r3, #0
100056ac:	d000      	beq.n	100056b0 <prvCreateTask+0x118>
100056ae:	601c      	str	r4, [r3, #0]
100056b0:	0020      	movs	r0, r4
100056b2:	bcc0      	pop	{r6, r7}
100056b4:	46b9      	mov	r9, r7
100056b6:	46b0      	mov	r8, r6
100056b8:	bdf8      	pop	{r3, r4, r5, r6, r7, pc}
100056ba:	251f      	movs	r5, #31
100056bc:	e7e0      	b.n	10005680 <prvCreateTask+0xe8>
100056be:	0038      	movs	r0, r7
100056c0:	f001 f898 	bl	100067f4 <vPortFree>
100056c4:	2400      	movs	r4, #0
100056c6:	e7f3      	b.n	100056b0 <prvCreateTask+0x118>

100056c8 <prvIdleTask>:
100056c8:	b5f0      	push	{r4, r5, r6, r7, lr}
100056ca:	46c6      	mov	lr, r8
100056cc:	4b12      	ldr	r3, [pc, #72]	@ (10005718 <prvIdleTask+0x50>)
100056ce:	b500      	push	{lr}
100056d0:	4698      	mov	r8, r3
100056d2:	4d12      	ldr	r5, [pc, #72]	@ (1000571c <prvIdleTask+0x54>)
100056d4:	4f12      	ldr	r7, [pc, #72]	@ (10005720 <prvIdleTask+0x58>)
100056d6:	4e13      	ldr	r6, [pc, #76]	@ (10005724 <prvIdleTask+0x5c>)
100056d8:	e014      	b.n	10005704 <prvIdleTask+0x3c>
100056da:	f7fe fee9 	bl	100044b0 <vPortEnterCritical>
100056de:	68fb      	ldr	r3, [r7, #12]
100056e0:	68dc      	ldr	r4, [r3, #12]
100056e2:	1d20      	adds	r0, r4, #4
100056e4:	f7ff f9bc 	bl	10004a60 <uxListRemove>
100056e8:	6833      	ldr	r3, [r6, #0]
100056ea:	3b01      	subs	r3, #1
100056ec:	6033      	str	r3, [r6, #0]
100056ee:	682b      	ldr	r3, [r5, #0]
100056f0:	3b01      	subs	r3, #1
100056f2:	602b      	str	r3, [r5, #0]
100056f4:	f7fe fee8 	bl	100044c8 <vPortExitCritical>
100056f8:	6b20      	ldr	r0, [r4, #48]	@ 0x30
100056fa:	f001 f87b 	bl	100067f4 <vPortFree>
100056fe:	0020      	movs	r0, r4
10005700:	f001 f878 	bl	100067f4 <vPortFree>
10005704:	682b      	ldr	r3, [r5, #0]
10005706:	2b00      	cmp	r3, #0
10005708:	d1e7      	bne.n	100056da <prvIdleTask+0x12>
1000570a:	4643      	mov	r3, r8
1000570c:	681b      	ldr	r3, [r3, #0]
1000570e:	2b01      	cmp	r3, #1
10005710:	d9f8      	bls.n	10005704 <prvIdleTask+0x3c>
10005712:	f7fe fec1 	bl	10004498 <vPortYield>
10005716:	e7f5      	b.n	10005704 <prvIdleTask+0x3c>
10005718:	2000200c 	.word	0x2000200c
1000571c:	200223cc 	.word	0x200223cc
10005720:	20022490 	.word	0x20022490
10005724:	200223c8 	.word	0x200223c8

10005728 <xTaskIncrementTick.part.0>:
10005728:	b5f0      	push	{r4, r5, r6, r7, lr}
1000572a:	46de      	mov	lr, fp
1000572c:	4657      	mov	r7, sl
1000572e:	464e      	mov	r6, r9
10005730:	4645      	mov	r5, r8
10005732:	4b58      	ldr	r3, [pc, #352]	@ (10005894 <xTaskIncrementTick.part.0+0x16c>)
10005734:	b5e0      	push	{r5, r6, r7, lr}
10005736:	681a      	ldr	r2, [r3, #0]
10005738:	b083      	sub	sp, #12
1000573a:	3201      	adds	r2, #1
1000573c:	4694      	mov	ip, r2
1000573e:	601a      	str	r2, [r3, #0]
10005740:	2a00      	cmp	r2, #0
10005742:	d05e      	beq.n	10005802 <xTaskIncrementTick.part.0+0xda>
10005744:	4b54      	ldr	r3, [pc, #336]	@ (10005898 <xTaskIncrementTick.part.0+0x170>)
10005746:	681a      	ldr	r2, [r3, #0]
10005748:	4594      	cmp	ip, r2
1000574a:	d36e      	bcc.n	1000582a <xTaskIncrementTick.part.0+0x102>
1000574c:	4a53      	ldr	r2, [pc, #332]	@ (1000589c <xTaskIncrementTick.part.0+0x174>)
1000574e:	4690      	mov	r8, r2
10005750:	6812      	ldr	r2, [r2, #0]
10005752:	6812      	ldr	r2, [r2, #0]
10005754:	2a00      	cmp	r2, #0
10005756:	d100      	bne.n	1000575a <xTaskIncrementTick.part.0+0x32>
10005758:	e095      	b.n	10005886 <xTaskIncrementTick.part.0+0x15e>
1000575a:	2200      	movs	r2, #0
1000575c:	9200      	str	r2, [sp, #0]
1000575e:	4a50      	ldr	r2, [pc, #320]	@ (100058a0 <xTaskIncrementTick.part.0+0x178>)
10005760:	4d50      	ldr	r5, [pc, #320]	@ (100058a4 <xTaskIncrementTick.part.0+0x17c>)
10005762:	4693      	mov	fp, r2
10005764:	2200      	movs	r2, #0
10005766:	4691      	mov	r9, r2
10005768:	4a4f      	ldr	r2, [pc, #316]	@ (100058a8 <xTaskIncrementTick.part.0+0x180>)
1000576a:	9301      	str	r3, [sp, #4]
1000576c:	4692      	mov	sl, r2
1000576e:	e036      	b.n	100057de <xTaskIncrementTick.part.0+0xb6>
10005770:	4649      	mov	r1, r9
10005772:	6159      	str	r1, [r3, #20]
10005774:	6811      	ldr	r1, [r2, #0]
10005776:	3901      	subs	r1, #1
10005778:	6011      	str	r1, [r2, #0]
1000577a:	6a9a      	ldr	r2, [r3, #40]	@ 0x28
1000577c:	2a00      	cmp	r2, #0
1000577e:	d00d      	beq.n	1000579c <xTaskIncrementTick.part.0+0x74>
10005780:	69d9      	ldr	r1, [r3, #28]
10005782:	6a18      	ldr	r0, [r3, #32]
10005784:	6856      	ldr	r6, [r2, #4]
10005786:	6088      	str	r0, [r1, #8]
10005788:	6041      	str	r1, [r0, #4]
1000578a:	0019      	movs	r1, r3
1000578c:	3118      	adds	r1, #24
1000578e:	428e      	cmp	r6, r1
10005790:	d06f      	beq.n	10005872 <xTaskIncrementTick.part.0+0x14a>
10005792:	4649      	mov	r1, r9
10005794:	6299      	str	r1, [r3, #40]	@ 0x28
10005796:	6811      	ldr	r1, [r2, #0]
10005798:	3901      	subs	r1, #1
1000579a:	6011      	str	r1, [r2, #0]
1000579c:	4652      	mov	r2, sl
1000579e:	6ad9      	ldr	r1, [r3, #44]	@ 0x2c
100057a0:	6812      	ldr	r2, [r2, #0]
100057a2:	4291      	cmp	r1, r2
100057a4:	d901      	bls.n	100057aa <xTaskIncrementTick.part.0+0x82>
100057a6:	4652      	mov	r2, sl
100057a8:	6011      	str	r1, [r2, #0]
100057aa:	008a      	lsls	r2, r1, #2
100057ac:	1852      	adds	r2, r2, r1
100057ae:	0092      	lsls	r2, r2, #2
100057b0:	18ae      	adds	r6, r5, r2
100057b2:	6870      	ldr	r0, [r6, #4]
100057b4:	6887      	ldr	r7, [r0, #8]
100057b6:	6098      	str	r0, [r3, #8]
100057b8:	60df      	str	r7, [r3, #12]
100057ba:	607c      	str	r4, [r7, #4]
100057bc:	6084      	str	r4, [r0, #8]
100057be:	615e      	str	r6, [r3, #20]
100057c0:	58ab      	ldr	r3, [r5, r2]
100057c2:	3301      	adds	r3, #1
100057c4:	50ab      	str	r3, [r5, r2]
100057c6:	465b      	mov	r3, fp
100057c8:	681b      	ldr	r3, [r3, #0]
100057ca:	6adb      	ldr	r3, [r3, #44]	@ 0x2c
100057cc:	4299      	cmp	r1, r3
100057ce:	d901      	bls.n	100057d4 <xTaskIncrementTick.part.0+0xac>
100057d0:	2301      	movs	r3, #1
100057d2:	9300      	str	r3, [sp, #0]
100057d4:	4643      	mov	r3, r8
100057d6:	681b      	ldr	r3, [r3, #0]
100057d8:	681b      	ldr	r3, [r3, #0]
100057da:	2b00      	cmp	r3, #0
100057dc:	d04e      	beq.n	1000587c <xTaskIncrementTick.part.0+0x154>
100057de:	4643      	mov	r3, r8
100057e0:	681b      	ldr	r3, [r3, #0]
100057e2:	68db      	ldr	r3, [r3, #12]
100057e4:	68db      	ldr	r3, [r3, #12]
100057e6:	685a      	ldr	r2, [r3, #4]
100057e8:	4594      	cmp	ip, r2
100057ea:	d344      	bcc.n	10005876 <xTaskIncrementTick.part.0+0x14e>
100057ec:	695a      	ldr	r2, [r3, #20]
100057ee:	6898      	ldr	r0, [r3, #8]
100057f0:	68d9      	ldr	r1, [r3, #12]
100057f2:	1d1c      	adds	r4, r3, #4
100057f4:	6081      	str	r1, [r0, #8]
100057f6:	6048      	str	r0, [r1, #4]
100057f8:	6850      	ldr	r0, [r2, #4]
100057fa:	42a0      	cmp	r0, r4
100057fc:	d1b8      	bne.n	10005770 <xTaskIncrementTick.part.0+0x48>
100057fe:	6051      	str	r1, [r2, #4]
10005800:	e7b6      	b.n	10005770 <xTaskIncrementTick.part.0+0x48>
10005802:	4b26      	ldr	r3, [pc, #152]	@ (1000589c <xTaskIncrementTick.part.0+0x174>)
10005804:	4a29      	ldr	r2, [pc, #164]	@ (100058ac <xTaskIncrementTick.part.0+0x184>)
10005806:	6819      	ldr	r1, [r3, #0]
10005808:	6810      	ldr	r0, [r2, #0]
1000580a:	6018      	str	r0, [r3, #0]
1000580c:	6011      	str	r1, [r2, #0]
1000580e:	4928      	ldr	r1, [pc, #160]	@ (100058b0 <xTaskIncrementTick.part.0+0x188>)
10005810:	680a      	ldr	r2, [r1, #0]
10005812:	3201      	adds	r2, #1
10005814:	600a      	str	r2, [r1, #0]
10005816:	681a      	ldr	r2, [r3, #0]
10005818:	6812      	ldr	r2, [r2, #0]
1000581a:	2a00      	cmp	r2, #0
1000581c:	d123      	bne.n	10005866 <xTaskIncrementTick.part.0+0x13e>
1000581e:	4b1e      	ldr	r3, [pc, #120]	@ (10005898 <xTaskIncrementTick.part.0+0x170>)
10005820:	3a01      	subs	r2, #1
10005822:	601a      	str	r2, [r3, #0]
10005824:	681a      	ldr	r2, [r3, #0]
10005826:	4594      	cmp	ip, r2
10005828:	d290      	bcs.n	1000574c <xTaskIncrementTick.part.0+0x24>
1000582a:	2300      	movs	r3, #0
1000582c:	9300      	str	r3, [sp, #0]
1000582e:	4b1c      	ldr	r3, [pc, #112]	@ (100058a0 <xTaskIncrementTick.part.0+0x178>)
10005830:	4d1c      	ldr	r5, [pc, #112]	@ (100058a4 <xTaskIncrementTick.part.0+0x17c>)
10005832:	469b      	mov	fp, r3
10005834:	465b      	mov	r3, fp
10005836:	681b      	ldr	r3, [r3, #0]
10005838:	6ada      	ldr	r2, [r3, #44]	@ 0x2c
1000583a:	0093      	lsls	r3, r2, #2
1000583c:	189b      	adds	r3, r3, r2
1000583e:	009b      	lsls	r3, r3, #2
10005840:	58eb      	ldr	r3, [r5, r3]
10005842:	2b01      	cmp	r3, #1
10005844:	d901      	bls.n	1000584a <xTaskIncrementTick.part.0+0x122>
10005846:	2301      	movs	r3, #1
10005848:	9300      	str	r3, [sp, #0]
1000584a:	4b1a      	ldr	r3, [pc, #104]	@ (100058b4 <xTaskIncrementTick.part.0+0x18c>)
1000584c:	681b      	ldr	r3, [r3, #0]
1000584e:	2b00      	cmp	r3, #0
10005850:	d001      	beq.n	10005856 <xTaskIncrementTick.part.0+0x12e>
10005852:	2301      	movs	r3, #1
10005854:	9300      	str	r3, [sp, #0]
10005856:	9800      	ldr	r0, [sp, #0]
10005858:	b003      	add	sp, #12
1000585a:	bcf0      	pop	{r4, r5, r6, r7}
1000585c:	46bb      	mov	fp, r7
1000585e:	46b2      	mov	sl, r6
10005860:	46a9      	mov	r9, r5
10005862:	46a0      	mov	r8, r4
10005864:	bdf0      	pop	{r4, r5, r6, r7, pc}
10005866:	681b      	ldr	r3, [r3, #0]
10005868:	68db      	ldr	r3, [r3, #12]
1000586a:	681a      	ldr	r2, [r3, #0]
1000586c:	4b0a      	ldr	r3, [pc, #40]	@ (10005898 <xTaskIncrementTick.part.0+0x170>)
1000586e:	601a      	str	r2, [r3, #0]
10005870:	e769      	b.n	10005746 <xTaskIncrementTick.part.0+0x1e>
10005872:	6050      	str	r0, [r2, #4]
10005874:	e78d      	b.n	10005792 <xTaskIncrementTick.part.0+0x6a>
10005876:	9b01      	ldr	r3, [sp, #4]
10005878:	601a      	str	r2, [r3, #0]
1000587a:	e7db      	b.n	10005834 <xTaskIncrementTick.part.0+0x10c>
1000587c:	9b01      	ldr	r3, [sp, #4]
1000587e:	2201      	movs	r2, #1
10005880:	4252      	negs	r2, r2
10005882:	601a      	str	r2, [r3, #0]
10005884:	e7d6      	b.n	10005834 <xTaskIncrementTick.part.0+0x10c>
10005886:	2200      	movs	r2, #0
10005888:	9200      	str	r2, [sp, #0]
1000588a:	4a05      	ldr	r2, [pc, #20]	@ (100058a0 <xTaskIncrementTick.part.0+0x178>)
1000588c:	4d05      	ldr	r5, [pc, #20]	@ (100058a4 <xTaskIncrementTick.part.0+0x17c>)
1000588e:	4693      	mov	fp, r2
10005890:	e7f5      	b.n	1000587e <xTaskIncrementTick.part.0+0x156>
10005892:	46c0      	nop			@ (mov r8, r8)
10005894:	200224a4 	.word	0x200224a4
10005898:	20022440 	.word	0x20022440
1000589c:	20001ffc 	.word	0x20001ffc
100058a0:	20001ff4 	.word	0x20001ff4
100058a4:	2000200c 	.word	0x2000200c
100058a8:	200223d8 	.word	0x200223d8
100058ac:	20002004 	.word	0x20002004
100058b0:	20022444 	.word	0x20022444
100058b4:	200224b0 	.word	0x200224b0

100058b8 <xTaskCreate>:
100058b8:	b510      	push	{r4, lr}
100058ba:	b082      	sub	sp, #8
100058bc:	9c05      	ldr	r4, [sp, #20]
100058be:	9401      	str	r4, [sp, #4]
100058c0:	9c04      	ldr	r4, [sp, #16]
100058c2:	9400      	str	r4, [sp, #0]
100058c4:	f7ff fe68 	bl	10005598 <prvCreateTask>
100058c8:	2800      	cmp	r0, #0
100058ca:	d004      	beq.n	100058d6 <xTaskCreate+0x1e>
100058cc:	f7ff fdd2 	bl	10005474 <prvAddNewTaskToReadyList>
100058d0:	2001      	movs	r0, #1
100058d2:	b002      	add	sp, #8
100058d4:	bd10      	pop	{r4, pc}
100058d6:	2001      	movs	r0, #1
100058d8:	4240      	negs	r0, r0
100058da:	e7fa      	b.n	100058d2 <xTaskCreate+0x1a>

100058dc <vTaskStartScheduler>:
100058dc:	b510      	push	{r4, lr}
100058de:	b086      	sub	sp, #24
100058e0:	2210      	movs	r2, #16
100058e2:	2100      	movs	r1, #0
100058e4:	a802      	add	r0, sp, #8
100058e6:	f7fc fe5d 	bl	100025a4 <__wrap_memset>
100058ea:	2400      	movs	r4, #0
100058ec:	2280      	movs	r2, #128	@ 0x80
100058ee:	4b11      	ldr	r3, [pc, #68]	@ (10005934 <vTaskStartScheduler+0x58>)
100058f0:	4811      	ldr	r0, [pc, #68]	@ (10005938 <vTaskStartScheduler+0x5c>)
100058f2:	9302      	str	r3, [sp, #8]
100058f4:	4b11      	ldr	r3, [pc, #68]	@ (1000593c <vTaskStartScheduler+0x60>)
100058f6:	9400      	str	r4, [sp, #0]
100058f8:	9301      	str	r3, [sp, #4]
100058fa:	0052      	lsls	r2, r2, #1
100058fc:	2300      	movs	r3, #0
100058fe:	a902      	add	r1, sp, #8
10005900:	f7ff fe4a 	bl	10005598 <prvCreateTask>
10005904:	2800      	cmp	r0, #0
10005906:	d005      	beq.n	10005914 <vTaskStartScheduler+0x38>
10005908:	f7ff fdb4 	bl	10005474 <prvAddNewTaskToReadyList>
1000590c:	f000 fe62 	bl	100065d4 <xTimerCreateTimerTask>
10005910:	2801      	cmp	r0, #1
10005912:	d003      	beq.n	1000591c <vTaskStartScheduler+0x40>
10005914:	4b0a      	ldr	r3, [pc, #40]	@ (10005940 <vTaskStartScheduler+0x64>)
10005916:	681b      	ldr	r3, [r3, #0]
10005918:	b006      	add	sp, #24
1000591a:	bd10      	pop	{r4, pc}
1000591c:	b672      	cpsid	i
1000591e:	2201      	movs	r2, #1
10005920:	4b08      	ldr	r3, [pc, #32]	@ (10005944 <vTaskStartScheduler+0x68>)
10005922:	4252      	negs	r2, r2
10005924:	601a      	str	r2, [r3, #0]
10005926:	4b08      	ldr	r3, [pc, #32]	@ (10005948 <vTaskStartScheduler+0x6c>)
10005928:	6018      	str	r0, [r3, #0]
1000592a:	4b08      	ldr	r3, [pc, #32]	@ (1000594c <vTaskStartScheduler+0x70>)
1000592c:	601c      	str	r4, [r3, #0]
1000592e:	f7fe fe09 	bl	10004544 <xPortStartScheduler>
10005932:	e7ef      	b.n	10005914 <vTaskStartScheduler+0x38>
10005934:	454c4449 	.word	0x454c4449
10005938:	100056c9 	.word	0x100056c9
1000593c:	20022434 	.word	0x20022434
10005940:	10009740 	.word	0x10009740
10005944:	20022440 	.word	0x20022440
10005948:	2002246c 	.word	0x2002246c
1000594c:	200224a4 	.word	0x200224a4

10005950 <vTaskSuspendAll>:
10005950:	4a02      	ldr	r2, [pc, #8]	@ (1000595c <vTaskSuspendAll+0xc>)
10005952:	6813      	ldr	r3, [r2, #0]
10005954:	3301      	adds	r3, #1
10005956:	6013      	str	r3, [r2, #0]
10005958:	4770      	bx	lr
1000595a:	46c0      	nop			@ (mov r8, r8)
1000595c:	200223d0 	.word	0x200223d0

10005960 <xTaskResumeAll>:
10005960:	b5f0      	push	{r4, r5, r6, r7, lr}
10005962:	46de      	mov	lr, fp
10005964:	4657      	mov	r7, sl
10005966:	464e      	mov	r6, r9
10005968:	4645      	mov	r5, r8
1000596a:	b5e0      	push	{r5, r6, r7, lr}
1000596c:	b083      	sub	sp, #12
1000596e:	f7fe fd9f 	bl	100044b0 <vPortEnterCritical>
10005972:	4c53      	ldr	r4, [pc, #332]	@ (10005ac0 <xTaskResumeAll+0x160>)
10005974:	6823      	ldr	r3, [r4, #0]
10005976:	3b01      	subs	r3, #1
10005978:	6023      	str	r3, [r4, #0]
1000597a:	6823      	ldr	r3, [r4, #0]
1000597c:	2b00      	cmp	r3, #0
1000597e:	d000      	beq.n	10005982 <xTaskResumeAll+0x22>
10005980:	e081      	b.n	10005a86 <xTaskResumeAll+0x126>
10005982:	4b50      	ldr	r3, [pc, #320]	@ (10005ac4 <xTaskResumeAll+0x164>)
10005984:	681b      	ldr	r3, [r3, #0]
10005986:	2b00      	cmp	r3, #0
10005988:	d07d      	beq.n	10005a86 <xTaskResumeAll+0x126>
1000598a:	4b4f      	ldr	r3, [pc, #316]	@ (10005ac8 <xTaskResumeAll+0x168>)
1000598c:	469c      	mov	ip, r3
1000598e:	681b      	ldr	r3, [r3, #0]
10005990:	2b00      	cmp	r3, #0
10005992:	d100      	bne.n	10005996 <xTaskResumeAll+0x36>
10005994:	e090      	b.n	10005ab8 <xTaskResumeAll+0x158>
10005996:	4b4d      	ldr	r3, [pc, #308]	@ (10005acc <xTaskResumeAll+0x16c>)
10005998:	4d4d      	ldr	r5, [pc, #308]	@ (10005ad0 <xTaskResumeAll+0x170>)
1000599a:	4698      	mov	r8, r3
1000599c:	4b4d      	ldr	r3, [pc, #308]	@ (10005ad4 <xTaskResumeAll+0x174>)
1000599e:	9401      	str	r4, [sp, #4]
100059a0:	4699      	mov	r9, r3
100059a2:	4b4d      	ldr	r3, [pc, #308]	@ (10005ad8 <xTaskResumeAll+0x178>)
100059a4:	469a      	mov	sl, r3
100059a6:	2300      	movs	r3, #0
100059a8:	469b      	mov	fp, r3
100059aa:	4663      	mov	r3, ip
100059ac:	68db      	ldr	r3, [r3, #12]
100059ae:	68db      	ldr	r3, [r3, #12]
100059b0:	69d8      	ldr	r0, [r3, #28]
100059b2:	6a19      	ldr	r1, [r3, #32]
100059b4:	6a9a      	ldr	r2, [r3, #40]	@ 0x28
100059b6:	6081      	str	r1, [r0, #8]
100059b8:	6048      	str	r0, [r1, #4]
100059ba:	0018      	movs	r0, r3
100059bc:	6856      	ldr	r6, [r2, #4]
100059be:	3018      	adds	r0, #24
100059c0:	4286      	cmp	r6, r0
100059c2:	d100      	bne.n	100059c6 <xTaskResumeAll+0x66>
100059c4:	e072      	b.n	10005aac <xTaskResumeAll+0x14c>
100059c6:	4659      	mov	r1, fp
100059c8:	6299      	str	r1, [r3, #40]	@ 0x28
100059ca:	6811      	ldr	r1, [r2, #0]
100059cc:	3901      	subs	r1, #1
100059ce:	6011      	str	r1, [r2, #0]
100059d0:	695a      	ldr	r2, [r3, #20]
100059d2:	6898      	ldr	r0, [r3, #8]
100059d4:	68d9      	ldr	r1, [r3, #12]
100059d6:	6856      	ldr	r6, [r2, #4]
100059d8:	6081      	str	r1, [r0, #8]
100059da:	6048      	str	r0, [r1, #4]
100059dc:	1d18      	adds	r0, r3, #4
100059de:	4286      	cmp	r6, r0
100059e0:	d062      	beq.n	10005aa8 <xTaskResumeAll+0x148>
100059e2:	6811      	ldr	r1, [r2, #0]
100059e4:	3901      	subs	r1, #1
100059e6:	6011      	str	r1, [r2, #0]
100059e8:	4641      	mov	r1, r8
100059ea:	6ada      	ldr	r2, [r3, #44]	@ 0x2c
100059ec:	6809      	ldr	r1, [r1, #0]
100059ee:	428a      	cmp	r2, r1
100059f0:	d901      	bls.n	100059f6 <xTaskResumeAll+0x96>
100059f2:	4641      	mov	r1, r8
100059f4:	600a      	str	r2, [r1, #0]
100059f6:	0091      	lsls	r1, r2, #2
100059f8:	1889      	adds	r1, r1, r2
100059fa:	008c      	lsls	r4, r1, #2
100059fc:	192e      	adds	r6, r5, r4
100059fe:	6871      	ldr	r1, [r6, #4]
10005a00:	688f      	ldr	r7, [r1, #8]
10005a02:	6099      	str	r1, [r3, #8]
10005a04:	60df      	str	r7, [r3, #12]
10005a06:	6078      	str	r0, [r7, #4]
10005a08:	6088      	str	r0, [r1, #8]
10005a0a:	615e      	str	r6, [r3, #20]
10005a0c:	592b      	ldr	r3, [r5, r4]
10005a0e:	3301      	adds	r3, #1
10005a10:	512b      	str	r3, [r5, r4]
10005a12:	464b      	mov	r3, r9
10005a14:	681b      	ldr	r3, [r3, #0]
10005a16:	6adb      	ldr	r3, [r3, #44]	@ 0x2c
10005a18:	429a      	cmp	r2, r3
10005a1a:	d93f      	bls.n	10005a9c <xTaskResumeAll+0x13c>
10005a1c:	4653      	mov	r3, sl
10005a1e:	2201      	movs	r2, #1
10005a20:	601a      	str	r2, [r3, #0]
10005a22:	4663      	mov	r3, ip
10005a24:	681b      	ldr	r3, [r3, #0]
10005a26:	2b00      	cmp	r3, #0
10005a28:	d1bf      	bne.n	100059aa <xTaskResumeAll+0x4a>
10005a2a:	4b2c      	ldr	r3, [pc, #176]	@ (10005adc <xTaskResumeAll+0x17c>)
10005a2c:	9c01      	ldr	r4, [sp, #4]
10005a2e:	681a      	ldr	r2, [r3, #0]
10005a30:	6812      	ldr	r2, [r2, #0]
10005a32:	2a00      	cmp	r2, #0
10005a34:	d03c      	beq.n	10005ab0 <xTaskResumeAll+0x150>
10005a36:	681b      	ldr	r3, [r3, #0]
10005a38:	68db      	ldr	r3, [r3, #12]
10005a3a:	681a      	ldr	r2, [r3, #0]
10005a3c:	4b28      	ldr	r3, [pc, #160]	@ (10005ae0 <xTaskResumeAll+0x180>)
10005a3e:	601a      	str	r2, [r3, #0]
10005a40:	4e28      	ldr	r6, [pc, #160]	@ (10005ae4 <xTaskResumeAll+0x184>)
10005a42:	6835      	ldr	r5, [r6, #0]
10005a44:	2d00      	cmp	r5, #0
10005a46:	d014      	beq.n	10005a72 <xTaskResumeAll+0x112>
10005a48:	2701      	movs	r7, #1
10005a4a:	e008      	b.n	10005a5e <xTaskResumeAll+0xfe>
10005a4c:	f7ff fe6c 	bl	10005728 <xTaskIncrementTick.part.0>
10005a50:	2800      	cmp	r0, #0
10005a52:	d001      	beq.n	10005a58 <xTaskResumeAll+0xf8>
10005a54:	4653      	mov	r3, sl
10005a56:	601f      	str	r7, [r3, #0]
10005a58:	3d01      	subs	r5, #1
10005a5a:	2d00      	cmp	r5, #0
10005a5c:	d008      	beq.n	10005a70 <xTaskResumeAll+0x110>
10005a5e:	6823      	ldr	r3, [r4, #0]
10005a60:	2b00      	cmp	r3, #0
10005a62:	d0f3      	beq.n	10005a4c <xTaskResumeAll+0xec>
10005a64:	6833      	ldr	r3, [r6, #0]
10005a66:	3d01      	subs	r5, #1
10005a68:	3301      	adds	r3, #1
10005a6a:	6033      	str	r3, [r6, #0]
10005a6c:	2d00      	cmp	r5, #0
10005a6e:	d1f6      	bne.n	10005a5e <xTaskResumeAll+0xfe>
10005a70:	6035      	str	r5, [r6, #0]
10005a72:	4653      	mov	r3, sl
10005a74:	681b      	ldr	r3, [r3, #0]
10005a76:	2b00      	cmp	r3, #0
10005a78:	d005      	beq.n	10005a86 <xTaskResumeAll+0x126>
10005a7a:	4b16      	ldr	r3, [pc, #88]	@ (10005ad4 <xTaskResumeAll+0x174>)
10005a7c:	2401      	movs	r4, #1
10005a7e:	681b      	ldr	r3, [r3, #0]
10005a80:	f7fe fd0a 	bl	10004498 <vPortYield>
10005a84:	e000      	b.n	10005a88 <xTaskResumeAll+0x128>
10005a86:	2400      	movs	r4, #0
10005a88:	f7fe fd1e 	bl	100044c8 <vPortExitCritical>
10005a8c:	0020      	movs	r0, r4
10005a8e:	b003      	add	sp, #12
10005a90:	bcf0      	pop	{r4, r5, r6, r7}
10005a92:	46bb      	mov	fp, r7
10005a94:	46b2      	mov	sl, r6
10005a96:	46a9      	mov	r9, r5
10005a98:	46a0      	mov	r8, r4
10005a9a:	bdf0      	pop	{r4, r5, r6, r7, pc}
10005a9c:	4663      	mov	r3, ip
10005a9e:	681b      	ldr	r3, [r3, #0]
10005aa0:	2b00      	cmp	r3, #0
10005aa2:	d000      	beq.n	10005aa6 <xTaskResumeAll+0x146>
10005aa4:	e781      	b.n	100059aa <xTaskResumeAll+0x4a>
10005aa6:	e7c0      	b.n	10005a2a <xTaskResumeAll+0xca>
10005aa8:	6051      	str	r1, [r2, #4]
10005aaa:	e79a      	b.n	100059e2 <xTaskResumeAll+0x82>
10005aac:	6051      	str	r1, [r2, #4]
10005aae:	e78a      	b.n	100059c6 <xTaskResumeAll+0x66>
10005ab0:	4b0b      	ldr	r3, [pc, #44]	@ (10005ae0 <xTaskResumeAll+0x180>)
10005ab2:	3a01      	subs	r2, #1
10005ab4:	601a      	str	r2, [r3, #0]
10005ab6:	e7c3      	b.n	10005a40 <xTaskResumeAll+0xe0>
10005ab8:	4b07      	ldr	r3, [pc, #28]	@ (10005ad8 <xTaskResumeAll+0x178>)
10005aba:	469a      	mov	sl, r3
10005abc:	e7c0      	b.n	10005a40 <xTaskResumeAll+0xe0>
10005abe:	46c0      	nop			@ (mov r8, r8)
10005ac0:	200223d0 	.word	0x200223d0
10005ac4:	200223c8 	.word	0x200223c8
10005ac8:	20022454 	.word	0x20022454
10005acc:	200223d8 	.word	0x200223d8
10005ad0:	2000200c 	.word	0x2000200c
10005ad4:	20001ff4 	.word	0x20001ff4
10005ad8:	200224b0 	.word	0x200224b0
10005adc:	20001ffc 	.word	0x20001ffc
10005ae0:	20022440 	.word	0x20022440
10005ae4:	20022450 	.word	0x20022450

10005ae8 <vTaskDelay>:
10005ae8:	b5f0      	push	{r4, r5, r6, r7, lr}
10005aea:	46c6      	mov	lr, r8
10005aec:	0004      	movs	r4, r0
10005aee:	b500      	push	{lr}
10005af0:	2800      	cmp	r0, #0
10005af2:	d021      	beq.n	10005b38 <vTaskDelay+0x50>
10005af4:	4a17      	ldr	r2, [pc, #92]	@ (10005b54 <vTaskDelay+0x6c>)
10005af6:	6813      	ldr	r3, [r2, #0]
10005af8:	3301      	adds	r3, #1
10005afa:	6013      	str	r3, [r2, #0]
10005afc:	4b16      	ldr	r3, [pc, #88]	@ (10005b58 <vTaskDelay+0x70>)
10005afe:	2100      	movs	r1, #0
10005b00:	681e      	ldr	r6, [r3, #0]
10005b02:	4b16      	ldr	r3, [pc, #88]	@ (10005b5c <vTaskDelay+0x74>)
10005b04:	4d16      	ldr	r5, [pc, #88]	@ (10005b60 <vTaskDelay+0x78>)
10005b06:	681f      	ldr	r7, [r3, #0]
10005b08:	4b16      	ldr	r3, [pc, #88]	@ (10005b64 <vTaskDelay+0x7c>)
10005b0a:	19a4      	adds	r4, r4, r6
10005b0c:	681b      	ldr	r3, [r3, #0]
10005b0e:	682a      	ldr	r2, [r5, #0]
10005b10:	4698      	mov	r8, r3
10005b12:	236d      	movs	r3, #109	@ 0x6d
10005b14:	6828      	ldr	r0, [r5, #0]
10005b16:	54d1      	strb	r1, [r2, r3]
10005b18:	3004      	adds	r0, #4
10005b1a:	f7fe ffa1 	bl	10004a60 <uxListRemove>
10005b1e:	682b      	ldr	r3, [r5, #0]
10005b20:	6829      	ldr	r1, [r5, #0]
10005b22:	605c      	str	r4, [r3, #4]
10005b24:	3104      	adds	r1, #4
10005b26:	42a6      	cmp	r6, r4
10005b28:	d90b      	bls.n	10005b42 <vTaskDelay+0x5a>
10005b2a:	4640      	mov	r0, r8
10005b2c:	f7fe ff80 	bl	10004a30 <vListInsert>
10005b30:	f7ff ff16 	bl	10005960 <xTaskResumeAll>
10005b34:	2800      	cmp	r0, #0
10005b36:	d101      	bne.n	10005b3c <vTaskDelay+0x54>
10005b38:	f7fe fcae 	bl	10004498 <vPortYield>
10005b3c:	bc80      	pop	{r7}
10005b3e:	46b8      	mov	r8, r7
10005b40:	bdf0      	pop	{r4, r5, r6, r7, pc}
10005b42:	0038      	movs	r0, r7
10005b44:	f7fe ff74 	bl	10004a30 <vListInsert>
10005b48:	4b07      	ldr	r3, [pc, #28]	@ (10005b68 <vTaskDelay+0x80>)
10005b4a:	681a      	ldr	r2, [r3, #0]
10005b4c:	4294      	cmp	r4, r2
10005b4e:	d2ef      	bcs.n	10005b30 <vTaskDelay+0x48>
10005b50:	601c      	str	r4, [r3, #0]
10005b52:	e7ed      	b.n	10005b30 <vTaskDelay+0x48>
10005b54:	200223d0 	.word	0x200223d0
10005b58:	200224a4 	.word	0x200224a4
10005b5c:	20001ffc 	.word	0x20001ffc
10005b60:	20001ff4 	.word	0x20001ff4
10005b64:	20002004 	.word	0x20002004
10005b68:	20022440 	.word	0x20022440

10005b6c <xTaskGetTickCount>:
10005b6c:	4b01      	ldr	r3, [pc, #4]	@ (10005b74 <xTaskGetTickCount+0x8>)
10005b6e:	6818      	ldr	r0, [r3, #0]
10005b70:	4770      	bx	lr
10005b72:	46c0      	nop			@ (mov r8, r8)
10005b74:	200224a4 	.word	0x200224a4

10005b78 <uxTaskGetNumberOfTasks>:
10005b78:	4b01      	ldr	r3, [pc, #4]	@ (10005b80 <uxTaskGetNumberOfTasks+0x8>)
10005b7a:	6818      	ldr	r0, [r3, #0]
10005b7c:	4770      	bx	lr
10005b7e:	46c0      	nop			@ (mov r8, r8)
10005b80:	200223c8 	.word	0x200223c8

10005b84 <xTaskIncrementTick>:
10005b84:	4b06      	ldr	r3, [pc, #24]	@ (10005ba0 <xTaskIncrementTick+0x1c>)
10005b86:	b510      	push	{r4, lr}
10005b88:	681b      	ldr	r3, [r3, #0]
10005b8a:	2b00      	cmp	r3, #0
10005b8c:	d102      	bne.n	10005b94 <xTaskIncrementTick+0x10>
10005b8e:	f7ff fdcb 	bl	10005728 <xTaskIncrementTick.part.0>
10005b92:	bd10      	pop	{r4, pc}
10005b94:	4a03      	ldr	r2, [pc, #12]	@ (10005ba4 <xTaskIncrementTick+0x20>)
10005b96:	2000      	movs	r0, #0
10005b98:	6813      	ldr	r3, [r2, #0]
10005b9a:	3301      	adds	r3, #1
10005b9c:	6013      	str	r3, [r2, #0]
10005b9e:	e7f8      	b.n	10005b92 <xTaskIncrementTick+0xe>
10005ba0:	200223d0 	.word	0x200223d0
10005ba4:	20022450 	.word	0x20022450

10005ba8 <vTaskSwitchContext>:
10005ba8:	4b19      	ldr	r3, [pc, #100]	@ (10005c10 <vTaskSwitchContext+0x68>)
10005baa:	b530      	push	{r4, r5, lr}
10005bac:	681b      	ldr	r3, [r3, #0]
10005bae:	2b00      	cmp	r3, #0
10005bb0:	d003      	beq.n	10005bba <vTaskSwitchContext+0x12>
10005bb2:	2201      	movs	r2, #1
10005bb4:	4b17      	ldr	r3, [pc, #92]	@ (10005c14 <vTaskSwitchContext+0x6c>)
10005bb6:	601a      	str	r2, [r3, #0]
10005bb8:	bd30      	pop	{r4, r5, pc}
10005bba:	4a16      	ldr	r2, [pc, #88]	@ (10005c14 <vTaskSwitchContext+0x6c>)
10005bbc:	4c16      	ldr	r4, [pc, #88]	@ (10005c18 <vTaskSwitchContext+0x70>)
10005bbe:	6013      	str	r3, [r2, #0]
10005bc0:	6822      	ldr	r2, [r4, #0]
10005bc2:	4816      	ldr	r0, [pc, #88]	@ (10005c1c <vTaskSwitchContext+0x74>)
10005bc4:	0091      	lsls	r1, r2, #2
10005bc6:	188b      	adds	r3, r1, r2
10005bc8:	009b      	lsls	r3, r3, #2
10005bca:	58c5      	ldr	r5, [r0, r3]
10005bcc:	2d00      	cmp	r5, #0
10005bce:	d107      	bne.n	10005be0 <vTaskSwitchContext+0x38>
10005bd0:	3b14      	subs	r3, #20
10005bd2:	18c3      	adds	r3, r0, r3
10005bd4:	6819      	ldr	r1, [r3, #0]
10005bd6:	3b14      	subs	r3, #20
10005bd8:	3a01      	subs	r2, #1
10005bda:	2900      	cmp	r1, #0
10005bdc:	d0fa      	beq.n	10005bd4 <vTaskSwitchContext+0x2c>
10005bde:	0091      	lsls	r1, r2, #2
10005be0:	1889      	adds	r1, r1, r2
10005be2:	0089      	lsls	r1, r1, #2
10005be4:	1845      	adds	r5, r0, r1
10005be6:	686b      	ldr	r3, [r5, #4]
10005be8:	3108      	adds	r1, #8
10005bea:	685b      	ldr	r3, [r3, #4]
10005bec:	1840      	adds	r0, r0, r1
10005bee:	606b      	str	r3, [r5, #4]
10005bf0:	4283      	cmp	r3, r0
10005bf2:	d005      	beq.n	10005c00 <vTaskSwitchContext+0x58>
10005bf4:	68d9      	ldr	r1, [r3, #12]
10005bf6:	4b0a      	ldr	r3, [pc, #40]	@ (10005c20 <vTaskSwitchContext+0x78>)
10005bf8:	6019      	str	r1, [r3, #0]
10005bfa:	6022      	str	r2, [r4, #0]
10005bfc:	681b      	ldr	r3, [r3, #0]
10005bfe:	e7db      	b.n	10005bb8 <vTaskSwitchContext+0x10>
10005c00:	68eb      	ldr	r3, [r5, #12]
10005c02:	68d9      	ldr	r1, [r3, #12]
10005c04:	606b      	str	r3, [r5, #4]
10005c06:	4b06      	ldr	r3, [pc, #24]	@ (10005c20 <vTaskSwitchContext+0x78>)
10005c08:	6019      	str	r1, [r3, #0]
10005c0a:	6022      	str	r2, [r4, #0]
10005c0c:	681b      	ldr	r3, [r3, #0]
10005c0e:	e7d3      	b.n	10005bb8 <vTaskSwitchContext+0x10>
10005c10:	200223d0 	.word	0x200223d0
10005c14:	200224b0 	.word	0x200224b0
10005c18:	200223d8 	.word	0x200223d8
10005c1c:	2000200c 	.word	0x2000200c
10005c20:	20001ff4 	.word	0x20001ff4

10005c24 <vTaskPlaceOnEventList>:
10005c24:	b5f0      	push	{r4, r5, r6, r7, lr}
10005c26:	46c6      	mov	lr, r8
10005c28:	4d20      	ldr	r5, [pc, #128]	@ (10005cac <vTaskPlaceOnEventList+0x88>)
10005c2a:	000c      	movs	r4, r1
10005c2c:	6829      	ldr	r1, [r5, #0]
10005c2e:	b500      	push	{lr}
10005c30:	3118      	adds	r1, #24
10005c32:	f7fe fefd 	bl	10004a30 <vListInsert>
10005c36:	4b1e      	ldr	r3, [pc, #120]	@ (10005cb0 <vTaskPlaceOnEventList+0x8c>)
10005c38:	2100      	movs	r1, #0
10005c3a:	681e      	ldr	r6, [r3, #0]
10005c3c:	4b1d      	ldr	r3, [pc, #116]	@ (10005cb4 <vTaskPlaceOnEventList+0x90>)
10005c3e:	681f      	ldr	r7, [r3, #0]
10005c40:	4b1d      	ldr	r3, [pc, #116]	@ (10005cb8 <vTaskPlaceOnEventList+0x94>)
10005c42:	681b      	ldr	r3, [r3, #0]
10005c44:	682a      	ldr	r2, [r5, #0]
10005c46:	4698      	mov	r8, r3
10005c48:	236d      	movs	r3, #109	@ 0x6d
10005c4a:	6828      	ldr	r0, [r5, #0]
10005c4c:	54d1      	strb	r1, [r2, r3]
10005c4e:	3004      	adds	r0, #4
10005c50:	f7fe ff06 	bl	10004a60 <uxListRemove>
10005c54:	1c63      	adds	r3, r4, #1
10005c56:	d015      	beq.n	10005c84 <vTaskPlaceOnEventList+0x60>
10005c58:	682b      	ldr	r3, [r5, #0]
10005c5a:	6829      	ldr	r1, [r5, #0]
10005c5c:	19a4      	adds	r4, r4, r6
10005c5e:	605c      	str	r4, [r3, #4]
10005c60:	3104      	adds	r1, #4
10005c62:	42a6      	cmp	r6, r4
10005c64:	d905      	bls.n	10005c72 <vTaskPlaceOnEventList+0x4e>
10005c66:	4640      	mov	r0, r8
10005c68:	f7fe fee2 	bl	10004a30 <vListInsert>
10005c6c:	bc80      	pop	{r7}
10005c6e:	46b8      	mov	r8, r7
10005c70:	bdf0      	pop	{r4, r5, r6, r7, pc}
10005c72:	0038      	movs	r0, r7
10005c74:	f7fe fedc 	bl	10004a30 <vListInsert>
10005c78:	4b10      	ldr	r3, [pc, #64]	@ (10005cbc <vTaskPlaceOnEventList+0x98>)
10005c7a:	681a      	ldr	r2, [r3, #0]
10005c7c:	4294      	cmp	r4, r2
10005c7e:	d2f5      	bcs.n	10005c6c <vTaskPlaceOnEventList+0x48>
10005c80:	601c      	str	r4, [r3, #0]
10005c82:	e7f3      	b.n	10005c6c <vTaskPlaceOnEventList+0x48>
10005c84:	4b0e      	ldr	r3, [pc, #56]	@ (10005cc0 <vTaskPlaceOnEventList+0x9c>)
10005c86:	6829      	ldr	r1, [r5, #0]
10005c88:	685a      	ldr	r2, [r3, #4]
10005c8a:	608a      	str	r2, [r1, #8]
10005c8c:	6890      	ldr	r0, [r2, #8]
10005c8e:	6829      	ldr	r1, [r5, #0]
10005c90:	60c8      	str	r0, [r1, #12]
10005c92:	6829      	ldr	r1, [r5, #0]
10005c94:	3104      	adds	r1, #4
10005c96:	6041      	str	r1, [r0, #4]
10005c98:	6829      	ldr	r1, [r5, #0]
10005c9a:	3104      	adds	r1, #4
10005c9c:	6091      	str	r1, [r2, #8]
10005c9e:	682a      	ldr	r2, [r5, #0]
10005ca0:	6153      	str	r3, [r2, #20]
10005ca2:	681a      	ldr	r2, [r3, #0]
10005ca4:	3201      	adds	r2, #1
10005ca6:	601a      	str	r2, [r3, #0]
10005ca8:	e7e0      	b.n	10005c6c <vTaskPlaceOnEventList+0x48>
10005caa:	46c0      	nop			@ (mov r8, r8)
10005cac:	20001ff4 	.word	0x20001ff4
10005cb0:	200224a4 	.word	0x200224a4
10005cb4:	20001ffc 	.word	0x20001ffc
10005cb8:	20002004 	.word	0x20002004
10005cbc:	20022440 	.word	0x20022440
10005cc0:	2002247c 	.word	0x2002247c

10005cc4 <vTaskPlaceOnUnorderedEventList>:
10005cc4:	2380      	movs	r3, #128	@ 0x80
10005cc6:	b5f0      	push	{r4, r5, r6, r7, lr}
10005cc8:	46c6      	mov	lr, r8
10005cca:	4c29      	ldr	r4, [pc, #164]	@ (10005d70 <vTaskPlaceOnUnorderedEventList+0xac>)
10005ccc:	0015      	movs	r5, r2
10005cce:	061b      	lsls	r3, r3, #24
10005cd0:	6822      	ldr	r2, [r4, #0]
10005cd2:	430b      	orrs	r3, r1
10005cd4:	b500      	push	{lr}
10005cd6:	6193      	str	r3, [r2, #24]
10005cd8:	6822      	ldr	r2, [r4, #0]
10005cda:	6843      	ldr	r3, [r0, #4]
10005cdc:	6899      	ldr	r1, [r3, #8]
10005cde:	61d3      	str	r3, [r2, #28]
10005ce0:	6822      	ldr	r2, [r4, #0]
10005ce2:	6211      	str	r1, [r2, #32]
10005ce4:	6822      	ldr	r2, [r4, #0]
10005ce6:	3218      	adds	r2, #24
10005ce8:	604a      	str	r2, [r1, #4]
10005cea:	6822      	ldr	r2, [r4, #0]
10005cec:	2100      	movs	r1, #0
10005cee:	3218      	adds	r2, #24
10005cf0:	609a      	str	r2, [r3, #8]
10005cf2:	6823      	ldr	r3, [r4, #0]
10005cf4:	6298      	str	r0, [r3, #40]	@ 0x28
10005cf6:	6803      	ldr	r3, [r0, #0]
10005cf8:	3301      	adds	r3, #1
10005cfa:	6003      	str	r3, [r0, #0]
10005cfc:	4b1d      	ldr	r3, [pc, #116]	@ (10005d74 <vTaskPlaceOnUnorderedEventList+0xb0>)
10005cfe:	681e      	ldr	r6, [r3, #0]
10005d00:	4b1d      	ldr	r3, [pc, #116]	@ (10005d78 <vTaskPlaceOnUnorderedEventList+0xb4>)
10005d02:	681f      	ldr	r7, [r3, #0]
10005d04:	4b1d      	ldr	r3, [pc, #116]	@ (10005d7c <vTaskPlaceOnUnorderedEventList+0xb8>)
10005d06:	681b      	ldr	r3, [r3, #0]
10005d08:	6822      	ldr	r2, [r4, #0]
10005d0a:	4698      	mov	r8, r3
10005d0c:	236d      	movs	r3, #109	@ 0x6d
10005d0e:	6820      	ldr	r0, [r4, #0]
10005d10:	54d1      	strb	r1, [r2, r3]
10005d12:	3004      	adds	r0, #4
10005d14:	f7fe fea4 	bl	10004a60 <uxListRemove>
10005d18:	1c6b      	adds	r3, r5, #1
10005d1a:	d015      	beq.n	10005d48 <vTaskPlaceOnUnorderedEventList+0x84>
10005d1c:	6823      	ldr	r3, [r4, #0]
10005d1e:	6821      	ldr	r1, [r4, #0]
10005d20:	19ad      	adds	r5, r5, r6
10005d22:	605d      	str	r5, [r3, #4]
10005d24:	3104      	adds	r1, #4
10005d26:	42ae      	cmp	r6, r5
10005d28:	d905      	bls.n	10005d36 <vTaskPlaceOnUnorderedEventList+0x72>
10005d2a:	4640      	mov	r0, r8
10005d2c:	f7fe fe80 	bl	10004a30 <vListInsert>
10005d30:	bc80      	pop	{r7}
10005d32:	46b8      	mov	r8, r7
10005d34:	bdf0      	pop	{r4, r5, r6, r7, pc}
10005d36:	0038      	movs	r0, r7
10005d38:	f7fe fe7a 	bl	10004a30 <vListInsert>
10005d3c:	4b10      	ldr	r3, [pc, #64]	@ (10005d80 <vTaskPlaceOnUnorderedEventList+0xbc>)
10005d3e:	681a      	ldr	r2, [r3, #0]
10005d40:	4295      	cmp	r5, r2
10005d42:	d2f5      	bcs.n	10005d30 <vTaskPlaceOnUnorderedEventList+0x6c>
10005d44:	601d      	str	r5, [r3, #0]
10005d46:	e7f3      	b.n	10005d30 <vTaskPlaceOnUnorderedEventList+0x6c>
10005d48:	4b0e      	ldr	r3, [pc, #56]	@ (10005d84 <vTaskPlaceOnUnorderedEventList+0xc0>)
10005d4a:	6821      	ldr	r1, [r4, #0]
10005d4c:	685a      	ldr	r2, [r3, #4]
10005d4e:	608a      	str	r2, [r1, #8]
10005d50:	6890      	ldr	r0, [r2, #8]
10005d52:	6821      	ldr	r1, [r4, #0]
10005d54:	60c8      	str	r0, [r1, #12]
10005d56:	6821      	ldr	r1, [r4, #0]
10005d58:	3104      	adds	r1, #4
10005d5a:	6041      	str	r1, [r0, #4]
10005d5c:	6821      	ldr	r1, [r4, #0]
10005d5e:	3104      	adds	r1, #4
10005d60:	6091      	str	r1, [r2, #8]
10005d62:	6822      	ldr	r2, [r4, #0]
10005d64:	6153      	str	r3, [r2, #20]
10005d66:	681a      	ldr	r2, [r3, #0]
10005d68:	3201      	adds	r2, #1
10005d6a:	601a      	str	r2, [r3, #0]
10005d6c:	e7e0      	b.n	10005d30 <vTaskPlaceOnUnorderedEventList+0x6c>
10005d6e:	46c0      	nop			@ (mov r8, r8)
10005d70:	20001ff4 	.word	0x20001ff4
10005d74:	200224a4 	.word	0x200224a4
10005d78:	20001ffc 	.word	0x20001ffc
10005d7c:	20002004 	.word	0x20002004
10005d80:	20022440 	.word	0x20022440
10005d84:	2002247c 	.word	0x2002247c

10005d88 <vTaskPlaceOnEventListRestricted>:
10005d88:	b5f0      	push	{r4, r5, r6, r7, lr}
10005d8a:	46c6      	mov	lr, r8
10005d8c:	4c35      	ldr	r4, [pc, #212]	@ (10005e64 <vTaskPlaceOnEventListRestricted+0xdc>)
10005d8e:	6843      	ldr	r3, [r0, #4]
10005d90:	000d      	movs	r5, r1
10005d92:	6821      	ldr	r1, [r4, #0]
10005d94:	b500      	push	{lr}
10005d96:	689e      	ldr	r6, [r3, #8]
10005d98:	61cb      	str	r3, [r1, #28]
10005d9a:	6821      	ldr	r1, [r4, #0]
10005d9c:	620e      	str	r6, [r1, #32]
10005d9e:	6821      	ldr	r1, [r4, #0]
10005da0:	3118      	adds	r1, #24
10005da2:	6071      	str	r1, [r6, #4]
10005da4:	6821      	ldr	r1, [r4, #0]
10005da6:	3118      	adds	r1, #24
10005da8:	6099      	str	r1, [r3, #8]
10005daa:	6823      	ldr	r3, [r4, #0]
10005dac:	6298      	str	r0, [r3, #40]	@ 0x28
10005dae:	6803      	ldr	r3, [r0, #0]
10005db0:	3301      	adds	r3, #1
10005db2:	6003      	str	r3, [r0, #0]
10005db4:	4b2c      	ldr	r3, [pc, #176]	@ (10005e68 <vTaskPlaceOnEventListRestricted+0xe0>)
10005db6:	2a00      	cmp	r2, #0
10005db8:	d021      	beq.n	10005dfe <vTaskPlaceOnEventListRestricted+0x76>
10005dba:	681b      	ldr	r3, [r3, #0]
10005dbc:	4b2b      	ldr	r3, [pc, #172]	@ (10005e6c <vTaskPlaceOnEventListRestricted+0xe4>)
10005dbe:	2100      	movs	r1, #0
10005dc0:	681b      	ldr	r3, [r3, #0]
10005dc2:	4b2b      	ldr	r3, [pc, #172]	@ (10005e70 <vTaskPlaceOnEventListRestricted+0xe8>)
10005dc4:	681b      	ldr	r3, [r3, #0]
10005dc6:	236d      	movs	r3, #109	@ 0x6d
10005dc8:	6822      	ldr	r2, [r4, #0]
10005dca:	6820      	ldr	r0, [r4, #0]
10005dcc:	54d1      	strb	r1, [r2, r3]
10005dce:	3004      	adds	r0, #4
10005dd0:	f7fe fe46 	bl	10004a60 <uxListRemove>
10005dd4:	4b27      	ldr	r3, [pc, #156]	@ (10005e74 <vTaskPlaceOnEventListRestricted+0xec>)
10005dd6:	6821      	ldr	r1, [r4, #0]
10005dd8:	685a      	ldr	r2, [r3, #4]
10005dda:	608a      	str	r2, [r1, #8]
10005ddc:	6890      	ldr	r0, [r2, #8]
10005dde:	6821      	ldr	r1, [r4, #0]
10005de0:	60c8      	str	r0, [r1, #12]
10005de2:	6821      	ldr	r1, [r4, #0]
10005de4:	3104      	adds	r1, #4
10005de6:	6041      	str	r1, [r0, #4]
10005de8:	6821      	ldr	r1, [r4, #0]
10005dea:	3104      	adds	r1, #4
10005dec:	6091      	str	r1, [r2, #8]
10005dee:	6822      	ldr	r2, [r4, #0]
10005df0:	6153      	str	r3, [r2, #20]
10005df2:	681a      	ldr	r2, [r3, #0]
10005df4:	3201      	adds	r2, #1
10005df6:	601a      	str	r2, [r3, #0]
10005df8:	bc80      	pop	{r7}
10005dfa:	46b8      	mov	r8, r7
10005dfc:	bdf0      	pop	{r4, r5, r6, r7, pc}
10005dfe:	681e      	ldr	r6, [r3, #0]
10005e00:	4b1a      	ldr	r3, [pc, #104]	@ (10005e6c <vTaskPlaceOnEventListRestricted+0xe4>)
10005e02:	681f      	ldr	r7, [r3, #0]
10005e04:	4b1a      	ldr	r3, [pc, #104]	@ (10005e70 <vTaskPlaceOnEventListRestricted+0xe8>)
10005e06:	681b      	ldr	r3, [r3, #0]
10005e08:	6821      	ldr	r1, [r4, #0]
10005e0a:	4698      	mov	r8, r3
10005e0c:	236d      	movs	r3, #109	@ 0x6d
10005e0e:	6820      	ldr	r0, [r4, #0]
10005e10:	54ca      	strb	r2, [r1, r3]
10005e12:	3004      	adds	r0, #4
10005e14:	f7fe fe24 	bl	10004a60 <uxListRemove>
10005e18:	1c6b      	adds	r3, r5, #1
10005e1a:	d015      	beq.n	10005e48 <vTaskPlaceOnEventListRestricted+0xc0>
10005e1c:	6823      	ldr	r3, [r4, #0]
10005e1e:	19ad      	adds	r5, r5, r6
10005e20:	605d      	str	r5, [r3, #4]
10005e22:	42ae      	cmp	r6, r5
10005e24:	d80a      	bhi.n	10005e3c <vTaskPlaceOnEventListRestricted+0xb4>
10005e26:	6821      	ldr	r1, [r4, #0]
10005e28:	0038      	movs	r0, r7
10005e2a:	3104      	adds	r1, #4
10005e2c:	f7fe fe00 	bl	10004a30 <vListInsert>
10005e30:	4b11      	ldr	r3, [pc, #68]	@ (10005e78 <vTaskPlaceOnEventListRestricted+0xf0>)
10005e32:	681a      	ldr	r2, [r3, #0]
10005e34:	4295      	cmp	r5, r2
10005e36:	d2df      	bcs.n	10005df8 <vTaskPlaceOnEventListRestricted+0x70>
10005e38:	601d      	str	r5, [r3, #0]
10005e3a:	e7dd      	b.n	10005df8 <vTaskPlaceOnEventListRestricted+0x70>
10005e3c:	6821      	ldr	r1, [r4, #0]
10005e3e:	4640      	mov	r0, r8
10005e40:	3104      	adds	r1, #4
10005e42:	f7fe fdf5 	bl	10004a30 <vListInsert>
10005e46:	e7d7      	b.n	10005df8 <vTaskPlaceOnEventListRestricted+0x70>
10005e48:	6822      	ldr	r2, [r4, #0]
10005e4a:	1e73      	subs	r3, r6, #1
10005e4c:	6053      	str	r3, [r2, #4]
10005e4e:	429e      	cmp	r6, r3
10005e50:	d8f4      	bhi.n	10005e3c <vTaskPlaceOnEventListRestricted+0xb4>
10005e52:	6821      	ldr	r1, [r4, #0]
10005e54:	0038      	movs	r0, r7
10005e56:	3104      	adds	r1, #4
10005e58:	f7fe fdea 	bl	10004a30 <vListInsert>
10005e5c:	4b06      	ldr	r3, [pc, #24]	@ (10005e78 <vTaskPlaceOnEventListRestricted+0xf0>)
10005e5e:	681b      	ldr	r3, [r3, #0]
10005e60:	e7ca      	b.n	10005df8 <vTaskPlaceOnEventListRestricted+0x70>
10005e62:	46c0      	nop			@ (mov r8, r8)
10005e64:	20001ff4 	.word	0x20001ff4
10005e68:	200224a4 	.word	0x200224a4
10005e6c:	20001ffc 	.word	0x20001ffc
10005e70:	20002004 	.word	0x20002004
10005e74:	2002247c 	.word	0x2002247c
10005e78:	20022440 	.word	0x20022440

10005e7c <xTaskRemoveFromEventList>:
10005e7c:	68c3      	ldr	r3, [r0, #12]
10005e7e:	b5f0      	push	{r4, r5, r6, r7, lr}
10005e80:	68db      	ldr	r3, [r3, #12]
10005e82:	69d8      	ldr	r0, [r3, #28]
10005e84:	6a19      	ldr	r1, [r3, #32]
10005e86:	6a9a      	ldr	r2, [r3, #40]	@ 0x28
10005e88:	6081      	str	r1, [r0, #8]
10005e8a:	6048      	str	r0, [r1, #4]
10005e8c:	0018      	movs	r0, r3
10005e8e:	6854      	ldr	r4, [r2, #4]
10005e90:	3018      	adds	r0, #24
10005e92:	4284      	cmp	r4, r0
10005e94:	d041      	beq.n	10005f1a <xTaskRemoveFromEventList+0x9e>
10005e96:	2100      	movs	r1, #0
10005e98:	6299      	str	r1, [r3, #40]	@ 0x28
10005e9a:	6811      	ldr	r1, [r2, #0]
10005e9c:	3901      	subs	r1, #1
10005e9e:	6011      	str	r1, [r2, #0]
10005ea0:	4a23      	ldr	r2, [pc, #140]	@ (10005f30 <xTaskRemoveFromEventList+0xb4>)
10005ea2:	6ad9      	ldr	r1, [r3, #44]	@ 0x2c
10005ea4:	6812      	ldr	r2, [r2, #0]
10005ea6:	2a00      	cmp	r2, #0
10005ea8:	d129      	bne.n	10005efe <xTaskRemoveFromEventList+0x82>
10005eaa:	695a      	ldr	r2, [r3, #20]
10005eac:	689c      	ldr	r4, [r3, #8]
10005eae:	68d8      	ldr	r0, [r3, #12]
10005eb0:	1d1d      	adds	r5, r3, #4
10005eb2:	60a0      	str	r0, [r4, #8]
10005eb4:	6044      	str	r4, [r0, #4]
10005eb6:	6854      	ldr	r4, [r2, #4]
10005eb8:	42ac      	cmp	r4, r5
10005eba:	d030      	beq.n	10005f1e <xTaskRemoveFromEventList+0xa2>
10005ebc:	6810      	ldr	r0, [r2, #0]
10005ebe:	3801      	subs	r0, #1
10005ec0:	6010      	str	r0, [r2, #0]
10005ec2:	4a1c      	ldr	r2, [pc, #112]	@ (10005f34 <xTaskRemoveFromEventList+0xb8>)
10005ec4:	6810      	ldr	r0, [r2, #0]
10005ec6:	4288      	cmp	r0, r1
10005ec8:	d325      	bcc.n	10005f16 <xTaskRemoveFromEventList+0x9a>
10005eca:	008a      	lsls	r2, r1, #2
10005ecc:	481a      	ldr	r0, [pc, #104]	@ (10005f38 <xTaskRemoveFromEventList+0xbc>)
10005ece:	1852      	adds	r2, r2, r1
10005ed0:	0092      	lsls	r2, r2, #2
10005ed2:	1886      	adds	r6, r0, r2
10005ed4:	6874      	ldr	r4, [r6, #4]
10005ed6:	68a7      	ldr	r7, [r4, #8]
10005ed8:	609c      	str	r4, [r3, #8]
10005eda:	60df      	str	r7, [r3, #12]
10005edc:	607d      	str	r5, [r7, #4]
10005ede:	60a5      	str	r5, [r4, #8]
10005ee0:	615e      	str	r6, [r3, #20]
10005ee2:	5883      	ldr	r3, [r0, r2]
10005ee4:	3301      	adds	r3, #1
10005ee6:	5083      	str	r3, [r0, r2]
10005ee8:	4b14      	ldr	r3, [pc, #80]	@ (10005f3c <xTaskRemoveFromEventList+0xc0>)
10005eea:	2000      	movs	r0, #0
10005eec:	681b      	ldr	r3, [r3, #0]
10005eee:	6adb      	ldr	r3, [r3, #44]	@ 0x2c
10005ef0:	428b      	cmp	r3, r1
10005ef2:	d203      	bcs.n	10005efc <xTaskRemoveFromEventList+0x80>
10005ef4:	2201      	movs	r2, #1
10005ef6:	4b12      	ldr	r3, [pc, #72]	@ (10005f40 <xTaskRemoveFromEventList+0xc4>)
10005ef8:	3001      	adds	r0, #1
10005efa:	601a      	str	r2, [r3, #0]
10005efc:	bdf0      	pop	{r4, r5, r6, r7, pc}
10005efe:	4a11      	ldr	r2, [pc, #68]	@ (10005f44 <xTaskRemoveFromEventList+0xc8>)
10005f00:	6854      	ldr	r4, [r2, #4]
10005f02:	68a5      	ldr	r5, [r4, #8]
10005f04:	61dc      	str	r4, [r3, #28]
10005f06:	621d      	str	r5, [r3, #32]
10005f08:	6068      	str	r0, [r5, #4]
10005f0a:	60a0      	str	r0, [r4, #8]
10005f0c:	629a      	str	r2, [r3, #40]	@ 0x28
10005f0e:	6813      	ldr	r3, [r2, #0]
10005f10:	3301      	adds	r3, #1
10005f12:	6013      	str	r3, [r2, #0]
10005f14:	e7e8      	b.n	10005ee8 <xTaskRemoveFromEventList+0x6c>
10005f16:	6011      	str	r1, [r2, #0]
10005f18:	e7d7      	b.n	10005eca <xTaskRemoveFromEventList+0x4e>
10005f1a:	6051      	str	r1, [r2, #4]
10005f1c:	e7bb      	b.n	10005e96 <xTaskRemoveFromEventList+0x1a>
10005f1e:	6050      	str	r0, [r2, #4]
10005f20:	6810      	ldr	r0, [r2, #0]
10005f22:	3801      	subs	r0, #1
10005f24:	6010      	str	r0, [r2, #0]
10005f26:	4a03      	ldr	r2, [pc, #12]	@ (10005f34 <xTaskRemoveFromEventList+0xb8>)
10005f28:	6810      	ldr	r0, [r2, #0]
10005f2a:	4288      	cmp	r0, r1
10005f2c:	d2cd      	bcs.n	10005eca <xTaskRemoveFromEventList+0x4e>
10005f2e:	e7f2      	b.n	10005f16 <xTaskRemoveFromEventList+0x9a>
10005f30:	200223d0 	.word	0x200223d0
10005f34:	200223d8 	.word	0x200223d8
10005f38:	2000200c 	.word	0x2000200c
10005f3c:	20001ff4 	.word	0x20001ff4
10005f40:	200224b0 	.word	0x200224b0
10005f44:	20022454 	.word	0x20022454

10005f48 <vTaskRemoveFromUnorderedEventList>:
10005f48:	2380      	movs	r3, #128	@ 0x80
10005f4a:	061b      	lsls	r3, r3, #24
10005f4c:	b5f0      	push	{r4, r5, r6, r7, lr}
10005f4e:	6902      	ldr	r2, [r0, #16]
10005f50:	6844      	ldr	r4, [r0, #4]
10005f52:	430b      	orrs	r3, r1
10005f54:	6881      	ldr	r1, [r0, #8]
10005f56:	6003      	str	r3, [r0, #0]
10005f58:	68c3      	ldr	r3, [r0, #12]
10005f5a:	60a1      	str	r1, [r4, #8]
10005f5c:	604c      	str	r4, [r1, #4]
10005f5e:	6854      	ldr	r4, [r2, #4]
10005f60:	4284      	cmp	r4, r0
10005f62:	d02e      	beq.n	10005fc2 <vTaskRemoveFromUnorderedEventList+0x7a>
10005f64:	2100      	movs	r1, #0
10005f66:	6101      	str	r1, [r0, #16]
10005f68:	6811      	ldr	r1, [r2, #0]
10005f6a:	6898      	ldr	r0, [r3, #8]
10005f6c:	3901      	subs	r1, #1
10005f6e:	6011      	str	r1, [r2, #0]
10005f70:	695a      	ldr	r2, [r3, #20]
10005f72:	68d9      	ldr	r1, [r3, #12]
10005f74:	1d1d      	adds	r5, r3, #4
10005f76:	6081      	str	r1, [r0, #8]
10005f78:	6048      	str	r0, [r1, #4]
10005f7a:	6850      	ldr	r0, [r2, #4]
10005f7c:	42a8      	cmp	r0, r5
10005f7e:	d022      	beq.n	10005fc6 <vTaskRemoveFromUnorderedEventList+0x7e>
10005f80:	6811      	ldr	r1, [r2, #0]
10005f82:	3901      	subs	r1, #1
10005f84:	6011      	str	r1, [r2, #0]
10005f86:	4a11      	ldr	r2, [pc, #68]	@ (10005fcc <vTaskRemoveFromUnorderedEventList+0x84>)
10005f88:	6ad9      	ldr	r1, [r3, #44]	@ 0x2c
10005f8a:	6810      	ldr	r0, [r2, #0]
10005f8c:	4281      	cmp	r1, r0
10005f8e:	d900      	bls.n	10005f92 <vTaskRemoveFromUnorderedEventList+0x4a>
10005f90:	6011      	str	r1, [r2, #0]
10005f92:	008a      	lsls	r2, r1, #2
10005f94:	480e      	ldr	r0, [pc, #56]	@ (10005fd0 <vTaskRemoveFromUnorderedEventList+0x88>)
10005f96:	1852      	adds	r2, r2, r1
10005f98:	0092      	lsls	r2, r2, #2
10005f9a:	1886      	adds	r6, r0, r2
10005f9c:	6874      	ldr	r4, [r6, #4]
10005f9e:	68a7      	ldr	r7, [r4, #8]
10005fa0:	609c      	str	r4, [r3, #8]
10005fa2:	60df      	str	r7, [r3, #12]
10005fa4:	607d      	str	r5, [r7, #4]
10005fa6:	60a5      	str	r5, [r4, #8]
10005fa8:	615e      	str	r6, [r3, #20]
10005faa:	5883      	ldr	r3, [r0, r2]
10005fac:	3301      	adds	r3, #1
10005fae:	5083      	str	r3, [r0, r2]
10005fb0:	4b08      	ldr	r3, [pc, #32]	@ (10005fd4 <vTaskRemoveFromUnorderedEventList+0x8c>)
10005fb2:	681b      	ldr	r3, [r3, #0]
10005fb4:	6adb      	ldr	r3, [r3, #44]	@ 0x2c
10005fb6:	4299      	cmp	r1, r3
10005fb8:	d902      	bls.n	10005fc0 <vTaskRemoveFromUnorderedEventList+0x78>
10005fba:	2201      	movs	r2, #1
10005fbc:	4b06      	ldr	r3, [pc, #24]	@ (10005fd8 <vTaskRemoveFromUnorderedEventList+0x90>)
10005fbe:	601a      	str	r2, [r3, #0]
10005fc0:	bdf0      	pop	{r4, r5, r6, r7, pc}
10005fc2:	6051      	str	r1, [r2, #4]
10005fc4:	e7ce      	b.n	10005f64 <vTaskRemoveFromUnorderedEventList+0x1c>
10005fc6:	6051      	str	r1, [r2, #4]
10005fc8:	e7da      	b.n	10005f80 <vTaskRemoveFromUnorderedEventList+0x38>
10005fca:	46c0      	nop			@ (mov r8, r8)
10005fcc:	200223d8 	.word	0x200223d8
10005fd0:	2000200c 	.word	0x2000200c
10005fd4:	20001ff4 	.word	0x20001ff4
10005fd8:	200224b0 	.word	0x200224b0

10005fdc <vTaskInternalSetTimeOutState>:
10005fdc:	4b03      	ldr	r3, [pc, #12]	@ (10005fec <vTaskInternalSetTimeOutState+0x10>)
10005fde:	681b      	ldr	r3, [r3, #0]
10005fe0:	6003      	str	r3, [r0, #0]
10005fe2:	4b03      	ldr	r3, [pc, #12]	@ (10005ff0 <vTaskInternalSetTimeOutState+0x14>)
10005fe4:	681b      	ldr	r3, [r3, #0]
10005fe6:	6043      	str	r3, [r0, #4]
10005fe8:	4770      	bx	lr
10005fea:	46c0      	nop			@ (mov r8, r8)
10005fec:	20022444 	.word	0x20022444
10005ff0:	200224a4 	.word	0x200224a4

10005ff4 <xTaskCheckForTimeOut>:
10005ff4:	b5f0      	push	{r4, r5, r6, r7, lr}
10005ff6:	46c6      	mov	lr, r8
10005ff8:	b500      	push	{lr}
10005ffa:	0004      	movs	r4, r0
10005ffc:	000e      	movs	r6, r1
10005ffe:	f7fe fa57 	bl	100044b0 <vPortEnterCritical>
10006002:	236d      	movs	r3, #109	@ 0x6d
10006004:	4815      	ldr	r0, [pc, #84]	@ (1000605c <xTaskCheckForTimeOut+0x68>)
10006006:	4a16      	ldr	r2, [pc, #88]	@ (10006060 <xTaskCheckForTimeOut+0x6c>)
10006008:	6807      	ldr	r7, [r0, #0]
1000600a:	6815      	ldr	r5, [r2, #0]
1000600c:	6861      	ldr	r1, [r4, #4]
1000600e:	5ced      	ldrb	r5, [r5, r3]
10006010:	2d00      	cmp	r5, #0
10006012:	d009      	beq.n	10006028 <xTaskCheckForTimeOut+0x34>
10006014:	2100      	movs	r1, #0
10006016:	6812      	ldr	r2, [r2, #0]
10006018:	54d1      	strb	r1, [r2, r3]
1000601a:	2401      	movs	r4, #1
1000601c:	f7fe fa54 	bl	100044c8 <vPortExitCritical>
10006020:	0020      	movs	r0, r4
10006022:	bc80      	pop	{r7}
10006024:	46b8      	mov	r8, r7
10006026:	bdf0      	pop	{r4, r5, r6, r7, pc}
10006028:	6833      	ldr	r3, [r6, #0]
1000602a:	1c5a      	adds	r2, r3, #1
1000602c:	d014      	beq.n	10006058 <xTaskCheckForTimeOut+0x64>
1000602e:	4a0d      	ldr	r2, [pc, #52]	@ (10006064 <xTaskCheckForTimeOut+0x70>)
10006030:	6815      	ldr	r5, [r2, #0]
10006032:	46a8      	mov	r8, r5
10006034:	6825      	ldr	r5, [r4, #0]
10006036:	4545      	cmp	r5, r8
10006038:	d004      	beq.n	10006044 <xTaskCheckForTimeOut+0x50>
1000603a:	42b9      	cmp	r1, r7
1000603c:	d802      	bhi.n	10006044 <xTaskCheckForTimeOut+0x50>
1000603e:	2300      	movs	r3, #0
10006040:	6033      	str	r3, [r6, #0]
10006042:	e7ea      	b.n	1000601a <xTaskCheckForTimeOut+0x26>
10006044:	1a7d      	subs	r5, r7, r1
10006046:	42ab      	cmp	r3, r5
10006048:	d9f9      	bls.n	1000603e <xTaskCheckForTimeOut+0x4a>
1000604a:	1bdb      	subs	r3, r3, r7
1000604c:	185b      	adds	r3, r3, r1
1000604e:	6033      	str	r3, [r6, #0]
10006050:	6813      	ldr	r3, [r2, #0]
10006052:	6023      	str	r3, [r4, #0]
10006054:	6803      	ldr	r3, [r0, #0]
10006056:	6063      	str	r3, [r4, #4]
10006058:	2400      	movs	r4, #0
1000605a:	e7df      	b.n	1000601c <xTaskCheckForTimeOut+0x28>
1000605c:	200224a4 	.word	0x200224a4
10006060:	20001ff4 	.word	0x20001ff4
10006064:	20022444 	.word	0x20022444

10006068 <vTaskMissedYield>:
10006068:	2201      	movs	r2, #1
1000606a:	4b01      	ldr	r3, [pc, #4]	@ (10006070 <vTaskMissedYield+0x8>)
1000606c:	601a      	str	r2, [r3, #0]
1000606e:	4770      	bx	lr
10006070:	200224b0 	.word	0x200224b0

10006074 <xTaskGetCurrentTaskHandle>:
10006074:	4b01      	ldr	r3, [pc, #4]	@ (1000607c <xTaskGetCurrentTaskHandle+0x8>)
10006076:	6818      	ldr	r0, [r3, #0]
10006078:	4770      	bx	lr
1000607a:	46c0      	nop			@ (mov r8, r8)
1000607c:	20001ff4 	.word	0x20001ff4

10006080 <xTaskPriorityInherit>:
10006080:	b5f8      	push	{r3, r4, r5, r6, r7, lr}
10006082:	1e04      	subs	r4, r0, #0
10006084:	d021      	beq.n	100060ca <xTaskPriorityInherit+0x4a>
10006086:	4d20      	ldr	r5, [pc, #128]	@ (10006108 <xTaskPriorityInherit+0x88>)
10006088:	6ac2      	ldr	r2, [r0, #44]	@ 0x2c
1000608a:	682b      	ldr	r3, [r5, #0]
1000608c:	6adb      	ldr	r3, [r3, #44]	@ 0x2c
1000608e:	429a      	cmp	r2, r3
10006090:	d214      	bcs.n	100060bc <xTaskPriorityInherit+0x3c>
10006092:	6983      	ldr	r3, [r0, #24]
10006094:	2b00      	cmp	r3, #0
10006096:	db04      	blt.n	100060a2 <xTaskPriorityInherit+0x22>
10006098:	682b      	ldr	r3, [r5, #0]
1000609a:	6ad9      	ldr	r1, [r3, #44]	@ 0x2c
1000609c:	2320      	movs	r3, #32
1000609e:	1a5b      	subs	r3, r3, r1
100060a0:	6183      	str	r3, [r0, #24]
100060a2:	0093      	lsls	r3, r2, #2
100060a4:	189b      	adds	r3, r3, r2
100060a6:	4e19      	ldr	r6, [pc, #100]	@ (1000610c <xTaskPriorityInherit+0x8c>)
100060a8:	009b      	lsls	r3, r3, #2
100060aa:	6962      	ldr	r2, [r4, #20]
100060ac:	18f3      	adds	r3, r6, r3
100060ae:	429a      	cmp	r2, r3
100060b0:	d00d      	beq.n	100060ce <xTaskPriorityInherit+0x4e>
100060b2:	682b      	ldr	r3, [r5, #0]
100060b4:	2001      	movs	r0, #1
100060b6:	6adb      	ldr	r3, [r3, #44]	@ 0x2c
100060b8:	62e3      	str	r3, [r4, #44]	@ 0x2c
100060ba:	e005      	b.n	100060c8 <xTaskPriorityInherit+0x48>
100060bc:	682b      	ldr	r3, [r5, #0]
100060be:	6cc0      	ldr	r0, [r0, #76]	@ 0x4c
100060c0:	6adb      	ldr	r3, [r3, #44]	@ 0x2c
100060c2:	4298      	cmp	r0, r3
100060c4:	4180      	sbcs	r0, r0
100060c6:	4240      	negs	r0, r0
100060c8:	bdf8      	pop	{r3, r4, r5, r6, r7, pc}
100060ca:	2000      	movs	r0, #0
100060cc:	e7fc      	b.n	100060c8 <xTaskPriorityInherit+0x48>
100060ce:	1d27      	adds	r7, r4, #4
100060d0:	0038      	movs	r0, r7
100060d2:	f7fe fcc5 	bl	10004a60 <uxListRemove>
100060d6:	682b      	ldr	r3, [r5, #0]
100060d8:	6ada      	ldr	r2, [r3, #44]	@ 0x2c
100060da:	4b0d      	ldr	r3, [pc, #52]	@ (10006110 <xTaskPriorityInherit+0x90>)
100060dc:	62e2      	str	r2, [r4, #44]	@ 0x2c
100060de:	6819      	ldr	r1, [r3, #0]
100060e0:	428a      	cmp	r2, r1
100060e2:	d900      	bls.n	100060e6 <xTaskPriorityInherit+0x66>
100060e4:	601a      	str	r2, [r3, #0]
100060e6:	0093      	lsls	r3, r2, #2
100060e8:	189b      	adds	r3, r3, r2
100060ea:	009b      	lsls	r3, r3, #2
100060ec:	18f1      	adds	r1, r6, r3
100060ee:	684a      	ldr	r2, [r1, #4]
100060f0:	6890      	ldr	r0, [r2, #8]
100060f2:	60a2      	str	r2, [r4, #8]
100060f4:	60e0      	str	r0, [r4, #12]
100060f6:	6047      	str	r7, [r0, #4]
100060f8:	6097      	str	r7, [r2, #8]
100060fa:	58f2      	ldr	r2, [r6, r3]
100060fc:	6161      	str	r1, [r4, #20]
100060fe:	3201      	adds	r2, #1
10006100:	2001      	movs	r0, #1
10006102:	50f2      	str	r2, [r6, r3]
10006104:	e7e0      	b.n	100060c8 <xTaskPriorityInherit+0x48>
10006106:	46c0      	nop			@ (mov r8, r8)
10006108:	20001ff4 	.word	0x20001ff4
1000610c:	2000200c 	.word	0x2000200c
10006110:	200223d8 	.word	0x200223d8

10006114 <xTaskPriorityDisinherit>:
10006114:	b570      	push	{r4, r5, r6, lr}
10006116:	1e04      	subs	r4, r0, #0
10006118:	d008      	beq.n	1000612c <xTaskPriorityDisinherit+0x18>
1000611a:	6d03      	ldr	r3, [r0, #80]	@ 0x50
1000611c:	6ac1      	ldr	r1, [r0, #44]	@ 0x2c
1000611e:	6cc2      	ldr	r2, [r0, #76]	@ 0x4c
10006120:	3b01      	subs	r3, #1
10006122:	6503      	str	r3, [r0, #80]	@ 0x50
10006124:	4291      	cmp	r1, r2
10006126:	d001      	beq.n	1000612c <xTaskPriorityDisinherit+0x18>
10006128:	2b00      	cmp	r3, #0
1000612a:	d001      	beq.n	10006130 <xTaskPriorityDisinherit+0x1c>
1000612c:	2000      	movs	r0, #0
1000612e:	bd70      	pop	{r4, r5, r6, pc}
10006130:	1d05      	adds	r5, r0, #4
10006132:	0028      	movs	r0, r5
10006134:	f7fe fc94 	bl	10004a60 <uxListRemove>
10006138:	2320      	movs	r3, #32
1000613a:	6ce2      	ldr	r2, [r4, #76]	@ 0x4c
1000613c:	1a9b      	subs	r3, r3, r2
1000613e:	61a3      	str	r3, [r4, #24]
10006140:	4b0b      	ldr	r3, [pc, #44]	@ (10006170 <xTaskPriorityDisinherit+0x5c>)
10006142:	62e2      	str	r2, [r4, #44]	@ 0x2c
10006144:	6819      	ldr	r1, [r3, #0]
10006146:	428a      	cmp	r2, r1
10006148:	d900      	bls.n	1000614c <xTaskPriorityDisinherit+0x38>
1000614a:	601a      	str	r2, [r3, #0]
1000614c:	0093      	lsls	r3, r2, #2
1000614e:	4909      	ldr	r1, [pc, #36]	@ (10006174 <xTaskPriorityDisinherit+0x60>)
10006150:	189b      	adds	r3, r3, r2
10006152:	009b      	lsls	r3, r3, #2
10006154:	18c8      	adds	r0, r1, r3
10006156:	6842      	ldr	r2, [r0, #4]
10006158:	6896      	ldr	r6, [r2, #8]
1000615a:	60a2      	str	r2, [r4, #8]
1000615c:	60e6      	str	r6, [r4, #12]
1000615e:	6075      	str	r5, [r6, #4]
10006160:	6095      	str	r5, [r2, #8]
10006162:	58ca      	ldr	r2, [r1, r3]
10006164:	6160      	str	r0, [r4, #20]
10006166:	3201      	adds	r2, #1
10006168:	2001      	movs	r0, #1
1000616a:	50ca      	str	r2, [r1, r3]
1000616c:	e7df      	b.n	1000612e <xTaskPriorityDisinherit+0x1a>
1000616e:	46c0      	nop			@ (mov r8, r8)
10006170:	200223d8 	.word	0x200223d8
10006174:	2000200c 	.word	0x2000200c

10006178 <vTaskPriorityDisinheritAfterTimeout>:
10006178:	b570      	push	{r4, r5, r6, lr}
1000617a:	1e04      	subs	r4, r0, #0
1000617c:	d008      	beq.n	10006190 <vTaskPriorityDisinheritAfterTimeout+0x18>
1000617e:	6cc3      	ldr	r3, [r0, #76]	@ 0x4c
10006180:	428b      	cmp	r3, r1
10006182:	d306      	bcc.n	10006192 <vTaskPriorityDisinheritAfterTimeout+0x1a>
10006184:	6ae2      	ldr	r2, [r4, #44]	@ 0x2c
10006186:	429a      	cmp	r2, r3
10006188:	d002      	beq.n	10006190 <vTaskPriorityDisinheritAfterTimeout+0x18>
1000618a:	6d21      	ldr	r1, [r4, #80]	@ 0x50
1000618c:	2901      	cmp	r1, #1
1000618e:	d005      	beq.n	1000619c <vTaskPriorityDisinheritAfterTimeout+0x24>
10006190:	bd70      	pop	{r4, r5, r6, pc}
10006192:	6ae2      	ldr	r2, [r4, #44]	@ 0x2c
10006194:	000b      	movs	r3, r1
10006196:	429a      	cmp	r2, r3
10006198:	d1f7      	bne.n	1000618a <vTaskPriorityDisinheritAfterTimeout+0x12>
1000619a:	e7f9      	b.n	10006190 <vTaskPriorityDisinheritAfterTimeout+0x18>
1000619c:	69a1      	ldr	r1, [r4, #24]
1000619e:	62e3      	str	r3, [r4, #44]	@ 0x2c
100061a0:	2900      	cmp	r1, #0
100061a2:	db02      	blt.n	100061aa <vTaskPriorityDisinheritAfterTimeout+0x32>
100061a4:	2120      	movs	r1, #32
100061a6:	1acb      	subs	r3, r1, r3
100061a8:	61a3      	str	r3, [r4, #24]
100061aa:	0093      	lsls	r3, r2, #2
100061ac:	189b      	adds	r3, r3, r2
100061ae:	4d0f      	ldr	r5, [pc, #60]	@ (100061ec <vTaskPriorityDisinheritAfterTimeout+0x74>)
100061b0:	009b      	lsls	r3, r3, #2
100061b2:	6962      	ldr	r2, [r4, #20]
100061b4:	18eb      	adds	r3, r5, r3
100061b6:	429a      	cmp	r2, r3
100061b8:	d1ea      	bne.n	10006190 <vTaskPriorityDisinheritAfterTimeout+0x18>
100061ba:	1d26      	adds	r6, r4, #4
100061bc:	0030      	movs	r0, r6
100061be:	f7fe fc4f 	bl	10004a60 <uxListRemove>
100061c2:	4b0b      	ldr	r3, [pc, #44]	@ (100061f0 <vTaskPriorityDisinheritAfterTimeout+0x78>)
100061c4:	6ae2      	ldr	r2, [r4, #44]	@ 0x2c
100061c6:	6819      	ldr	r1, [r3, #0]
100061c8:	428a      	cmp	r2, r1
100061ca:	d900      	bls.n	100061ce <vTaskPriorityDisinheritAfterTimeout+0x56>
100061cc:	601a      	str	r2, [r3, #0]
100061ce:	0093      	lsls	r3, r2, #2
100061d0:	189b      	adds	r3, r3, r2
100061d2:	009b      	lsls	r3, r3, #2
100061d4:	18e9      	adds	r1, r5, r3
100061d6:	684a      	ldr	r2, [r1, #4]
100061d8:	6890      	ldr	r0, [r2, #8]
100061da:	60a2      	str	r2, [r4, #8]
100061dc:	60e0      	str	r0, [r4, #12]
100061de:	6046      	str	r6, [r0, #4]
100061e0:	6096      	str	r6, [r2, #8]
100061e2:	58ea      	ldr	r2, [r5, r3]
100061e4:	6161      	str	r1, [r4, #20]
100061e6:	3201      	adds	r2, #1
100061e8:	50ea      	str	r2, [r5, r3]
100061ea:	e7d1      	b.n	10006190 <vTaskPriorityDisinheritAfterTimeout+0x18>
100061ec:	2000200c 	.word	0x2000200c
100061f0:	200223d8 	.word	0x200223d8

100061f4 <uxTaskResetEventItemValue>:
100061f4:	4b04      	ldr	r3, [pc, #16]	@ (10006208 <uxTaskResetEventItemValue+0x14>)
100061f6:	681a      	ldr	r2, [r3, #0]
100061f8:	6819      	ldr	r1, [r3, #0]
100061fa:	6990      	ldr	r0, [r2, #24]
100061fc:	681a      	ldr	r2, [r3, #0]
100061fe:	2320      	movs	r3, #32
10006200:	6ac9      	ldr	r1, [r1, #44]	@ 0x2c
10006202:	1a5b      	subs	r3, r3, r1
10006204:	6193      	str	r3, [r2, #24]
10006206:	4770      	bx	lr
10006208:	20001ff4 	.word	0x20001ff4

1000620c <pvTaskIncrementMutexHeldCount>:
1000620c:	4b03      	ldr	r3, [pc, #12]	@ (1000621c <pvTaskIncrementMutexHeldCount+0x10>)
1000620e:	6818      	ldr	r0, [r3, #0]
10006210:	2800      	cmp	r0, #0
10006212:	d002      	beq.n	1000621a <pvTaskIncrementMutexHeldCount+0xe>
10006214:	6d03      	ldr	r3, [r0, #80]	@ 0x50
10006216:	3301      	adds	r3, #1
10006218:	6503      	str	r3, [r0, #80]	@ 0x50
1000621a:	4770      	bx	lr
1000621c:	20001ff4 	.word	0x20001ff4

10006220 <prvTimerTask>:
10006220:	b5f0      	push	{r4, r5, r6, r7, lr}
10006222:	4ac9      	ldr	r2, [pc, #804]	@ (10006548 <prvTimerTask+0x328>)
10006224:	4657      	mov	r7, sl
10006226:	4645      	mov	r5, r8
10006228:	46de      	mov	lr, fp
1000622a:	464e      	mov	r6, r9
1000622c:	4690      	mov	r8, r2
1000622e:	b5e0      	push	{r5, r6, r7, lr}
10006230:	4fc6      	ldr	r7, [pc, #792]	@ (1000654c <prvTimerTask+0x32c>)
10006232:	46c2      	mov	sl, r8
10006234:	46b8      	mov	r8, r7
10006236:	4bc6      	ldr	r3, [pc, #792]	@ (10006550 <prvTimerTask+0x330>)
10006238:	4ac6      	ldr	r2, [pc, #792]	@ (10006554 <prvTimerTask+0x334>)
1000623a:	001f      	movs	r7, r3
1000623c:	4643      	mov	r3, r8
1000623e:	b08b      	sub	sp, #44	@ 0x2c
10006240:	9201      	str	r2, [sp, #4]
10006242:	2228      	movs	r2, #40	@ 0x28
10006244:	681b      	ldr	r3, [r3, #0]
10006246:	4693      	mov	fp, r2
10006248:	681d      	ldr	r5, [r3, #0]
1000624a:	4cc3      	ldr	r4, [pc, #780]	@ (10006558 <prvTimerTask+0x338>)
1000624c:	2d00      	cmp	r5, #0
1000624e:	d069      	beq.n	10006324 <prvTimerTask+0x104>
10006250:	68db      	ldr	r3, [r3, #12]
10006252:	681d      	ldr	r5, [r3, #0]
10006254:	f7ff fb7c 	bl	10005950 <vTaskSuspendAll>
10006258:	f7ff fc88 	bl	10005b6c <xTaskGetTickCount>
1000625c:	683b      	ldr	r3, [r7, #0]
1000625e:	4681      	mov	r9, r0
10006260:	4298      	cmp	r0, r3
10006262:	d200      	bcs.n	10006266 <prvTimerTask+0x46>
10006264:	e0f6      	b.n	10006454 <prvTimerTask+0x234>
10006266:	6038      	str	r0, [r7, #0]
10006268:	4285      	cmp	r5, r0
1000626a:	d800      	bhi.n	1000626e <prvTimerTask+0x4e>
1000626c:	e176      	b.n	1000655c <prvTimerTask+0x33c>
1000626e:	2200      	movs	r2, #0
10006270:	464b      	mov	r3, r9
10006272:	6820      	ldr	r0, [r4, #0]
10006274:	1ae9      	subs	r1, r5, r3
10006276:	f7ff f8d9 	bl	1000542c <vQueueWaitForMessageRestricted>
1000627a:	f7ff fb71 	bl	10005960 <xTaskResumeAll>
1000627e:	2800      	cmp	r0, #0
10006280:	d100      	bne.n	10006284 <prvTimerTask+0x64>
10006282:	e13b      	b.n	100064fc <prvTimerTask+0x2dc>
10006284:	2210      	movs	r2, #16
10006286:	2100      	movs	r1, #0
10006288:	a806      	add	r0, sp, #24
1000628a:	f7fc f98b 	bl	100025a4 <__wrap_memset>
1000628e:	003d      	movs	r5, r7
10006290:	2200      	movs	r2, #0
10006292:	6820      	ldr	r0, [r4, #0]
10006294:	a906      	add	r1, sp, #24
10006296:	f7fe ff09 	bl	100050ac <xQueueReceive>
1000629a:	2800      	cmp	r0, #0
1000629c:	d03c      	beq.n	10006318 <prvTimerTask+0xf8>
1000629e:	9b06      	ldr	r3, [sp, #24]
100062a0:	9808      	ldr	r0, [sp, #32]
100062a2:	2b00      	cmp	r3, #0
100062a4:	db75      	blt.n	10006392 <prvTimerTask+0x172>
100062a6:	9e08      	ldr	r6, [sp, #32]
100062a8:	2e00      	cmp	r6, #0
100062aa:	d0f1      	beq.n	10006290 <prvTimerTask+0x70>
100062ac:	6973      	ldr	r3, [r6, #20]
100062ae:	2b00      	cmp	r3, #0
100062b0:	d002      	beq.n	100062b8 <prvTimerTask+0x98>
100062b2:	1d30      	adds	r0, r6, #4
100062b4:	f7fe fbd4 	bl	10004a60 <uxListRemove>
100062b8:	f7ff fc58 	bl	10005b6c <xTaskGetTickCount>
100062bc:	682b      	ldr	r3, [r5, #0]
100062be:	0007      	movs	r7, r0
100062c0:	4298      	cmp	r0, r3
100062c2:	d36e      	bcc.n	100063a2 <prvTimerTask+0x182>
100062c4:	9b06      	ldr	r3, [sp, #24]
100062c6:	602f      	str	r7, [r5, #0]
100062c8:	2b09      	cmp	r3, #9
100062ca:	d8e1      	bhi.n	10006290 <prvTimerTask+0x70>
100062cc:	9a01      	ldr	r2, [sp, #4]
100062ce:	009b      	lsls	r3, r3, #2
100062d0:	58d3      	ldr	r3, [r2, r3]
100062d2:	469f      	mov	pc, r3
100062d4:	465b      	mov	r3, fp
100062d6:	5cf0      	ldrb	r0, [r6, r3]
100062d8:	2301      	movs	r3, #1
100062da:	465a      	mov	r2, fp
100062dc:	4303      	orrs	r3, r0
100062de:	54b3      	strb	r3, [r6, r2]
100062e0:	9907      	ldr	r1, [sp, #28]
100062e2:	69b2      	ldr	r2, [r6, #24]
100062e4:	6136      	str	r6, [r6, #16]
100062e6:	188b      	adds	r3, r1, r2
100062e8:	6073      	str	r3, [r6, #4]
100062ea:	42bb      	cmp	r3, r7
100062ec:	d900      	bls.n	100062f0 <prvTimerTask+0xd0>
100062ee:	e0a6      	b.n	1000643e <prvTimerTask+0x21e>
100062f0:	1a79      	subs	r1, r7, r1
100062f2:	428a      	cmp	r2, r1
100062f4:	d836      	bhi.n	10006364 <prvTimerTask+0x144>
100062f6:	0741      	lsls	r1, r0, #29
100062f8:	d500      	bpl.n	100062fc <prvTimerTask+0xdc>
100062fa:	e102      	b.n	10006502 <prvTimerTask+0x2e2>
100062fc:	2301      	movs	r3, #1
100062fe:	4398      	bics	r0, r3
10006300:	465b      	mov	r3, fp
10006302:	54f0      	strb	r0, [r6, r3]
10006304:	0030      	movs	r0, r6
10006306:	6a33      	ldr	r3, [r6, #32]
10006308:	4798      	blx	r3
1000630a:	2200      	movs	r2, #0
1000630c:	6820      	ldr	r0, [r4, #0]
1000630e:	a906      	add	r1, sp, #24
10006310:	f7fe fecc 	bl	100050ac <xQueueReceive>
10006314:	2800      	cmp	r0, #0
10006316:	d1c2      	bne.n	1000629e <prvTimerTask+0x7e>
10006318:	4643      	mov	r3, r8
1000631a:	681b      	ldr	r3, [r3, #0]
1000631c:	002f      	movs	r7, r5
1000631e:	681d      	ldr	r5, [r3, #0]
10006320:	2d00      	cmp	r5, #0
10006322:	d195      	bne.n	10006250 <prvTimerTask+0x30>
10006324:	f7ff fb14 	bl	10005950 <vTaskSuspendAll>
10006328:	f7ff fc20 	bl	10005b6c <xTaskGetTickCount>
1000632c:	683b      	ldr	r3, [r7, #0]
1000632e:	4681      	mov	r9, r0
10006330:	4283      	cmp	r3, r0
10006332:	d900      	bls.n	10006336 <prvTimerTask+0x116>
10006334:	e08e      	b.n	10006454 <prvTimerTask+0x234>
10006336:	464b      	mov	r3, r9
10006338:	603b      	str	r3, [r7, #0]
1000633a:	4653      	mov	r3, sl
1000633c:	681b      	ldr	r3, [r3, #0]
1000633e:	681a      	ldr	r2, [r3, #0]
10006340:	4253      	negs	r3, r2
10006342:	415a      	adcs	r2, r3
10006344:	e794      	b.n	10006270 <prvTimerTask+0x50>
10006346:	465b      	mov	r3, fp
10006348:	2201      	movs	r2, #1
1000634a:	5cf3      	ldrb	r3, [r6, r3]
1000634c:	4313      	orrs	r3, r2
1000634e:	465a      	mov	r2, fp
10006350:	54b3      	strb	r3, [r6, r2]
10006352:	9b07      	ldr	r3, [sp, #28]
10006354:	6136      	str	r6, [r6, #16]
10006356:	19da      	adds	r2, r3, r7
10006358:	61b3      	str	r3, [r6, #24]
1000635a:	6072      	str	r2, [r6, #4]
1000635c:	42ba      	cmp	r2, r7
1000635e:	d873      	bhi.n	10006448 <prvTimerTask+0x228>
10006360:	2b00      	cmp	r3, #0
10006362:	d095      	beq.n	10006290 <prvTimerTask+0x70>
10006364:	4653      	mov	r3, sl
10006366:	1d31      	adds	r1, r6, #4
10006368:	6818      	ldr	r0, [r3, #0]
1000636a:	f7fe fb61 	bl	10004a30 <vListInsert>
1000636e:	e78f      	b.n	10006290 <prvTimerTask+0x70>
10006370:	465b      	mov	r3, fp
10006372:	2201      	movs	r2, #1
10006374:	5cf3      	ldrb	r3, [r6, r3]
10006376:	4393      	bics	r3, r2
10006378:	465a      	mov	r2, fp
1000637a:	54b3      	strb	r3, [r6, r2]
1000637c:	e788      	b.n	10006290 <prvTimerTask+0x70>
1000637e:	465b      	mov	r3, fp
10006380:	5cf3      	ldrb	r3, [r6, r3]
10006382:	079a      	lsls	r2, r3, #30
10006384:	d400      	bmi.n	10006388 <prvTimerTask+0x168>
10006386:	e0b5      	b.n	100064f4 <prvTimerTask+0x2d4>
10006388:	2201      	movs	r2, #1
1000638a:	4393      	bics	r3, r2
1000638c:	465a      	mov	r2, fp
1000638e:	54b3      	strb	r3, [r6, r2]
10006390:	e77e      	b.n	10006290 <prvTimerTask+0x70>
10006392:	9b07      	ldr	r3, [sp, #28]
10006394:	9909      	ldr	r1, [sp, #36]	@ 0x24
10006396:	4798      	blx	r3
10006398:	9b06      	ldr	r3, [sp, #24]
1000639a:	2b00      	cmp	r3, #0
1000639c:	da00      	bge.n	100063a0 <prvTimerTask+0x180>
1000639e:	e777      	b.n	10006290 <prvTimerTask+0x70>
100063a0:	e781      	b.n	100062a6 <prvTimerTask+0x86>
100063a2:	4643      	mov	r3, r8
100063a4:	681b      	ldr	r3, [r3, #0]
100063a6:	681a      	ldr	r2, [r3, #0]
100063a8:	2a00      	cmp	r2, #0
100063aa:	d041      	beq.n	10006430 <prvTimerTask+0x210>
100063ac:	2204      	movs	r2, #4
100063ae:	9602      	str	r6, [sp, #8]
100063b0:	4691      	mov	r9, r2
100063b2:	9003      	str	r0, [sp, #12]
100063b4:	9504      	str	r5, [sp, #16]
100063b6:	9405      	str	r4, [sp, #20]
100063b8:	e00b      	b.n	100063d2 <prvTimerTask+0x1b2>
100063ba:	2201      	movs	r2, #1
100063bc:	4393      	bics	r3, r2
100063be:	465a      	mov	r2, fp
100063c0:	54a3      	strb	r3, [r4, r2]
100063c2:	6a23      	ldr	r3, [r4, #32]
100063c4:	0020      	movs	r0, r4
100063c6:	4798      	blx	r3
100063c8:	4643      	mov	r3, r8
100063ca:	681b      	ldr	r3, [r3, #0]
100063cc:	681a      	ldr	r2, [r3, #0]
100063ce:	2a00      	cmp	r2, #0
100063d0:	d02a      	beq.n	10006428 <prvTimerTask+0x208>
100063d2:	68db      	ldr	r3, [r3, #12]
100063d4:	68dc      	ldr	r4, [r3, #12]
100063d6:	681e      	ldr	r6, [r3, #0]
100063d8:	1d27      	adds	r7, r4, #4
100063da:	0038      	movs	r0, r7
100063dc:	f7fe fb40 	bl	10004a60 <uxListRemove>
100063e0:	465b      	mov	r3, fp
100063e2:	464a      	mov	r2, r9
100063e4:	5ce3      	ldrb	r3, [r4, r3]
100063e6:	421a      	tst	r2, r3
100063e8:	d0e7      	beq.n	100063ba <prvTimerTask+0x19a>
100063ea:	69a3      	ldr	r3, [r4, #24]
100063ec:	6124      	str	r4, [r4, #16]
100063ee:	18f5      	adds	r5, r6, r3
100063f0:	43f6      	mvns	r6, r6
100063f2:	6065      	str	r5, [r4, #4]
100063f4:	42b3      	cmp	r3, r6
100063f6:	d80a      	bhi.n	1000640e <prvTimerTask+0x1ee>
100063f8:	002e      	movs	r6, r5
100063fa:	43f6      	mvns	r6, r6
100063fc:	6a23      	ldr	r3, [r4, #32]
100063fe:	0020      	movs	r0, r4
10006400:	4798      	blx	r3
10006402:	69a3      	ldr	r3, [r4, #24]
10006404:	6124      	str	r4, [r4, #16]
10006406:	18ed      	adds	r5, r5, r3
10006408:	6065      	str	r5, [r4, #4]
1000640a:	42b3      	cmp	r3, r6
1000640c:	d9f4      	bls.n	100063f8 <prvTimerTask+0x1d8>
1000640e:	4653      	mov	r3, sl
10006410:	0039      	movs	r1, r7
10006412:	6818      	ldr	r0, [r3, #0]
10006414:	f7fe fb0c 	bl	10004a30 <vListInsert>
10006418:	6a23      	ldr	r3, [r4, #32]
1000641a:	0020      	movs	r0, r4
1000641c:	4798      	blx	r3
1000641e:	4643      	mov	r3, r8
10006420:	681b      	ldr	r3, [r3, #0]
10006422:	681a      	ldr	r2, [r3, #0]
10006424:	2a00      	cmp	r2, #0
10006426:	d1d4      	bne.n	100063d2 <prvTimerTask+0x1b2>
10006428:	9e02      	ldr	r6, [sp, #8]
1000642a:	9f03      	ldr	r7, [sp, #12]
1000642c:	9d04      	ldr	r5, [sp, #16]
1000642e:	9c05      	ldr	r4, [sp, #20]
10006430:	4652      	mov	r2, sl
10006432:	4641      	mov	r1, r8
10006434:	6812      	ldr	r2, [r2, #0]
10006436:	600a      	str	r2, [r1, #0]
10006438:	4652      	mov	r2, sl
1000643a:	6013      	str	r3, [r2, #0]
1000643c:	e742      	b.n	100062c4 <prvTimerTask+0xa4>
1000643e:	42b9      	cmp	r1, r7
10006440:	d902      	bls.n	10006448 <prvTimerTask+0x228>
10006442:	4299      	cmp	r1, r3
10006444:	d800      	bhi.n	10006448 <prvTimerTask+0x228>
10006446:	e756      	b.n	100062f6 <prvTimerTask+0xd6>
10006448:	4643      	mov	r3, r8
1000644a:	1d31      	adds	r1, r6, #4
1000644c:	6818      	ldr	r0, [r3, #0]
1000644e:	f7fe faef 	bl	10004a30 <vListInsert>
10006452:	e71d      	b.n	10006290 <prvTimerTask+0x70>
10006454:	4643      	mov	r3, r8
10006456:	681b      	ldr	r3, [r3, #0]
10006458:	681a      	ldr	r2, [r3, #0]
1000645a:	2a00      	cmp	r2, #0
1000645c:	d03f      	beq.n	100064de <prvTimerTask+0x2be>
1000645e:	464a      	mov	r2, r9
10006460:	9703      	str	r7, [sp, #12]
10006462:	46a1      	mov	r9, r4
10006464:	9202      	str	r2, [sp, #8]
10006466:	e00b      	b.n	10006480 <prvTimerTask+0x260>
10006468:	2201      	movs	r2, #1
1000646a:	4393      	bics	r3, r2
1000646c:	465a      	mov	r2, fp
1000646e:	54ab      	strb	r3, [r5, r2]
10006470:	6a2b      	ldr	r3, [r5, #32]
10006472:	0028      	movs	r0, r5
10006474:	4798      	blx	r3
10006476:	4643      	mov	r3, r8
10006478:	681b      	ldr	r3, [r3, #0]
1000647a:	681a      	ldr	r2, [r3, #0]
1000647c:	2a00      	cmp	r2, #0
1000647e:	d02a      	beq.n	100064d6 <prvTimerTask+0x2b6>
10006480:	68db      	ldr	r3, [r3, #12]
10006482:	68dd      	ldr	r5, [r3, #12]
10006484:	681f      	ldr	r7, [r3, #0]
10006486:	1d2c      	adds	r4, r5, #4
10006488:	0020      	movs	r0, r4
1000648a:	f7fe fae9 	bl	10004a60 <uxListRemove>
1000648e:	465b      	mov	r3, fp
10006490:	2204      	movs	r2, #4
10006492:	5ceb      	ldrb	r3, [r5, r3]
10006494:	421a      	tst	r2, r3
10006496:	d0e7      	beq.n	10006468 <prvTimerTask+0x248>
10006498:	69ab      	ldr	r3, [r5, #24]
1000649a:	612d      	str	r5, [r5, #16]
1000649c:	18fe      	adds	r6, r7, r3
1000649e:	43ff      	mvns	r7, r7
100064a0:	606e      	str	r6, [r5, #4]
100064a2:	42bb      	cmp	r3, r7
100064a4:	d80a      	bhi.n	100064bc <prvTimerTask+0x29c>
100064a6:	0037      	movs	r7, r6
100064a8:	43ff      	mvns	r7, r7
100064aa:	6a2b      	ldr	r3, [r5, #32]
100064ac:	0028      	movs	r0, r5
100064ae:	4798      	blx	r3
100064b0:	69ab      	ldr	r3, [r5, #24]
100064b2:	612d      	str	r5, [r5, #16]
100064b4:	18f6      	adds	r6, r6, r3
100064b6:	606e      	str	r6, [r5, #4]
100064b8:	42bb      	cmp	r3, r7
100064ba:	d9f4      	bls.n	100064a6 <prvTimerTask+0x286>
100064bc:	4653      	mov	r3, sl
100064be:	0021      	movs	r1, r4
100064c0:	6818      	ldr	r0, [r3, #0]
100064c2:	f7fe fab5 	bl	10004a30 <vListInsert>
100064c6:	6a2b      	ldr	r3, [r5, #32]
100064c8:	0028      	movs	r0, r5
100064ca:	4798      	blx	r3
100064cc:	4643      	mov	r3, r8
100064ce:	681b      	ldr	r3, [r3, #0]
100064d0:	681a      	ldr	r2, [r3, #0]
100064d2:	2a00      	cmp	r2, #0
100064d4:	d1d4      	bne.n	10006480 <prvTimerTask+0x260>
100064d6:	9a02      	ldr	r2, [sp, #8]
100064d8:	464c      	mov	r4, r9
100064da:	4691      	mov	r9, r2
100064dc:	9f03      	ldr	r7, [sp, #12]
100064de:	4652      	mov	r2, sl
100064e0:	4641      	mov	r1, r8
100064e2:	6812      	ldr	r2, [r2, #0]
100064e4:	600a      	str	r2, [r1, #0]
100064e6:	4652      	mov	r2, sl
100064e8:	6013      	str	r3, [r2, #0]
100064ea:	464b      	mov	r3, r9
100064ec:	603b      	str	r3, [r7, #0]
100064ee:	f7ff fa37 	bl	10005960 <xTaskResumeAll>
100064f2:	e6c7      	b.n	10006284 <prvTimerTask+0x64>
100064f4:	0030      	movs	r0, r6
100064f6:	f000 f97d 	bl	100067f4 <vPortFree>
100064fa:	e6c9      	b.n	10006290 <prvTimerTask+0x70>
100064fc:	f7fd ffcc 	bl	10004498 <vPortYield>
10006500:	e6c0      	b.n	10006284 <prvTimerTask+0x64>
10006502:	46a1      	mov	r9, r4
10006504:	003c      	movs	r4, r7
10006506:	e007      	b.n	10006518 <prvTimerTask+0x2f8>
10006508:	1ae3      	subs	r3, r4, r3
1000650a:	429a      	cmp	r2, r3
1000650c:	d814      	bhi.n	10006538 <prvTimerTask+0x318>
1000650e:	6a33      	ldr	r3, [r6, #32]
10006510:	0030      	movs	r0, r6
10006512:	4798      	blx	r3
10006514:	003b      	movs	r3, r7
10006516:	69b2      	ldr	r2, [r6, #24]
10006518:	18d7      	adds	r7, r2, r3
1000651a:	6077      	str	r7, [r6, #4]
1000651c:	6136      	str	r6, [r6, #16]
1000651e:	42bc      	cmp	r4, r7
10006520:	d2f2      	bcs.n	10006508 <prvTimerTask+0x2e8>
10006522:	429c      	cmp	r4, r3
10006524:	d201      	bcs.n	1000652a <prvTimerTask+0x30a>
10006526:	42bb      	cmp	r3, r7
10006528:	d9f1      	bls.n	1000650e <prvTimerTask+0x2ee>
1000652a:	4643      	mov	r3, r8
1000652c:	1d31      	adds	r1, r6, #4
1000652e:	6818      	ldr	r0, [r3, #0]
10006530:	464c      	mov	r4, r9
10006532:	f7fe fa7d 	bl	10004a30 <vListInsert>
10006536:	e6e5      	b.n	10006304 <prvTimerTask+0xe4>
10006538:	4653      	mov	r3, sl
1000653a:	1d31      	adds	r1, r6, #4
1000653c:	6818      	ldr	r0, [r3, #0]
1000653e:	464c      	mov	r4, r9
10006540:	f7fe fa76 	bl	10004a30 <vListInsert>
10006544:	e6de      	b.n	10006304 <prvTimerTask+0xe4>
10006546:	46c0      	nop			@ (mov r8, r8)
10006548:	20002008 	.word	0x20002008
1000654c:	20001ff8 	.word	0x20001ff8
10006550:	20022438 	.word	0x20022438
10006554:	10009744 	.word	0x10009744
10006558:	200224a8 	.word	0x200224a8
1000655c:	f7ff fa00 	bl	10005960 <xTaskResumeAll>
10006560:	4643      	mov	r3, r8
10006562:	681b      	ldr	r3, [r3, #0]
10006564:	68db      	ldr	r3, [r3, #12]
10006566:	68de      	ldr	r6, [r3, #12]
10006568:	1d33      	adds	r3, r6, #4
1000656a:	0018      	movs	r0, r3
1000656c:	9302      	str	r3, [sp, #8]
1000656e:	f7fe fa77 	bl	10004a60 <uxListRemove>
10006572:	465b      	mov	r3, fp
10006574:	5cf3      	ldrb	r3, [r6, r3]
10006576:	075a      	lsls	r2, r3, #29
10006578:	d407      	bmi.n	1000658a <prvTimerTask+0x36a>
1000657a:	2201      	movs	r2, #1
1000657c:	4393      	bics	r3, r2
1000657e:	465a      	mov	r2, fp
10006580:	54b3      	strb	r3, [r6, r2]
10006582:	0030      	movs	r0, r6
10006584:	6a33      	ldr	r3, [r6, #32]
10006586:	4798      	blx	r3
10006588:	e67c      	b.n	10006284 <prvTimerTask+0x64>
1000658a:	0022      	movs	r2, r4
1000658c:	002b      	movs	r3, r5
1000658e:	464c      	mov	r4, r9
10006590:	4691      	mov	r9, r2
10006592:	e006      	b.n	100065a2 <prvTimerTask+0x382>
10006594:	1ae3      	subs	r3, r4, r3
10006596:	429a      	cmp	r2, r3
10006598:	d814      	bhi.n	100065c4 <prvTimerTask+0x3a4>
1000659a:	6a33      	ldr	r3, [r6, #32]
1000659c:	0030      	movs	r0, r6
1000659e:	4798      	blx	r3
100065a0:	002b      	movs	r3, r5
100065a2:	69b2      	ldr	r2, [r6, #24]
100065a4:	6136      	str	r6, [r6, #16]
100065a6:	189d      	adds	r5, r3, r2
100065a8:	6075      	str	r5, [r6, #4]
100065aa:	42a5      	cmp	r5, r4
100065ac:	d9f2      	bls.n	10006594 <prvTimerTask+0x374>
100065ae:	42a3      	cmp	r3, r4
100065b0:	d901      	bls.n	100065b6 <prvTimerTask+0x396>
100065b2:	42ab      	cmp	r3, r5
100065b4:	d9f1      	bls.n	1000659a <prvTimerTask+0x37a>
100065b6:	4643      	mov	r3, r8
100065b8:	9902      	ldr	r1, [sp, #8]
100065ba:	6818      	ldr	r0, [r3, #0]
100065bc:	464c      	mov	r4, r9
100065be:	f7fe fa37 	bl	10004a30 <vListInsert>
100065c2:	e7de      	b.n	10006582 <prvTimerTask+0x362>
100065c4:	4653      	mov	r3, sl
100065c6:	9902      	ldr	r1, [sp, #8]
100065c8:	6818      	ldr	r0, [r3, #0]
100065ca:	464c      	mov	r4, r9
100065cc:	f7fe fa30 	bl	10004a30 <vListInsert>
100065d0:	e7d7      	b.n	10006582 <prvTimerTask+0x362>
100065d2:	46c0      	nop			@ (mov r8, r8)

100065d4 <xTimerCreateTimerTask>:
100065d4:	b570      	push	{r4, r5, r6, lr}
100065d6:	b082      	sub	sp, #8
100065d8:	f7fd ff6a 	bl	100044b0 <vPortEnterCritical>
100065dc:	4c17      	ldr	r4, [pc, #92]	@ (1000663c <xTimerCreateTimerTask+0x68>)
100065de:	6823      	ldr	r3, [r4, #0]
100065e0:	2b00      	cmp	r3, #0
100065e2:	d012      	beq.n	1000660a <xTimerCreateTimerTask+0x36>
100065e4:	f7fd ff70 	bl	100044c8 <vPortExitCritical>
100065e8:	6823      	ldr	r3, [r4, #0]
100065ea:	2000      	movs	r0, #0
100065ec:	2b00      	cmp	r3, #0
100065ee:	d00a      	beq.n	10006606 <xTimerCreateTimerTask+0x32>
100065f0:	4b13      	ldr	r3, [pc, #76]	@ (10006640 <xTimerCreateTimerTask+0x6c>)
100065f2:	2280      	movs	r2, #128	@ 0x80
100065f4:	9301      	str	r3, [sp, #4]
100065f6:	231f      	movs	r3, #31
100065f8:	4912      	ldr	r1, [pc, #72]	@ (10006644 <xTimerCreateTimerTask+0x70>)
100065fa:	9300      	str	r3, [sp, #0]
100065fc:	4812      	ldr	r0, [pc, #72]	@ (10006648 <xTimerCreateTimerTask+0x74>)
100065fe:	2300      	movs	r3, #0
10006600:	00d2      	lsls	r2, r2, #3
10006602:	f7ff f959 	bl	100058b8 <xTaskCreate>
10006606:	b002      	add	sp, #8
10006608:	bd70      	pop	{r4, r5, r6, pc}
1000660a:	4e10      	ldr	r6, [pc, #64]	@ (1000664c <xTimerCreateTimerTask+0x78>)
1000660c:	0030      	movs	r0, r6
1000660e:	f7fe f9ff 	bl	10004a10 <vListInitialise>
10006612:	4d0f      	ldr	r5, [pc, #60]	@ (10006650 <xTimerCreateTimerTask+0x7c>)
10006614:	0028      	movs	r0, r5
10006616:	f7fe f9fb 	bl	10004a10 <vListInitialise>
1000661a:	4b0e      	ldr	r3, [pc, #56]	@ (10006654 <xTimerCreateTimerTask+0x80>)
1000661c:	2200      	movs	r2, #0
1000661e:	601e      	str	r6, [r3, #0]
10006620:	4b0d      	ldr	r3, [pc, #52]	@ (10006658 <xTimerCreateTimerTask+0x84>)
10006622:	2110      	movs	r1, #16
10006624:	200a      	movs	r0, #10
10006626:	601d      	str	r5, [r3, #0]
10006628:	f7fe fb32 	bl	10004c90 <xQueueGenericCreate>
1000662c:	6020      	str	r0, [r4, #0]
1000662e:	2800      	cmp	r0, #0
10006630:	d0d8      	beq.n	100065e4 <xTimerCreateTimerTask+0x10>
10006632:	490a      	ldr	r1, [pc, #40]	@ (1000665c <xTimerCreateTimerTask+0x88>)
10006634:	f7fe fe6e 	bl	10005314 <vQueueAddToRegistry>
10006638:	e7d4      	b.n	100065e4 <xTimerCreateTimerTask+0x10>
1000663a:	46c0      	nop			@ (mov r8, r8)
1000663c:	200224a8 	.word	0x200224a8
10006640:	200224ac 	.word	0x200224ac
10006644:	10009428 	.word	0x10009428
10006648:	10006221 	.word	0x10006221
1000664c:	200223dc 	.word	0x200223dc
10006650:	200223f0 	.word	0x200223f0
10006654:	20001ff8 	.word	0x20001ff8
10006658:	20002008 	.word	0x20002008
1000665c:	10009420 	.word	0x10009420

10006660 <xTimerPendFunctionCallFromISR>:
10006660:	b510      	push	{r4, lr}
10006662:	0014      	movs	r4, r2
10006664:	001a      	movs	r2, r3
10006666:	2302      	movs	r3, #2
10006668:	b084      	sub	sp, #16
1000666a:	425b      	negs	r3, r3
1000666c:	9300      	str	r3, [sp, #0]
1000666e:	4b05      	ldr	r3, [pc, #20]	@ (10006684 <xTimerPendFunctionCallFromISR+0x24>)
10006670:	9001      	str	r0, [sp, #4]
10006672:	9102      	str	r1, [sp, #8]
10006674:	6818      	ldr	r0, [r3, #0]
10006676:	4669      	mov	r1, sp
10006678:	2300      	movs	r3, #0
1000667a:	9403      	str	r4, [sp, #12]
1000667c:	f7fe fc7c 	bl	10004f78 <xQueueGenericSendFromISR>
10006680:	b004      	add	sp, #16
10006682:	bd10      	pop	{r4, pc}
10006684:	200224a8 	.word	0x200224a8

10006688 <exception_set_exclusive_handler>:
10006688:	b5f8      	push	{r3, r4, r5, r6, r7, lr}
1000668a:	000e      	movs	r6, r1
1000668c:	f3ef 8710 	mrs	r7, PRIMASK
10006690:	b672      	cpsid	i
10006692:	4b0c      	ldr	r3, [pc, #48]	@ (100066c4 <exception_set_exclusive_handler+0x3c>)
10006694:	0084      	lsls	r4, r0, #2
10006696:	689b      	ldr	r3, [r3, #8]
10006698:	591d      	ldr	r5, [r3, r4]
1000669a:	42a9      	cmp	r1, r5
1000669c:	d004      	beq.n	100066a8 <exception_set_exclusive_handler+0x20>
1000669e:	4b0a      	ldr	r3, [pc, #40]	@ (100066c8 <exception_set_exclusive_handler+0x40>)
100066a0:	429d      	cmp	r5, r3
100066a2:	d20a      	bcs.n	100066ba <exception_set_exclusive_handler+0x32>
100066a4:	f7fb fa36 	bl	10001b14 <hard_assertion_failure>
100066a8:	4b06      	ldr	r3, [pc, #24]	@ (100066c4 <exception_set_exclusive_handler+0x3c>)
100066aa:	689b      	ldr	r3, [r3, #8]
100066ac:	511e      	str	r6, [r3, r4]
100066ae:	f3bf 8f5f 	dmb	sy
100066b2:	f387 8810 	msr	PRIMASK, r7
100066b6:	0028      	movs	r0, r5
100066b8:	bdf8      	pop	{r3, r4, r5, r6, r7, pc}
100066ba:	4b04      	ldr	r3, [pc, #16]	@ (100066cc <exception_set_exclusive_handler+0x44>)
100066bc:	429d      	cmp	r5, r3
100066be:	d3f3      	bcc.n	100066a8 <exception_set_exclusive_handler+0x20>
100066c0:	e7f0      	b.n	100066a4 <exception_set_exclusive_handler+0x1c>
100066c2:	46c0      	nop			@ (mov r8, r8)
100066c4:	e000ed00 	.word	0xe000ed00
100066c8:	100001c0 	.word	0x100001c0
100066cc:	100001cc 	.word	0x100001cc

100066d0 <pvPortMalloc>:
100066d0:	b5f0      	push	{r4, r5, r6, r7, lr}
100066d2:	46c6      	mov	lr, r8
100066d4:	1e43      	subs	r3, r0, #1
100066d6:	b500      	push	{lr}
100066d8:	330a      	adds	r3, #10
100066da:	d814      	bhi.n	10006706 <pvPortMalloc+0x36>
100066dc:	2307      	movs	r3, #7
100066de:	0004      	movs	r4, r0
100066e0:	001a      	movs	r2, r3
100066e2:	3408      	adds	r4, #8
100066e4:	4022      	ands	r2, r4
100066e6:	4223      	tst	r3, r4
100066e8:	d06c      	beq.n	100067c4 <pvPortMalloc+0xf4>
100066ea:	0013      	movs	r3, r2
100066ec:	3b09      	subs	r3, #9
100066ee:	42a3      	cmp	r3, r4
100066f0:	d309      	bcc.n	10006706 <pvPortMalloc+0x36>
100066f2:	3010      	adds	r0, #16
100066f4:	1a84      	subs	r4, r0, r2
100066f6:	f7ff f92b 	bl	10005950 <vTaskSuspendAll>
100066fa:	4a37      	ldr	r2, [pc, #220]	@ (100067d8 <pvPortMalloc+0x108>)
100066fc:	0027      	movs	r7, r4
100066fe:	6815      	ldr	r5, [r2, #0]
10006700:	2d00      	cmp	r5, #0
10006702:	d128      	bne.n	10006756 <pvPortMalloc+0x86>
10006704:	e00e      	b.n	10006724 <pvPortMalloc+0x54>
10006706:	f7ff f923 	bl	10005950 <vTaskSuspendAll>
1000670a:	4a33      	ldr	r2, [pc, #204]	@ (100067d8 <pvPortMalloc+0x108>)
1000670c:	6813      	ldr	r3, [r2, #0]
1000670e:	2b00      	cmp	r3, #0
10006710:	d006      	beq.n	10006720 <pvPortMalloc+0x50>
10006712:	2500      	movs	r5, #0
10006714:	f7ff f924 	bl	10005960 <xTaskResumeAll>
10006718:	0028      	movs	r0, r5
1000671a:	bc80      	pop	{r7}
1000671c:	46b8      	mov	r8, r7
1000671e:	bdf0      	pop	{r4, r5, r6, r7, pc}
10006720:	2700      	movs	r7, #0
10006722:	2400      	movs	r4, #0
10006724:	2007      	movs	r0, #7
10006726:	4d2d      	ldr	r5, [pc, #180]	@ (100067dc <pvPortMalloc+0x10c>)
10006728:	002b      	movs	r3, r5
1000672a:	0029      	movs	r1, r5
1000672c:	4228      	tst	r0, r5
1000672e:	d145      	bne.n	100067bc <pvPortMalloc+0xec>
10006730:	2000      	movs	r0, #0
10006732:	4e2b      	ldr	r6, [pc, #172]	@ (100067e0 <pvPortMalloc+0x110>)
10006734:	6070      	str	r0, [r6, #4]
10006736:	6031      	str	r1, [r6, #0]
10006738:	4e2a      	ldr	r6, [pc, #168]	@ (100067e4 <pvPortMalloc+0x114>)
1000673a:	46b4      	mov	ip, r6
1000673c:	2607      	movs	r6, #7
1000673e:	4465      	add	r5, ip
10006740:	43b5      	bics	r5, r6
10006742:	6015      	str	r5, [r2, #0]
10006744:	4a28      	ldr	r2, [pc, #160]	@ (100067e8 <pvPortMalloc+0x118>)
10006746:	1aeb      	subs	r3, r5, r3
10006748:	6013      	str	r3, [r2, #0]
1000674a:	4a28      	ldr	r2, [pc, #160]	@ (100067ec <pvPortMalloc+0x11c>)
1000674c:	6068      	str	r0, [r5, #4]
1000674e:	6028      	str	r0, [r5, #0]
10006750:	6013      	str	r3, [r2, #0]
10006752:	604b      	str	r3, [r1, #4]
10006754:	600d      	str	r5, [r1, #0]
10006756:	2f00      	cmp	r7, #0
10006758:	dddb      	ble.n	10006712 <pvPortMalloc+0x42>
1000675a:	4f24      	ldr	r7, [pc, #144]	@ (100067ec <pvPortMalloc+0x11c>)
1000675c:	683e      	ldr	r6, [r7, #0]
1000675e:	42a6      	cmp	r6, r4
10006760:	d3d7      	bcc.n	10006712 <pvPortMalloc+0x42>
10006762:	481f      	ldr	r0, [pc, #124]	@ (100067e0 <pvPortMalloc+0x110>)
10006764:	6803      	ldr	r3, [r0, #0]
10006766:	e004      	b.n	10006772 <pvPortMalloc+0xa2>
10006768:	681a      	ldr	r2, [r3, #0]
1000676a:	2a00      	cmp	r2, #0
1000676c:	d004      	beq.n	10006778 <pvPortMalloc+0xa8>
1000676e:	0018      	movs	r0, r3
10006770:	0013      	movs	r3, r2
10006772:	6859      	ldr	r1, [r3, #4]
10006774:	42a1      	cmp	r1, r4
10006776:	d3f7      	bcc.n	10006768 <pvPortMalloc+0x98>
10006778:	42ab      	cmp	r3, r5
1000677a:	d0ca      	beq.n	10006712 <pvPortMalloc+0x42>
1000677c:	001d      	movs	r5, r3
1000677e:	681a      	ldr	r2, [r3, #0]
10006780:	3508      	adds	r5, #8
10006782:	4690      	mov	r8, r2
10006784:	6002      	str	r2, [r0, #0]
10006786:	1b0a      	subs	r2, r1, r4
10006788:	2a10      	cmp	r2, #16
1000678a:	d905      	bls.n	10006798 <pvPortMalloc+0xc8>
1000678c:	1919      	adds	r1, r3, r4
1000678e:	604a      	str	r2, [r1, #4]
10006790:	4642      	mov	r2, r8
10006792:	600a      	str	r2, [r1, #0]
10006794:	6001      	str	r1, [r0, #0]
10006796:	0021      	movs	r1, r4
10006798:	4a13      	ldr	r2, [pc, #76]	@ (100067e8 <pvPortMalloc+0x118>)
1000679a:	1a76      	subs	r6, r6, r1
1000679c:	6810      	ldr	r0, [r2, #0]
1000679e:	603e      	str	r6, [r7, #0]
100067a0:	4286      	cmp	r6, r0
100067a2:	d200      	bcs.n	100067a6 <pvPortMalloc+0xd6>
100067a4:	6016      	str	r6, [r2, #0]
100067a6:	2280      	movs	r2, #128	@ 0x80
100067a8:	0612      	lsls	r2, r2, #24
100067aa:	430a      	orrs	r2, r1
100067ac:	605a      	str	r2, [r3, #4]
100067ae:	2200      	movs	r2, #0
100067b0:	601a      	str	r2, [r3, #0]
100067b2:	4a0f      	ldr	r2, [pc, #60]	@ (100067f0 <pvPortMalloc+0x120>)
100067b4:	6813      	ldr	r3, [r2, #0]
100067b6:	3301      	adds	r3, #1
100067b8:	6013      	str	r3, [r2, #0]
100067ba:	e7ab      	b.n	10006714 <pvPortMalloc+0x44>
100067bc:	1deb      	adds	r3, r5, #7
100067be:	4383      	bics	r3, r0
100067c0:	0019      	movs	r1, r3
100067c2:	e7b5      	b.n	10006730 <pvPortMalloc+0x60>
100067c4:	f7ff f8c4 	bl	10005950 <vTaskSuspendAll>
100067c8:	4a03      	ldr	r2, [pc, #12]	@ (100067d8 <pvPortMalloc+0x108>)
100067ca:	0027      	movs	r7, r4
100067cc:	6815      	ldr	r5, [r2, #0]
100067ce:	2d00      	cmp	r5, #0
100067d0:	d0a8      	beq.n	10006724 <pvPortMalloc+0x54>
100067d2:	2c00      	cmp	r4, #0
100067d4:	dac1      	bge.n	1000675a <pvPortMalloc+0x8a>
100067d6:	e79c      	b.n	10006712 <pvPortMalloc+0x42>
100067d8:	20002000 	.word	0x20002000
100067dc:	200023ac 	.word	0x200023ac
100067e0:	20022474 	.word	0x20022474
100067e4:	0001fff8 	.word	0x0001fff8
100067e8:	2002243c 	.word	0x2002243c
100067ec:	20022430 	.word	0x20022430
100067f0:	20022448 	.word	0x20022448

100067f4 <vPortFree>:
100067f4:	b570      	push	{r4, r5, r6, lr}
100067f6:	2800      	cmp	r0, #0
100067f8:	d004      	beq.n	10006804 <vPortFree+0x10>
100067fa:	3808      	subs	r0, #8
100067fc:	6843      	ldr	r3, [r0, #4]
100067fe:	0004      	movs	r4, r0
10006800:	2b00      	cmp	r3, #0
10006802:	db00      	blt.n	10006806 <vPortFree+0x12>
10006804:	bd70      	pop	{r4, r5, r6, pc}
10006806:	6802      	ldr	r2, [r0, #0]
10006808:	2a00      	cmp	r2, #0
1000680a:	d1fb      	bne.n	10006804 <vPortFree+0x10>
1000680c:	005b      	lsls	r3, r3, #1
1000680e:	085b      	lsrs	r3, r3, #1
10006810:	6043      	str	r3, [r0, #4]
10006812:	0005      	movs	r5, r0
10006814:	f7ff f89c 	bl	10005950 <vTaskSuspendAll>
10006818:	4a18      	ldr	r2, [pc, #96]	@ (1000687c <vPortFree+0x88>)
1000681a:	6861      	ldr	r1, [r4, #4]
1000681c:	6813      	ldr	r3, [r2, #0]
1000681e:	185b      	adds	r3, r3, r1
10006820:	6013      	str	r3, [r2, #0]
10006822:	4b17      	ldr	r3, [pc, #92]	@ (10006880 <vPortFree+0x8c>)
10006824:	001a      	movs	r2, r3
10006826:	681b      	ldr	r3, [r3, #0]
10006828:	429c      	cmp	r4, r3
1000682a:	d8fb      	bhi.n	10006824 <vPortFree+0x30>
1000682c:	6850      	ldr	r0, [r2, #4]
1000682e:	1816      	adds	r6, r2, r0
10006830:	42b4      	cmp	r4, r6
10006832:	d00d      	beq.n	10006850 <vPortFree+0x5c>
10006834:	1860      	adds	r0, r4, r1
10006836:	4283      	cmp	r3, r0
10006838:	d01a      	beq.n	10006870 <vPortFree+0x7c>
1000683a:	6023      	str	r3, [r4, #0]
1000683c:	42aa      	cmp	r2, r5
1000683e:	d000      	beq.n	10006842 <vPortFree+0x4e>
10006840:	6015      	str	r5, [r2, #0]
10006842:	4a10      	ldr	r2, [pc, #64]	@ (10006884 <vPortFree+0x90>)
10006844:	6813      	ldr	r3, [r2, #0]
10006846:	3301      	adds	r3, #1
10006848:	6013      	str	r3, [r2, #0]
1000684a:	f7ff f889 	bl	10005960 <xTaskResumeAll>
1000684e:	e7d9      	b.n	10006804 <vPortFree+0x10>
10006850:	1809      	adds	r1, r1, r0
10006852:	1850      	adds	r0, r2, r1
10006854:	6051      	str	r1, [r2, #4]
10006856:	4283      	cmp	r3, r0
10006858:	d1f3      	bne.n	10006842 <vPortFree+0x4e>
1000685a:	480b      	ldr	r0, [pc, #44]	@ (10006888 <vPortFree+0x94>)
1000685c:	0015      	movs	r5, r2
1000685e:	6800      	ldr	r0, [r0, #0]
10006860:	4283      	cmp	r3, r0
10006862:	d0ee      	beq.n	10006842 <vPortFree+0x4e>
10006864:	6858      	ldr	r0, [r3, #4]
10006866:	681b      	ldr	r3, [r3, #0]
10006868:	1841      	adds	r1, r0, r1
1000686a:	6069      	str	r1, [r5, #4]
1000686c:	602b      	str	r3, [r5, #0]
1000686e:	e7e5      	b.n	1000683c <vPortFree+0x48>
10006870:	4805      	ldr	r0, [pc, #20]	@ (10006888 <vPortFree+0x94>)
10006872:	6800      	ldr	r0, [r0, #0]
10006874:	4283      	cmp	r3, r0
10006876:	d1f5      	bne.n	10006864 <vPortFree+0x70>
10006878:	e7df      	b.n	1000683a <vPortFree+0x46>
1000687a:	46c0      	nop			@ (mov r8, r8)
1000687c:	20022430 	.word	0x20022430
10006880:	20022474 	.word	0x20022474
10006884:	2002244c 	.word	0x2002244c
10006888:	20002000 	.word	0x20002000

1000688c <_retrieve_unique_id_on_boot>:
1000688c:	b510      	push	{r4, lr}
1000688e:	4802      	ldr	r0, [pc, #8]	@ (10006898 <_retrieve_unique_id_on_boot+0xc>)
10006890:	f000 f8d8 	bl	10006a44 <flash_get_unique_id>
10006894:	bd10      	pop	{r4, pc}
10006896:	46c0      	nop			@ (mov r8, r8)
10006898:	2000228c 	.word	0x2000228c

1000689c <pico_get_unique_board_id_string>:
1000689c:	b530      	push	{r4, r5, lr}
1000689e:	1e4b      	subs	r3, r1, #1
100068a0:	2901      	cmp	r1, #1
100068a2:	d100      	bne.n	100068a6 <pico_get_unique_board_id_string+0xa>
100068a4:	e0a7      	b.n	100069f6 <pico_get_unique_board_id_string+0x15a>
100068a6:	4a66      	ldr	r2, [pc, #408]	@ (10006a40 <pico_get_unique_board_id_string+0x1a4>)
100068a8:	7811      	ldrb	r1, [r2, #0]
100068aa:	090d      	lsrs	r5, r1, #4
100068ac:	002c      	movs	r4, r5
100068ae:	3430      	adds	r4, #48	@ 0x30
100068b0:	299f      	cmp	r1, #159	@ 0x9f
100068b2:	d900      	bls.n	100068b6 <pico_get_unique_board_id_string+0x1a>
100068b4:	e0a2      	b.n	100069fc <pico_get_unique_board_id_string+0x160>
100068b6:	7004      	strb	r4, [r0, #0]
100068b8:	2b01      	cmp	r3, #1
100068ba:	d100      	bne.n	100068be <pico_get_unique_board_id_string+0x22>
100068bc:	e0be      	b.n	10006a3c <pico_get_unique_board_id_string+0x1a0>
100068be:	210f      	movs	r1, #15
100068c0:	7814      	ldrb	r4, [r2, #0]
100068c2:	4021      	ands	r1, r4
100068c4:	000c      	movs	r4, r1
100068c6:	3430      	adds	r4, #48	@ 0x30
100068c8:	2909      	cmp	r1, #9
100068ca:	d900      	bls.n	100068ce <pico_get_unique_board_id_string+0x32>
100068cc:	e098      	b.n	10006a00 <pico_get_unique_board_id_string+0x164>
100068ce:	7044      	strb	r4, [r0, #1]
100068d0:	2b02      	cmp	r3, #2
100068d2:	d100      	bne.n	100068d6 <pico_get_unique_board_id_string+0x3a>
100068d4:	e0b2      	b.n	10006a3c <pico_get_unique_board_id_string+0x1a0>
100068d6:	7854      	ldrb	r4, [r2, #1]
100068d8:	0925      	lsrs	r5, r4, #4
100068da:	0029      	movs	r1, r5
100068dc:	3130      	adds	r1, #48	@ 0x30
100068de:	2c9f      	cmp	r4, #159	@ 0x9f
100068e0:	d900      	bls.n	100068e4 <pico_get_unique_board_id_string+0x48>
100068e2:	e090      	b.n	10006a06 <pico_get_unique_board_id_string+0x16a>
100068e4:	7081      	strb	r1, [r0, #2]
100068e6:	2b03      	cmp	r3, #3
100068e8:	d100      	bne.n	100068ec <pico_get_unique_board_id_string+0x50>
100068ea:	e0a7      	b.n	10006a3c <pico_get_unique_board_id_string+0x1a0>
100068ec:	210f      	movs	r1, #15
100068ee:	4021      	ands	r1, r4
100068f0:	000c      	movs	r4, r1
100068f2:	3430      	adds	r4, #48	@ 0x30
100068f4:	2909      	cmp	r1, #9
100068f6:	d900      	bls.n	100068fa <pico_get_unique_board_id_string+0x5e>
100068f8:	e087      	b.n	10006a0a <pico_get_unique_board_id_string+0x16e>
100068fa:	70c4      	strb	r4, [r0, #3]
100068fc:	2b04      	cmp	r3, #4
100068fe:	d100      	bne.n	10006902 <pico_get_unique_board_id_string+0x66>
10006900:	e09c      	b.n	10006a3c <pico_get_unique_board_id_string+0x1a0>
10006902:	7894      	ldrb	r4, [r2, #2]
10006904:	0925      	lsrs	r5, r4, #4
10006906:	0029      	movs	r1, r5
10006908:	3130      	adds	r1, #48	@ 0x30
1000690a:	2c9f      	cmp	r4, #159	@ 0x9f
1000690c:	d900      	bls.n	10006910 <pico_get_unique_board_id_string+0x74>
1000690e:	e07f      	b.n	10006a10 <pico_get_unique_board_id_string+0x174>
10006910:	7101      	strb	r1, [r0, #4]
10006912:	2b05      	cmp	r3, #5
10006914:	d100      	bne.n	10006918 <pico_get_unique_board_id_string+0x7c>
10006916:	e091      	b.n	10006a3c <pico_get_unique_board_id_string+0x1a0>
10006918:	210f      	movs	r1, #15
1000691a:	4021      	ands	r1, r4
1000691c:	000c      	movs	r4, r1
1000691e:	3430      	adds	r4, #48	@ 0x30
10006920:	2909      	cmp	r1, #9
10006922:	d900      	bls.n	10006926 <pico_get_unique_board_id_string+0x8a>
10006924:	e076      	b.n	10006a14 <pico_get_unique_board_id_string+0x178>
10006926:	7144      	strb	r4, [r0, #5]
10006928:	2b06      	cmp	r3, #6
1000692a:	d100      	bne.n	1000692e <pico_get_unique_board_id_string+0x92>
1000692c:	e086      	b.n	10006a3c <pico_get_unique_board_id_string+0x1a0>
1000692e:	78d4      	ldrb	r4, [r2, #3]
10006930:	0925      	lsrs	r5, r4, #4
10006932:	0029      	movs	r1, r5
10006934:	3130      	adds	r1, #48	@ 0x30
10006936:	2c9f      	cmp	r4, #159	@ 0x9f
10006938:	d900      	bls.n	1000693c <pico_get_unique_board_id_string+0xa0>
1000693a:	e06e      	b.n	10006a1a <pico_get_unique_board_id_string+0x17e>
1000693c:	7181      	strb	r1, [r0, #6]
1000693e:	2b07      	cmp	r3, #7
10006940:	d100      	bne.n	10006944 <pico_get_unique_board_id_string+0xa8>
10006942:	e07b      	b.n	10006a3c <pico_get_unique_board_id_string+0x1a0>
10006944:	210f      	movs	r1, #15
10006946:	4021      	ands	r1, r4
10006948:	000c      	movs	r4, r1
1000694a:	3430      	adds	r4, #48	@ 0x30
1000694c:	2909      	cmp	r1, #9
1000694e:	d866      	bhi.n	10006a1e <pico_get_unique_board_id_string+0x182>
10006950:	71c4      	strb	r4, [r0, #7]
10006952:	2b08      	cmp	r3, #8
10006954:	d100      	bne.n	10006958 <pico_get_unique_board_id_string+0xbc>
10006956:	e071      	b.n	10006a3c <pico_get_unique_board_id_string+0x1a0>
10006958:	7914      	ldrb	r4, [r2, #4]
1000695a:	0925      	lsrs	r5, r4, #4
1000695c:	0029      	movs	r1, r5
1000695e:	3130      	adds	r1, #48	@ 0x30
10006960:	2c9f      	cmp	r4, #159	@ 0x9f
10006962:	d85f      	bhi.n	10006a24 <pico_get_unique_board_id_string+0x188>
10006964:	7201      	strb	r1, [r0, #8]
10006966:	2b09      	cmp	r3, #9
10006968:	d068      	beq.n	10006a3c <pico_get_unique_board_id_string+0x1a0>
1000696a:	210f      	movs	r1, #15
1000696c:	4021      	ands	r1, r4
1000696e:	000c      	movs	r4, r1
10006970:	3430      	adds	r4, #48	@ 0x30
10006972:	2909      	cmp	r1, #9
10006974:	d858      	bhi.n	10006a28 <pico_get_unique_board_id_string+0x18c>
10006976:	7244      	strb	r4, [r0, #9]
10006978:	2b0a      	cmp	r3, #10
1000697a:	d05f      	beq.n	10006a3c <pico_get_unique_board_id_string+0x1a0>
1000697c:	7954      	ldrb	r4, [r2, #5]
1000697e:	0925      	lsrs	r5, r4, #4
10006980:	0029      	movs	r1, r5
10006982:	3130      	adds	r1, #48	@ 0x30
10006984:	2c9f      	cmp	r4, #159	@ 0x9f
10006986:	d852      	bhi.n	10006a2e <pico_get_unique_board_id_string+0x192>
10006988:	7281      	strb	r1, [r0, #10]
1000698a:	2b0b      	cmp	r3, #11
1000698c:	d056      	beq.n	10006a3c <pico_get_unique_board_id_string+0x1a0>
1000698e:	210f      	movs	r1, #15
10006990:	4021      	ands	r1, r4
10006992:	000c      	movs	r4, r1
10006994:	3430      	adds	r4, #48	@ 0x30
10006996:	2909      	cmp	r1, #9
10006998:	d84b      	bhi.n	10006a32 <pico_get_unique_board_id_string+0x196>
1000699a:	72c4      	strb	r4, [r0, #11]
1000699c:	2b0c      	cmp	r3, #12
1000699e:	d04d      	beq.n	10006a3c <pico_get_unique_board_id_string+0x1a0>
100069a0:	7994      	ldrb	r4, [r2, #6]
100069a2:	0925      	lsrs	r5, r4, #4
100069a4:	0029      	movs	r1, r5
100069a6:	3130      	adds	r1, #48	@ 0x30
100069a8:	2c9f      	cmp	r4, #159	@ 0x9f
100069aa:	d900      	bls.n	100069ae <pico_get_unique_board_id_string+0x112>
100069ac:	3107      	adds	r1, #7
100069ae:	7301      	strb	r1, [r0, #12]
100069b0:	2b0d      	cmp	r3, #13
100069b2:	d043      	beq.n	10006a3c <pico_get_unique_board_id_string+0x1a0>
100069b4:	210f      	movs	r1, #15
100069b6:	4021      	ands	r1, r4
100069b8:	000c      	movs	r4, r1
100069ba:	3430      	adds	r4, #48	@ 0x30
100069bc:	2909      	cmp	r1, #9
100069be:	d901      	bls.n	100069c4 <pico_get_unique_board_id_string+0x128>
100069c0:	3137      	adds	r1, #55	@ 0x37
100069c2:	000c      	movs	r4, r1
100069c4:	7344      	strb	r4, [r0, #13]
100069c6:	2b0e      	cmp	r3, #14
100069c8:	d038      	beq.n	10006a3c <pico_get_unique_board_id_string+0x1a0>
100069ca:	79d1      	ldrb	r1, [r2, #7]
100069cc:	090c      	lsrs	r4, r1, #4
100069ce:	0022      	movs	r2, r4
100069d0:	3230      	adds	r2, #48	@ 0x30
100069d2:	299f      	cmp	r1, #159	@ 0x9f
100069d4:	d900      	bls.n	100069d8 <pico_get_unique_board_id_string+0x13c>
100069d6:	3207      	adds	r2, #7
100069d8:	7382      	strb	r2, [r0, #14]
100069da:	2b0f      	cmp	r3, #15
100069dc:	d02e      	beq.n	10006a3c <pico_get_unique_board_id_string+0x1a0>
100069de:	220f      	movs	r2, #15
100069e0:	400a      	ands	r2, r1
100069e2:	0011      	movs	r1, r2
100069e4:	3137      	adds	r1, #55	@ 0x37
100069e6:	2a09      	cmp	r2, #9
100069e8:	d801      	bhi.n	100069ee <pico_get_unique_board_id_string+0x152>
100069ea:	3230      	adds	r2, #48	@ 0x30
100069ec:	0011      	movs	r1, r2
100069ee:	73c1      	strb	r1, [r0, #15]
100069f0:	2b10      	cmp	r3, #16
100069f2:	d023      	beq.n	10006a3c <pico_get_unique_board_id_string+0x1a0>
100069f4:	3010      	adds	r0, #16
100069f6:	2300      	movs	r3, #0
100069f8:	7003      	strb	r3, [r0, #0]
100069fa:	bd30      	pop	{r4, r5, pc}
100069fc:	3407      	adds	r4, #7
100069fe:	e75a      	b.n	100068b6 <pico_get_unique_board_id_string+0x1a>
10006a00:	3137      	adds	r1, #55	@ 0x37
10006a02:	000c      	movs	r4, r1
10006a04:	e763      	b.n	100068ce <pico_get_unique_board_id_string+0x32>
10006a06:	3107      	adds	r1, #7
10006a08:	e76c      	b.n	100068e4 <pico_get_unique_board_id_string+0x48>
10006a0a:	3137      	adds	r1, #55	@ 0x37
10006a0c:	000c      	movs	r4, r1
10006a0e:	e774      	b.n	100068fa <pico_get_unique_board_id_string+0x5e>
10006a10:	3107      	adds	r1, #7
10006a12:	e77d      	b.n	10006910 <pico_get_unique_board_id_string+0x74>
10006a14:	3137      	adds	r1, #55	@ 0x37
10006a16:	000c      	movs	r4, r1
10006a18:	e785      	b.n	10006926 <pico_get_unique_board_id_string+0x8a>
10006a1a:	3107      	adds	r1, #7
10006a1c:	e78e      	b.n	1000693c <pico_get_unique_board_id_string+0xa0>
10006a1e:	3137      	adds	r1, #55	@ 0x37
10006a20:	000c      	movs	r4, r1
10006a22:	e795      	b.n	10006950 <pico_get_unique_board_id_string+0xb4>
10006a24:	3107      	adds	r1, #7
10006a26:	e79d      	b.n	10006964 <pico_get_unique_board_id_string+0xc8>
10006a28:	3137      	adds	r1, #55	@ 0x37
10006a2a:	000c      	movs	r4, r1
10006a2c:	e7a3      	b.n	10006976 <pico_get_unique_board_id_string+0xda>
10006a2e:	3107      	adds	r1, #7
10006a30:	e7aa      	b.n	10006988 <pico_get_unique_board_id_string+0xec>
10006a32:	3137      	adds	r1, #55	@ 0x37
10006a34:	000c      	movs	r4, r1
10006a36:	72c4      	strb	r4, [r0, #11]
10006a38:	2b0c      	cmp	r3, #12
10006a3a:	d1b1      	bne.n	100069a0 <pico_get_unique_board_id_string+0x104>
10006a3c:	18c0      	adds	r0, r0, r3
10006a3e:	e7da      	b.n	100069f6 <pico_get_unique_board_id_string+0x15a>
10006a40:	2000228c 	.word	0x2000228c

10006a44 <flash_get_unique_id>:
10006a44:	b510      	push	{r4, lr}
10006a46:	b088      	sub	sp, #32
10006a48:	0004      	movs	r4, r0
10006a4a:	220d      	movs	r2, #13
10006a4c:	2100      	movs	r1, #0
10006a4e:	4668      	mov	r0, sp
10006a50:	f7fb fda8 	bl	100025a4 <__wrap_memset>
10006a54:	220d      	movs	r2, #13
10006a56:	2100      	movs	r1, #0
10006a58:	a804      	add	r0, sp, #16
10006a5a:	f7fb fda3 	bl	100025a4 <__wrap_memset>
10006a5e:	234b      	movs	r3, #75	@ 0x4b
10006a60:	466a      	mov	r2, sp
10006a62:	4668      	mov	r0, sp
10006a64:	7013      	strb	r3, [r2, #0]
10006a66:	a904      	add	r1, sp, #16
10006a68:	220d      	movs	r2, #13
10006a6a:	f002 fba5 	bl	100091b8 <__flash_do_cmd_veneer>
10006a6e:	2115      	movs	r1, #21
10006a70:	2208      	movs	r2, #8
10006a72:	0020      	movs	r0, r4
10006a74:	4469      	add	r1, sp
10006a76:	f7fb fd9b 	bl	100025b0 <__wrap___aeabi_memcpy>
10006a7a:	b008      	add	sp, #32
10006a7c:	bd10      	pop	{r4, pc}
10006a7e:	46c0      	nop			@ (mov r8, r8)

10006a80 <resetd_init>:
10006a80:	4770      	bx	lr
10006a82:	46c0      	nop			@ (mov r8, r8)

10006a84 <resetd_reset>:
10006a84:	2200      	movs	r2, #0
10006a86:	4b01      	ldr	r3, [pc, #4]	@ (10006a8c <resetd_reset+0x8>)
10006a88:	701a      	strb	r2, [r3, #0]
10006a8a:	4770      	bx	lr
10006a8c:	200224b9 	.word	0x200224b9

10006a90 <resetd_open>:
10006a90:	794b      	ldrb	r3, [r1, #5]
10006a92:	2000      	movs	r0, #0
10006a94:	2bff      	cmp	r3, #255	@ 0xff
10006a96:	d10b      	bne.n	10006ab0 <resetd_open+0x20>
10006a98:	798b      	ldrb	r3, [r1, #6]
10006a9a:	2b00      	cmp	r3, #0
10006a9c:	d108      	bne.n	10006ab0 <resetd_open+0x20>
10006a9e:	79cb      	ldrb	r3, [r1, #7]
10006aa0:	2b01      	cmp	r3, #1
10006aa2:	d105      	bne.n	10006ab0 <resetd_open+0x20>
10006aa4:	2a08      	cmp	r2, #8
10006aa6:	d903      	bls.n	10006ab0 <resetd_open+0x20>
10006aa8:	4b02      	ldr	r3, [pc, #8]	@ (10006ab4 <resetd_open+0x24>)
10006aaa:	788a      	ldrb	r2, [r1, #2]
10006aac:	3009      	adds	r0, #9
10006aae:	701a      	strb	r2, [r3, #0]
10006ab0:	4770      	bx	lr
10006ab2:	46c0      	nop			@ (mov r8, r8)
10006ab4:	200224b9 	.word	0x200224b9

10006ab8 <resetd_xfer_cb>:
10006ab8:	2001      	movs	r0, #1
10006aba:	4770      	bx	lr

10006abc <resetd_control_xfer_cb>:
10006abc:	b510      	push	{r4, lr}
10006abe:	2901      	cmp	r1, #1
10006ac0:	d001      	beq.n	10006ac6 <resetd_control_xfer_cb+0xa>
10006ac2:	2001      	movs	r0, #1
10006ac4:	bd10      	pop	{r4, pc}
10006ac6:	4913      	ldr	r1, [pc, #76]	@ (10006b14 <resetd_control_xfer_cb+0x58>)
10006ac8:	7953      	ldrb	r3, [r2, #5]
10006aca:	7910      	ldrb	r0, [r2, #4]
10006acc:	7809      	ldrb	r1, [r1, #0]
10006ace:	021b      	lsls	r3, r3, #8
10006ad0:	4303      	orrs	r3, r0
10006ad2:	2000      	movs	r0, #0
10006ad4:	4299      	cmp	r1, r3
10006ad6:	d1f5      	bne.n	10006ac4 <resetd_control_xfer_cb+0x8>
10006ad8:	7853      	ldrb	r3, [r2, #1]
10006ada:	2b01      	cmp	r3, #1
10006adc:	d008      	beq.n	10006af0 <resetd_control_xfer_cb+0x34>
10006ade:	2b02      	cmp	r3, #2
10006ae0:	d1f0      	bne.n	10006ac4 <resetd_control_xfer_cb+0x8>
10006ae2:	2000      	movs	r0, #0
10006ae4:	2264      	movs	r2, #100	@ 0x64
10006ae6:	2100      	movs	r1, #0
10006ae8:	f7fa ff62 	bl	100019b0 <watchdog_reboot>
10006aec:	2001      	movs	r0, #1
10006aee:	e7e9      	b.n	10006ac4 <resetd_control_xfer_cb+0x8>
10006af0:	78d3      	ldrb	r3, [r2, #3]
10006af2:	7891      	ldrb	r1, [r2, #2]
10006af4:	021b      	lsls	r3, r3, #8
10006af6:	4319      	orrs	r1, r3
10006af8:	05db      	lsls	r3, r3, #23
10006afa:	d507      	bpl.n	10006b0c <resetd_control_xfer_cb+0x50>
10006afc:	0a4a      	lsrs	r2, r1, #9
10006afe:	0010      	movs	r0, r2
10006b00:	2301      	movs	r3, #1
10006b02:	401a      	ands	r2, r3
10006b04:	337e      	adds	r3, #126	@ 0x7e
10006b06:	4019      	ands	r1, r3
10006b08:	f7fa ffda 	bl	10001ac0 <rom_reset_usb_boot_extra>
10006b0c:	2001      	movs	r0, #1
10006b0e:	0a4a      	lsrs	r2, r1, #9
10006b10:	4240      	negs	r0, r0
10006b12:	e7f5      	b.n	10006b00 <resetd_control_xfer_cb+0x44>
10006b14:	200224b9 	.word	0x200224b9

10006b18 <tud_descriptor_bos_cb>:
10006b18:	4800      	ldr	r0, [pc, #0]	@ (10006b1c <tud_descriptor_bos_cb+0x4>)
10006b1a:	4770      	bx	lr
10006b1c:	10009834 	.word	0x10009834

10006b20 <tud_vendor_control_xfer_cb>:
10006b20:	b570      	push	{r4, r5, r6, lr}
10006b22:	0005      	movs	r5, r0
10006b24:	0014      	movs	r4, r2
10006b26:	2001      	movs	r0, #1
10006b28:	2901      	cmp	r1, #1
10006b2a:	d109      	bne.n	10006b40 <tud_vendor_control_xfer_cb+0x20>
10006b2c:	7853      	ldrb	r3, [r2, #1]
10006b2e:	2000      	movs	r0, #0
10006b30:	2b01      	cmp	r3, #1
10006b32:	d105      	bne.n	10006b40 <tud_vendor_control_xfer_cb+0x20>
10006b34:	7963      	ldrb	r3, [r4, #5]
10006b36:	7912      	ldrb	r2, [r2, #4]
10006b38:	021b      	lsls	r3, r3, #8
10006b3a:	4313      	orrs	r3, r2
10006b3c:	2b07      	cmp	r3, #7
10006b3e:	d000      	beq.n	10006b42 <tud_vendor_control_xfer_cb+0x22>
10006b40:	bd70      	pop	{r4, r5, r6, pc}
10006b42:	0021      	movs	r1, r4
10006b44:	0028      	movs	r0, r5
10006b46:	4a02      	ldr	r2, [pc, #8]	@ (10006b50 <tud_vendor_control_xfer_cb+0x30>)
10006b48:	339f      	adds	r3, #159	@ 0x9f
10006b4a:	f001 f965 	bl	10007e18 <tud_control_xfer>
10006b4e:	e7f7      	b.n	10006b40 <tud_vendor_control_xfer_cb+0x20>
10006b50:	1000978c 	.word	0x1000978c

10006b54 <usbd_app_driver_get_cb>:
10006b54:	2301      	movs	r3, #1
10006b56:	7003      	strb	r3, [r0, #0]
10006b58:	4800      	ldr	r0, [pc, #0]	@ (10006b5c <usbd_app_driver_get_cb+0x8>)
10006b5a:	4770      	bx	lr
10006b5c:	1000976c 	.word	0x1000976c

10006b60 <tud_cdc_line_coding_cb>:
10006b60:	784b      	ldrb	r3, [r1, #1]
10006b62:	780a      	ldrb	r2, [r1, #0]
10006b64:	021b      	lsls	r3, r3, #8
10006b66:	4313      	orrs	r3, r2
10006b68:	788a      	ldrb	r2, [r1, #2]
10006b6a:	b510      	push	{r4, lr}
10006b6c:	0412      	lsls	r2, r2, #16
10006b6e:	431a      	orrs	r2, r3
10006b70:	78cb      	ldrb	r3, [r1, #3]
10006b72:	061b      	lsls	r3, r3, #24
10006b74:	4313      	orrs	r3, r2
10006b76:	2296      	movs	r2, #150	@ 0x96
10006b78:	00d2      	lsls	r2, r2, #3
10006b7a:	4293      	cmp	r3, r2
10006b7c:	d000      	beq.n	10006b80 <tud_cdc_line_coding_cb+0x20>
10006b7e:	bd10      	pop	{r4, pc}
10006b80:	2200      	movs	r2, #0
10006b82:	2001      	movs	r0, #1
10006b84:	0011      	movs	r1, r2
10006b86:	4240      	negs	r0, r0
10006b88:	f7fa ff9a 	bl	10001ac0 <rom_reset_usb_boot_extra>

10006b8c <stdio_usb_set_chars_available_callback>:
10006b8c:	4b02      	ldr	r3, [pc, #8]	@ (10006b98 <stdio_usb_set_chars_available_callback+0xc>)
10006b8e:	6018      	str	r0, [r3, #0]
10006b90:	4b02      	ldr	r3, [pc, #8]	@ (10006b9c <stdio_usb_set_chars_available_callback+0x10>)
10006b92:	6019      	str	r1, [r3, #0]
10006b94:	4770      	bx	lr
10006b96:	46c0      	nop			@ (mov r8, r8)
10006b98:	20001b5c 	.word	0x20001b5c
10006b9c:	20001b64 	.word	0x20001b64

10006ba0 <usb_irq>:
10006ba0:	b510      	push	{r4, lr}
10006ba2:	4b02      	ldr	r3, [pc, #8]	@ (10006bac <usb_irq+0xc>)
10006ba4:	7818      	ldrb	r0, [r3, #0]
10006ba6:	f7f9 fe5d 	bl	10000864 <irq_set_pending>
10006baa:	bd10      	pop	{r4, pc}
10006bac:	200224ba 	.word	0x200224ba

10006bb0 <timer_task>:
10006bb0:	4b15      	ldr	r3, [pc, #84]	@ (10006c08 <timer_task+0x58>)
10006bb2:	b570      	push	{r4, r5, r6, lr}
10006bb4:	681a      	ldr	r2, [r3, #0]
10006bb6:	2a00      	cmp	r2, #0
10006bb8:	d022      	beq.n	10006c00 <timer_task+0x50>
10006bba:	f3ef 8110 	mrs	r1, PRIMASK
10006bbe:	b672      	cpsid	i
10006bc0:	6810      	ldr	r0, [r2, #0]
10006bc2:	2800      	cmp	r0, #0
10006bc4:	d0fc      	beq.n	10006bc0 <timer_task+0x10>
10006bc6:	f3bf 8f5f 	dmb	sy
10006bca:	2000      	movs	r0, #0
10006bcc:	4a0f      	ldr	r2, [pc, #60]	@ (10006c0c <timer_task+0x5c>)
10006bce:	6059      	str	r1, [r3, #4]
10006bd0:	7010      	strb	r0, [r2, #0]
10006bd2:	681b      	ldr	r3, [r3, #0]
10006bd4:	f3bf 8f5f 	dmb	sy
10006bd8:	6018      	str	r0, [r3, #0]
10006bda:	f381 8810 	msr	PRIMASK, r1
10006bde:	2400      	movs	r4, #0
10006be0:	2500      	movs	r5, #0
10006be2:	4e0b      	ldr	r6, [pc, #44]	@ (10006c10 <timer_task+0x60>)
10006be4:	7830      	ldrb	r0, [r6, #0]
10006be6:	f7f9 fe31 	bl	1000084c <irq_is_enabled>
10006bea:	2800      	cmp	r0, #0
10006bec:	d104      	bne.n	10006bf8 <timer_task+0x48>
10006bee:	2400      	movs	r4, #0
10006bf0:	2500      	movs	r5, #0
10006bf2:	0029      	movs	r1, r5
10006bf4:	0020      	movs	r0, r4
10006bf6:	bd70      	pop	{r4, r5, r6, pc}
10006bf8:	7830      	ldrb	r0, [r6, #0]
10006bfa:	f7f9 fe33 	bl	10000864 <irq_set_pending>
10006bfe:	e7f8      	b.n	10006bf2 <timer_task+0x42>
10006c00:	24fa      	movs	r4, #250	@ 0xfa
10006c02:	2500      	movs	r5, #0
10006c04:	00a4      	lsls	r4, r4, #2
10006c06:	e7ec      	b.n	10006be2 <timer_task+0x32>
10006c08:	20001fd8 	.word	0x20001fd8
10006c0c:	200224bb 	.word	0x200224bb
10006c10:	200224ba 	.word	0x200224ba

10006c14 <stdio_usb_in_chars>:
10006c14:	b570      	push	{r4, r5, r6, lr}
10006c16:	0004      	movs	r4, r0
10006c18:	2000      	movs	r0, #0
10006c1a:	000e      	movs	r6, r1
10006c1c:	f001 fa1c 	bl	10008058 <tud_cdc_n_connected>
10006c20:	2800      	cmp	r0, #0
10006c22:	d036      	beq.n	10006c92 <stdio_usb_in_chars+0x7e>
10006c24:	2000      	movs	r0, #0
10006c26:	f001 fa2d 	bl	10008084 <tud_cdc_n_available>
10006c2a:	2800      	cmp	r0, #0
10006c2c:	d031      	beq.n	10006c92 <stdio_usb_in_chars+0x7e>
10006c2e:	f7fa fcab 	bl	10001588 <time_us_64>
10006c32:	2300      	movs	r3, #0
10006c34:	4a18      	ldr	r2, [pc, #96]	@ (10006c98 <stdio_usb_in_chars+0x84>)
10006c36:	1812      	adds	r2, r2, r0
10006c38:	414b      	adcs	r3, r1
10006c3a:	2180      	movs	r1, #128	@ 0x80
10006c3c:	0609      	lsls	r1, r1, #24
10006c3e:	428b      	cmp	r3, r1
10006c40:	d216      	bcs.n	10006c70 <stdio_usb_in_chars+0x5c>
10006c42:	4d16      	ldr	r5, [pc, #88]	@ (10006c9c <stdio_usb_in_chars+0x88>)
10006c44:	0028      	movs	r0, r5
10006c46:	f002 faef 	bl	10009228 <__mutex_try_enter_block_until_veneer>
10006c4a:	2800      	cmp	r0, #0
10006c4c:	d021      	beq.n	10006c92 <stdio_usb_in_chars+0x7e>
10006c4e:	2000      	movs	r0, #0
10006c50:	f001 fa02 	bl	10008058 <tud_cdc_n_connected>
10006c54:	2800      	cmp	r0, #0
10006c56:	d10f      	bne.n	10006c78 <stdio_usb_in_chars+0x64>
10006c58:	2001      	movs	r0, #1
10006c5a:	2100      	movs	r1, #0
10006c5c:	4240      	negs	r0, r0
10006c5e:	f000 fc0f 	bl	10007480 <tud_task_ext>
10006c62:	2403      	movs	r4, #3
10006c64:	4264      	negs	r4, r4
10006c66:	0028      	movs	r0, r5
10006c68:	f002 faae 	bl	100091c8 <__mutex_exit_veneer>
10006c6c:	0020      	movs	r0, r4
10006c6e:	bd70      	pop	{r4, r5, r6, pc}
10006c70:	2201      	movs	r2, #1
10006c72:	4b0b      	ldr	r3, [pc, #44]	@ (10006ca0 <stdio_usb_in_chars+0x8c>)
10006c74:	4252      	negs	r2, r2
10006c76:	e7e4      	b.n	10006c42 <stdio_usb_in_chars+0x2e>
10006c78:	2000      	movs	r0, #0
10006c7a:	f001 fa03 	bl	10008084 <tud_cdc_n_available>
10006c7e:	2800      	cmp	r0, #0
10006c80:	d0ea      	beq.n	10006c58 <stdio_usb_in_chars+0x44>
10006c82:	0021      	movs	r1, r4
10006c84:	0032      	movs	r2, r6
10006c86:	2000      	movs	r0, #0
10006c88:	f001 fa06 	bl	10008098 <tud_cdc_n_read>
10006c8c:	1e04      	subs	r4, r0, #0
10006c8e:	d1ea      	bne.n	10006c66 <stdio_usb_in_chars+0x52>
10006c90:	e7e7      	b.n	10006c62 <stdio_usb_in_chars+0x4e>
10006c92:	2403      	movs	r4, #3
10006c94:	4264      	negs	r4, r4
10006c96:	e7e9      	b.n	10006c6c <stdio_usb_in_chars+0x58>
10006c98:	000f4240 	.word	0x000f4240
10006c9c:	2000239c 	.word	0x2000239c
10006ca0:	7fffffff 	.word	0x7fffffff

10006ca4 <stdio_usb_out_flush>:
10006ca4:	b510      	push	{r4, lr}
10006ca6:	f7fa fc6f 	bl	10001588 <time_us_64>
10006caa:	2300      	movs	r3, #0
10006cac:	4a0e      	ldr	r2, [pc, #56]	@ (10006ce8 <stdio_usb_out_flush+0x44>)
10006cae:	1812      	adds	r2, r2, r0
10006cb0:	414b      	adcs	r3, r1
10006cb2:	2180      	movs	r1, #128	@ 0x80
10006cb4:	0609      	lsls	r1, r1, #24
10006cb6:	428b      	cmp	r3, r1
10006cb8:	d302      	bcc.n	10006cc0 <stdio_usb_out_flush+0x1c>
10006cba:	2201      	movs	r2, #1
10006cbc:	4b0b      	ldr	r3, [pc, #44]	@ (10006cec <stdio_usb_out_flush+0x48>)
10006cbe:	4252      	negs	r2, r2
10006cc0:	4c0b      	ldr	r4, [pc, #44]	@ (10006cf0 <stdio_usb_out_flush+0x4c>)
10006cc2:	0020      	movs	r0, r4
10006cc4:	f002 fab0 	bl	10009228 <__mutex_try_enter_block_until_veneer>
10006cc8:	2800      	cmp	r0, #0
10006cca:	d00c      	beq.n	10006ce6 <stdio_usb_out_flush+0x42>
10006ccc:	2001      	movs	r0, #1
10006cce:	2100      	movs	r1, #0
10006cd0:	4240      	negs	r0, r0
10006cd2:	f000 fbd5 	bl	10007480 <tud_task_ext>
10006cd6:	2000      	movs	r0, #0
10006cd8:	f001 fa28 	bl	1000812c <tud_cdc_n_write_flush>
10006cdc:	2800      	cmp	r0, #0
10006cde:	d1f5      	bne.n	10006ccc <stdio_usb_out_flush+0x28>
10006ce0:	0020      	movs	r0, r4
10006ce2:	f002 fa71 	bl	100091c8 <__mutex_exit_veneer>
10006ce6:	bd10      	pop	{r4, pc}
10006ce8:	000f4240 	.word	0x000f4240
10006cec:	7fffffff 	.word	0x7fffffff
10006cf0:	2000239c 	.word	0x2000239c

10006cf4 <stdio_usb_out_chars>:
10006cf4:	b5f8      	push	{r3, r4, r5, r6, r7, lr}
10006cf6:	46de      	mov	lr, fp
10006cf8:	4657      	mov	r7, sl
10006cfa:	b580      	push	{r7, lr}
10006cfc:	0005      	movs	r5, r0
10006cfe:	000c      	movs	r4, r1
10006d00:	f7fa fc42 	bl	10001588 <time_us_64>
10006d04:	2300      	movs	r3, #0
10006d06:	4a37      	ldr	r2, [pc, #220]	@ (10006de4 <stdio_usb_out_chars+0xf0>)
10006d08:	1812      	adds	r2, r2, r0
10006d0a:	414b      	adcs	r3, r1
10006d0c:	2180      	movs	r1, #128	@ 0x80
10006d0e:	0609      	lsls	r1, r1, #24
10006d10:	428b      	cmp	r3, r1
10006d12:	d302      	bcc.n	10006d1a <stdio_usb_out_chars+0x26>
10006d14:	2201      	movs	r2, #1
10006d16:	4b34      	ldr	r3, [pc, #208]	@ (10006de8 <stdio_usb_out_chars+0xf4>)
10006d18:	4252      	negs	r2, r2
10006d1a:	4934      	ldr	r1, [pc, #208]	@ (10006dec <stdio_usb_out_chars+0xf8>)
10006d1c:	0008      	movs	r0, r1
10006d1e:	468a      	mov	sl, r1
10006d20:	f002 fa82 	bl	10009228 <__mutex_try_enter_block_until_veneer>
10006d24:	2800      	cmp	r0, #0
10006d26:	d103      	bne.n	10006d30 <stdio_usb_out_chars+0x3c>
10006d28:	bcc0      	pop	{r6, r7}
10006d2a:	46bb      	mov	fp, r7
10006d2c:	46b2      	mov	sl, r6
10006d2e:	bdf8      	pop	{r3, r4, r5, r6, r7, pc}
10006d30:	2000      	movs	r0, #0
10006d32:	f001 f991 	bl	10008058 <tud_cdc_n_connected>
10006d36:	2800      	cmp	r0, #0
10006d38:	d04a      	beq.n	10006dd0 <stdio_usb_out_chars+0xdc>
10006d3a:	2600      	movs	r6, #0
10006d3c:	2c00      	cmp	r4, #0
10006d3e:	dd43      	ble.n	10006dc8 <stdio_usb_out_chars+0xd4>
10006d40:	4b2b      	ldr	r3, [pc, #172]	@ (10006df0 <stdio_usb_out_chars+0xfc>)
10006d42:	469b      	mov	fp, r3
10006d44:	e014      	b.n	10006d70 <stdio_usb_out_chars+0x7c>
10006d46:	19a9      	adds	r1, r5, r6
10006d48:	2000      	movs	r0, #0
10006d4a:	f001 fa29 	bl	100081a0 <tud_cdc_n_write>
10006d4e:	0007      	movs	r7, r0
10006d50:	2001      	movs	r0, #1
10006d52:	2100      	movs	r1, #0
10006d54:	4240      	negs	r0, r0
10006d56:	f000 fb93 	bl	10007480 <tud_task_ext>
10006d5a:	2000      	movs	r0, #0
10006d5c:	f001 f9e6 	bl	1000812c <tud_cdc_n_write_flush>
10006d60:	f7fa fc12 	bl	10001588 <time_us_64>
10006d64:	4b22      	ldr	r3, [pc, #136]	@ (10006df0 <stdio_usb_out_chars+0xfc>)
10006d66:	19f6      	adds	r6, r6, r7
10006d68:	6018      	str	r0, [r3, #0]
10006d6a:	6059      	str	r1, [r3, #4]
10006d6c:	42b4      	cmp	r4, r6
10006d6e:	dd2b      	ble.n	10006dc8 <stdio_usb_out_chars+0xd4>
10006d70:	2000      	movs	r0, #0
10006d72:	f001 fa35 	bl	100081e0 <tud_cdc_n_write_available>
10006d76:	1ba7      	subs	r7, r4, r6
10006d78:	0002      	movs	r2, r0
10006d7a:	42b8      	cmp	r0, r7
10006d7c:	dd00      	ble.n	10006d80 <stdio_usb_out_chars+0x8c>
10006d7e:	003a      	movs	r2, r7
10006d80:	2a00      	cmp	r2, #0
10006d82:	d1e0      	bne.n	10006d46 <stdio_usb_out_chars+0x52>
10006d84:	2001      	movs	r0, #1
10006d86:	2100      	movs	r1, #0
10006d88:	4240      	negs	r0, r0
10006d8a:	f000 fb79 	bl	10007480 <tud_task_ext>
10006d8e:	2000      	movs	r0, #0
10006d90:	f001 f9cc 	bl	1000812c <tud_cdc_n_write_flush>
10006d94:	2000      	movs	r0, #0
10006d96:	f001 f95f 	bl	10008058 <tud_cdc_n_connected>
10006d9a:	2800      	cmp	r0, #0
10006d9c:	d014      	beq.n	10006dc8 <stdio_usb_out_chars+0xd4>
10006d9e:	2000      	movs	r0, #0
10006da0:	f001 fa1e 	bl	100081e0 <tud_cdc_n_write_available>
10006da4:	2800      	cmp	r0, #0
10006da6:	d1e1      	bne.n	10006d6c <stdio_usb_out_chars+0x78>
10006da8:	f7fa fbee 	bl	10001588 <time_us_64>
10006dac:	465b      	mov	r3, fp
10006dae:	000f      	movs	r7, r1
10006db0:	681a      	ldr	r2, [r3, #0]
10006db2:	685b      	ldr	r3, [r3, #4]
10006db4:	2100      	movs	r1, #0
10006db6:	4684      	mov	ip, r0
10006db8:	480e      	ldr	r0, [pc, #56]	@ (10006df4 <stdio_usb_out_chars+0x100>)
10006dba:	1812      	adds	r2, r2, r0
10006dbc:	414b      	adcs	r3, r1
10006dbe:	429f      	cmp	r7, r3
10006dc0:	d802      	bhi.n	10006dc8 <stdio_usb_out_chars+0xd4>
10006dc2:	d1d3      	bne.n	10006d6c <stdio_usb_out_chars+0x78>
10006dc4:	4594      	cmp	ip, r2
10006dc6:	d9d1      	bls.n	10006d6c <stdio_usb_out_chars+0x78>
10006dc8:	4650      	mov	r0, sl
10006dca:	f002 f9fd 	bl	100091c8 <__mutex_exit_veneer>
10006dce:	e7ab      	b.n	10006d28 <stdio_usb_out_chars+0x34>
10006dd0:	2000      	movs	r0, #0
10006dd2:	2100      	movs	r1, #0
10006dd4:	4b06      	ldr	r3, [pc, #24]	@ (10006df0 <stdio_usb_out_chars+0xfc>)
10006dd6:	6018      	str	r0, [r3, #0]
10006dd8:	6059      	str	r1, [r3, #4]
10006dda:	4650      	mov	r0, sl
10006ddc:	f002 f9f4 	bl	100091c8 <__mutex_exit_veneer>
10006de0:	e7a2      	b.n	10006d28 <stdio_usb_out_chars+0x34>
10006de2:	46c0      	nop			@ (mov r8, r8)
10006de4:	000f4240 	.word	0x000f4240
10006de8:	7fffffff 	.word	0x7fffffff
10006dec:	2000239c 	.word	0x2000239c
10006df0:	200011c8 	.word	0x200011c8
10006df4:	0007a120 	.word	0x0007a120

10006df8 <low_priority_worker_irq>:
10006df8:	b530      	push	{r4, r5, lr}
10006dfa:	4c2b      	ldr	r4, [pc, #172]	@ (10006ea8 <low_priority_worker_irq+0xb0>)
10006dfc:	b085      	sub	sp, #20
10006dfe:	2100      	movs	r1, #0
10006e00:	0020      	movs	r0, r4
10006e02:	f002 fa01 	bl	10009208 <__mutex_try_enter_veneer>
10006e06:	2800      	cmp	r0, #0
10006e08:	d11c      	bne.n	10006e44 <low_priority_worker_irq+0x4c>
10006e0a:	4b28      	ldr	r3, [pc, #160]	@ (10006eac <low_priority_worker_irq+0xb4>)
10006e0c:	681a      	ldr	r2, [r3, #0]
10006e0e:	2a00      	cmp	r2, #0
10006e10:	d016      	beq.n	10006e40 <low_priority_worker_irq+0x48>
10006e12:	f3ef 8110 	mrs	r1, PRIMASK
10006e16:	b672      	cpsid	i
10006e18:	6810      	ldr	r0, [r2, #0]
10006e1a:	2800      	cmp	r0, #0
10006e1c:	d0fc      	beq.n	10006e18 <low_priority_worker_irq+0x20>
10006e1e:	f3bf 8f5f 	dmb	sy
10006e22:	2401      	movs	r4, #1
10006e24:	4822      	ldr	r0, [pc, #136]	@ (10006eb0 <low_priority_worker_irq+0xb8>)
10006e26:	6059      	str	r1, [r3, #4]
10006e28:	7802      	ldrb	r2, [r0, #0]
10006e2a:	681b      	ldr	r3, [r3, #0]
10006e2c:	b2d2      	uxtb	r2, r2
10006e2e:	7004      	strb	r4, [r0, #0]
10006e30:	f3bf 8f5f 	dmb	sy
10006e34:	2000      	movs	r0, #0
10006e36:	6018      	str	r0, [r3, #0]
10006e38:	f381 8810 	msr	PRIMASK, r1
10006e3c:	2a00      	cmp	r2, #0
10006e3e:	d017      	beq.n	10006e70 <low_priority_worker_irq+0x78>
10006e40:	b005      	add	sp, #20
10006e42:	bd30      	pop	{r4, r5, pc}
10006e44:	2001      	movs	r0, #1
10006e46:	2100      	movs	r1, #0
10006e48:	4240      	negs	r0, r0
10006e4a:	f000 fb19 	bl	10007480 <tud_task_ext>
10006e4e:	2000      	movs	r0, #0
10006e50:	f001 f918 	bl	10008084 <tud_cdc_n_available>
10006e54:	0005      	movs	r5, r0
10006e56:	0020      	movs	r0, r4
10006e58:	f002 f9b6 	bl	100091c8 <__mutex_exit_veneer>
10006e5c:	2d00      	cmp	r5, #0
10006e5e:	d0ef      	beq.n	10006e40 <low_priority_worker_irq+0x48>
10006e60:	4b14      	ldr	r3, [pc, #80]	@ (10006eb4 <low_priority_worker_irq+0xbc>)
10006e62:	681b      	ldr	r3, [r3, #0]
10006e64:	2b00      	cmp	r3, #0
10006e66:	d0eb      	beq.n	10006e40 <low_priority_worker_irq+0x48>
10006e68:	4a13      	ldr	r2, [pc, #76]	@ (10006eb8 <low_priority_worker_irq+0xc0>)
10006e6a:	6810      	ldr	r0, [r2, #0]
10006e6c:	4798      	blx	r3
10006e6e:	e7e7      	b.n	10006e40 <low_priority_worker_irq+0x48>
10006e70:	f7fa f9fa 	bl	10001268 <alarm_pool_get_default>
10006e74:	0004      	movs	r4, r0
10006e76:	f7fa fb87 	bl	10001588 <time_us_64>
10006e7a:	22fa      	movs	r2, #250	@ 0xfa
10006e7c:	2300      	movs	r3, #0
10006e7e:	0092      	lsls	r2, r2, #2
10006e80:	1812      	adds	r2, r2, r0
10006e82:	414b      	adcs	r3, r1
10006e84:	2180      	movs	r1, #128	@ 0x80
10006e86:	0609      	lsls	r1, r1, #24
10006e88:	428b      	cmp	r3, r1
10006e8a:	d302      	bcc.n	10006e92 <low_priority_worker_irq+0x9a>
10006e8c:	2201      	movs	r2, #1
10006e8e:	4b0b      	ldr	r3, [pc, #44]	@ (10006ebc <low_priority_worker_irq+0xc4>)
10006e90:	4252      	negs	r2, r2
10006e92:	2101      	movs	r1, #1
10006e94:	9102      	str	r1, [sp, #8]
10006e96:	2100      	movs	r1, #0
10006e98:	9101      	str	r1, [sp, #4]
10006e9a:	4909      	ldr	r1, [pc, #36]	@ (10006ec0 <low_priority_worker_irq+0xc8>)
10006e9c:	0020      	movs	r0, r4
10006e9e:	9100      	str	r1, [sp, #0]
10006ea0:	f7fa f9e6 	bl	10001270 <alarm_pool_add_alarm_at>
10006ea4:	e7cc      	b.n	10006e40 <low_priority_worker_irq+0x48>
10006ea6:	46c0      	nop			@ (mov r8, r8)
10006ea8:	2000239c 	.word	0x2000239c
10006eac:	20001fd8 	.word	0x20001fd8
10006eb0:	200224bb 	.word	0x200224bb
10006eb4:	20001b5c 	.word	0x20001b5c
10006eb8:	20001b64 	.word	0x20001b64
10006ebc:	7fffffff 	.word	0x7fffffff
10006ec0:	10006bb1 	.word	0x10006bb1

10006ec4 <stdio_usb_init>:
10006ec4:	23d0      	movs	r3, #208	@ 0xd0
10006ec6:	b510      	push	{r4, lr}
10006ec8:	061b      	lsls	r3, r3, #24
10006eca:	b084      	sub	sp, #16
10006ecc:	681c      	ldr	r4, [r3, #0]
10006ece:	f7fa f9cb 	bl	10001268 <alarm_pool_get_default>
10006ed2:	f7fa fac9 	bl	10001468 <alarm_pool_core_num>
10006ed6:	42a0      	cmp	r0, r4
10006ed8:	d002      	beq.n	10006ee0 <stdio_usb_init+0x1c>
10006eda:	2000      	movs	r0, #0
10006edc:	b004      	add	sp, #16
10006ede:	bd10      	pop	{r4, pc}
10006ee0:	4b2a      	ldr	r3, [pc, #168]	@ (10006f8c <stdio_usb_init+0xc8>)
10006ee2:	2100      	movs	r1, #0
10006ee4:	2000      	movs	r0, #0
10006ee6:	781b      	ldrb	r3, [r3, #0]
10006ee8:	f001 fc76 	bl	100087d8 <tusb_rhport_init>
10006eec:	4828      	ldr	r0, [pc, #160]	@ (10006f90 <stdio_usb_init+0xcc>)
10006eee:	6803      	ldr	r3, [r0, #0]
10006ef0:	2b00      	cmp	r3, #0
10006ef2:	d047      	beq.n	10006f84 <stdio_usb_init+0xc0>
10006ef4:	2001      	movs	r0, #1
10006ef6:	f7f9 ff4b 	bl	10000d90 <user_irq_claim_unused>
10006efa:	23ff      	movs	r3, #255	@ 0xff
10006efc:	4c25      	ldr	r4, [pc, #148]	@ (10006f94 <stdio_usb_init+0xd0>)
10006efe:	4926      	ldr	r1, [pc, #152]	@ (10006f98 <stdio_usb_init+0xd4>)
10006f00:	7020      	strb	r0, [r4, #0]
10006f02:	4018      	ands	r0, r3
10006f04:	f7f9 fcc8 	bl	10000898 <irq_set_exclusive_handler>
10006f08:	7820      	ldrb	r0, [r4, #0]
10006f0a:	2101      	movs	r1, #1
10006f0c:	f7f9 fc8c 	bl	10000828 <irq_set_enabled>
10006f10:	2005      	movs	r0, #5
10006f12:	f7f9 fcaf 	bl	10000874 <irq_has_shared_handler>
10006f16:	2800      	cmp	r0, #0
10006f18:	d126      	bne.n	10006f68 <stdio_usb_init+0xa4>
10006f1a:	2208      	movs	r2, #8
10006f1c:	2100      	movs	r1, #0
10006f1e:	481f      	ldr	r0, [pc, #124]	@ (10006f9c <stdio_usb_init+0xd8>)
10006f20:	f7fb fb40 	bl	100025a4 <__wrap_memset>
10006f24:	f7fa f9a0 	bl	10001268 <alarm_pool_get_default>
10006f28:	0004      	movs	r4, r0
10006f2a:	f7fa fb2d 	bl	10001588 <time_us_64>
10006f2e:	22fa      	movs	r2, #250	@ 0xfa
10006f30:	2300      	movs	r3, #0
10006f32:	0092      	lsls	r2, r2, #2
10006f34:	1812      	adds	r2, r2, r0
10006f36:	414b      	adcs	r3, r1
10006f38:	2180      	movs	r1, #128	@ 0x80
10006f3a:	0609      	lsls	r1, r1, #24
10006f3c:	428b      	cmp	r3, r1
10006f3e:	d302      	bcc.n	10006f46 <stdio_usb_init+0x82>
10006f40:	2201      	movs	r2, #1
10006f42:	4b17      	ldr	r3, [pc, #92]	@ (10006fa0 <stdio_usb_init+0xdc>)
10006f44:	4252      	negs	r2, r2
10006f46:	2101      	movs	r1, #1
10006f48:	9102      	str	r1, [sp, #8]
10006f4a:	2100      	movs	r1, #0
10006f4c:	9101      	str	r1, [sp, #4]
10006f4e:	4915      	ldr	r1, [pc, #84]	@ (10006fa4 <stdio_usb_init+0xe0>)
10006f50:	0020      	movs	r0, r4
10006f52:	9100      	str	r1, [sp, #0]
10006f54:	f7fa f98c 	bl	10001270 <alarm_pool_add_alarm_at>
10006f58:	2800      	cmp	r0, #0
10006f5a:	dbbe      	blt.n	10006eda <stdio_usb_init+0x16>
10006f5c:	4812      	ldr	r0, [pc, #72]	@ (10006fa8 <stdio_usb_init+0xe4>)
10006f5e:	2101      	movs	r1, #1
10006f60:	f7fc fffa 	bl	10003f58 <stdio_set_driver_enabled>
10006f64:	2001      	movs	r0, #1
10006f66:	e7b9      	b.n	10006edc <stdio_usb_init+0x18>
10006f68:	2001      	movs	r0, #1
10006f6a:	f7f9 fc2b 	bl	100007c4 <spin_lock_claim_unused>
10006f6e:	4b0b      	ldr	r3, [pc, #44]	@ (10006f9c <stdio_usb_init+0xd8>)
10006f70:	0001      	movs	r1, r0
10006f72:	0018      	movs	r0, r3
10006f74:	f7f9 ff70 	bl	10000e58 <critical_section_init_with_lock_num>
10006f78:	2200      	movs	r2, #0
10006f7a:	2005      	movs	r0, #5
10006f7c:	490b      	ldr	r1, [pc, #44]	@ (10006fac <stdio_usb_init+0xe8>)
10006f7e:	f7f9 fcb5 	bl	100008ec <irq_add_shared_handler>
10006f82:	e7eb      	b.n	10006f5c <stdio_usb_init+0x98>
10006f84:	f7f9 ff4c 	bl	10000e20 <mutex_init>
10006f88:	e7b4      	b.n	10006ef4 <stdio_usb_init+0x30>
10006f8a:	46c0      	nop			@ (mov r8, r8)
10006f8c:	100099f4 	.word	0x100099f4
10006f90:	2000239c 	.word	0x2000239c
10006f94:	200224ba 	.word	0x200224ba
10006f98:	10006df9 	.word	0x10006df9
10006f9c:	20001fd8 	.word	0x20001fd8
10006fa0:	7fffffff 	.word	0x7fffffff
10006fa4:	10006bb1 	.word	0x10006bb1
10006fa8:	20000ffc 	.word	0x20000ffc
10006fac:	10006ba1 	.word	0x10006ba1

10006fb0 <tud_descriptor_device_cb>:
10006fb0:	4800      	ldr	r0, [pc, #0]	@ (10006fb4 <tud_descriptor_device_cb+0x4>)
10006fb2:	4770      	bx	lr
10006fb4:	100098d0 	.word	0x100098d0

10006fb8 <tud_descriptor_configuration_cb>:
10006fb8:	4800      	ldr	r0, [pc, #0]	@ (10006fbc <tud_descriptor_configuration_cb+0x4>)
10006fba:	4770      	bx	lr
10006fbc:	1000987c 	.word	0x1000987c

10006fc0 <tud_descriptor_string_cb>:
10006fc0:	b510      	push	{r4, lr}
10006fc2:	0004      	movs	r4, r0
10006fc4:	4817      	ldr	r0, [pc, #92]	@ (10007024 <tud_descriptor_string_cb+0x64>)
10006fc6:	7803      	ldrb	r3, [r0, #0]
10006fc8:	2b00      	cmp	r3, #0
10006fca:	d020      	beq.n	1000700e <tud_descriptor_string_cb+0x4e>
10006fcc:	2c00      	cmp	r4, #0
10006fce:	d106      	bne.n	10006fde <tud_descriptor_string_cb+0x1e>
10006fd0:	4b15      	ldr	r3, [pc, #84]	@ (10007028 <tud_descriptor_string_cb+0x68>)
10006fd2:	4816      	ldr	r0, [pc, #88]	@ (1000702c <tud_descriptor_string_cb+0x6c>)
10006fd4:	8043      	strh	r3, [r0, #2]
10006fd6:	3b06      	subs	r3, #6
10006fd8:	3bff      	subs	r3, #255	@ 0xff
10006fda:	8003      	strh	r3, [r0, #0]
10006fdc:	bd10      	pop	{r4, pc}
10006fde:	2c05      	cmp	r4, #5
10006fe0:	d819      	bhi.n	10007016 <tud_descriptor_string_cb+0x56>
10006fe2:	4b13      	ldr	r3, [pc, #76]	@ (10007030 <tud_descriptor_string_cb+0x70>)
10006fe4:	00a4      	lsls	r4, r4, #2
10006fe6:	58e0      	ldr	r0, [r4, r3]
10006fe8:	4912      	ldr	r1, [pc, #72]	@ (10007034 <tud_descriptor_string_cb+0x74>)
10006fea:	2301      	movs	r3, #1
10006fec:	3801      	subs	r0, #1
10006fee:	e004      	b.n	10006ffa <tud_descriptor_string_cb+0x3a>
10006ff0:	3301      	adds	r3, #1
10006ff2:	800a      	strh	r2, [r1, #0]
10006ff4:	3102      	adds	r1, #2
10006ff6:	2b14      	cmp	r3, #20
10006ff8:	d00f      	beq.n	1000701a <tud_descriptor_string_cb+0x5a>
10006ffa:	5cc2      	ldrb	r2, [r0, r3]
10006ffc:	2a00      	cmp	r2, #0
10006ffe:	d1f7      	bne.n	10006ff0 <tud_descriptor_string_cb+0x30>
10007000:	22c0      	movs	r2, #192	@ 0xc0
10007002:	b2db      	uxtb	r3, r3
10007004:	005b      	lsls	r3, r3, #1
10007006:	0092      	lsls	r2, r2, #2
10007008:	4808      	ldr	r0, [pc, #32]	@ (1000702c <tud_descriptor_string_cb+0x6c>)
1000700a:	4313      	orrs	r3, r2
1000700c:	e7e5      	b.n	10006fda <tud_descriptor_string_cb+0x1a>
1000700e:	2111      	movs	r1, #17
10007010:	f7ff fc44 	bl	1000689c <pico_get_unique_board_id_string>
10007014:	e7da      	b.n	10006fcc <tud_descriptor_string_cb+0xc>
10007016:	2000      	movs	r0, #0
10007018:	e7e0      	b.n	10006fdc <tud_descriptor_string_cb+0x1c>
1000701a:	23ca      	movs	r3, #202	@ 0xca
1000701c:	4803      	ldr	r0, [pc, #12]	@ (1000702c <tud_descriptor_string_cb+0x6c>)
1000701e:	009b      	lsls	r3, r3, #2
10007020:	e7db      	b.n	10006fda <tud_descriptor_string_cb+0x1a>
10007022:	46c0      	nop			@ (mov r8, r8)
10007024:	200223ac 	.word	0x200223ac
10007028:	00000409 	.word	0x00000409
1000702c:	20001b98 	.word	0x20001b98
10007030:	10009864 	.word	0x10009864
10007034:	20001b9a 	.word	0x20001b9a

10007038 <dcd_init>:
10007038:	b5f8      	push	{r3, r4, r5, r6, r7, lr}
1000703a:	f000 f943 	bl	100072c4 <rp2040_usb_init>
1000703e:	230c      	movs	r3, #12
10007040:	4d19      	ldr	r5, [pc, #100]	@ (100070a8 <dcd_init+0x70>)
10007042:	22ff      	movs	r2, #255	@ 0xff
10007044:	67ab      	str	r3, [r5, #120]	@ 0x78
10007046:	2005      	movs	r0, #5
10007048:	4918      	ldr	r1, [pc, #96]	@ (100070ac <dcd_init+0x74>)
1000704a:	f7f9 fc4f 	bl	100008ec <irq_add_shared_handler>
1000704e:	4c18      	ldr	r4, [pc, #96]	@ (100070b0 <dcd_init+0x78>)
10007050:	2240      	movs	r2, #64	@ 0x40
10007052:	2100      	movs	r1, #0
10007054:	0020      	movs	r0, r4
10007056:	f7fb faa5 	bl	100025a4 <__wrap_memset>
1000705a:	2740      	movs	r7, #64	@ 0x40
1000705c:	2300      	movs	r3, #0
1000705e:	2601      	movs	r6, #1
10007060:	2121      	movs	r1, #33	@ 0x21
10007062:	4a14      	ldr	r2, [pc, #80]	@ (100070b4 <dcd_init+0x7c>)
10007064:	7066      	strb	r6, [r4, #1]
10007066:	8327      	strh	r7, [r4, #24]
10007068:	60a2      	str	r2, [r4, #8]
1000706a:	6013      	str	r3, [r2, #0]
1000706c:	5463      	strb	r3, [r4, r1]
1000706e:	315f      	adds	r1, #95	@ 0x5f
10007070:	8461      	strh	r1, [r4, #34]	@ 0x22
10007072:	3945      	subs	r1, #69	@ 0x45
10007074:	5463      	strb	r3, [r4, r1]
10007076:	4a10      	ldr	r2, [pc, #64]	@ (100070b8 <dcd_init+0x80>)
10007078:	4910      	ldr	r1, [pc, #64]	@ (100070bc <dcd_init+0x84>)
1000707a:	6063      	str	r3, [r4, #4]
1000707c:	60e2      	str	r2, [r4, #12]
1000707e:	8727      	strh	r7, [r4, #56]	@ 0x38
10007080:	62a1      	str	r1, [r4, #40]	@ 0x28
10007082:	600b      	str	r3, [r1, #0]
10007084:	6263      	str	r3, [r4, #36]	@ 0x24
10007086:	62e2      	str	r2, [r4, #44]	@ 0x2c
10007088:	f002 f88e 	bl	100091a8 <__reset_non_control_endpoints_veneer>
1000708c:	2380      	movs	r3, #128	@ 0x80
1000708e:	059b      	lsls	r3, r3, #22
10007090:	642e      	str	r6, [r5, #64]	@ 0x40
10007092:	64eb      	str	r3, [r5, #76]	@ 0x4c
10007094:	2390      	movs	r3, #144	@ 0x90
10007096:	4a0a      	ldr	r2, [pc, #40]	@ (100070c0 <dcd_init+0x88>)
10007098:	2001      	movs	r0, #1
1000709a:	50ea      	str	r2, [r5, r3]
1000709c:	2280      	movs	r2, #128	@ 0x80
1000709e:	4b09      	ldr	r3, [pc, #36]	@ (100070c4 <dcd_init+0x8c>)
100070a0:	0252      	lsls	r2, r2, #9
100070a2:	64da      	str	r2, [r3, #76]	@ 0x4c
100070a4:	bdf8      	pop	{r3, r4, r5, r6, r7, pc}
100070a6:	46c0      	nop			@ (mov r8, r8)
100070a8:	50110000 	.word	0x50110000
100070ac:	20000475 	.word	0x20000475
100070b0:	20001bcc 	.word	0x20001bcc
100070b4:	50100084 	.word	0x50100084
100070b8:	50100100 	.word	0x50100100
100070bc:	50100080 	.word	0x50100080
100070c0:	0001d010 	.word	0x0001d010
100070c4:	50112000 	.word	0x50112000

100070c8 <dcd_int_enable>:
100070c8:	b510      	push	{r4, lr}
100070ca:	2101      	movs	r1, #1
100070cc:	2005      	movs	r0, #5
100070ce:	f7f9 fbab 	bl	10000828 <irq_set_enabled>
100070d2:	bd10      	pop	{r4, pc}

100070d4 <dcd_set_address>:
100070d4:	b510      	push	{r4, lr}
100070d6:	2200      	movs	r2, #0
100070d8:	2100      	movs	r1, #0
100070da:	4802      	ldr	r0, [pc, #8]	@ (100070e4 <dcd_set_address+0x10>)
100070dc:	f000 f912 	bl	10007304 <hw_endpoint_xfer_start>
100070e0:	bd10      	pop	{r4, pc}
100070e2:	46c0      	nop			@ (mov r8, r8)
100070e4:	20001bec 	.word	0x20001bec

100070e8 <dcd_sof_enable>:
100070e8:	4b04      	ldr	r3, [pc, #16]	@ (100070fc <dcd_sof_enable+0x14>)
100070ea:	7019      	strb	r1, [r3, #0]
100070ec:	2900      	cmp	r1, #0
100070ee:	d004      	beq.n	100070fa <dcd_sof_enable+0x12>
100070f0:	2180      	movs	r1, #128	@ 0x80
100070f2:	2390      	movs	r3, #144	@ 0x90
100070f4:	4a02      	ldr	r2, [pc, #8]	@ (10007100 <dcd_sof_enable+0x18>)
100070f6:	0289      	lsls	r1, r1, #10
100070f8:	50d1      	str	r1, [r2, r3]
100070fa:	4770      	bx	lr
100070fc:	200224b5 	.word	0x200224b5
10007100:	50112000 	.word	0x50112000

10007104 <dcd_edpt0_status_complete>:
10007104:	780b      	ldrb	r3, [r1, #0]
10007106:	065b      	lsls	r3, r3, #25
10007108:	d102      	bne.n	10007110 <dcd_edpt0_status_complete+0xc>
1000710a:	784b      	ldrb	r3, [r1, #1]
1000710c:	2b05      	cmp	r3, #5
1000710e:	d000      	beq.n	10007112 <dcd_edpt0_status_complete+0xe>
10007110:	4770      	bx	lr
10007112:	788a      	ldrb	r2, [r1, #2]
10007114:	4b01      	ldr	r3, [pc, #4]	@ (1000711c <dcd_edpt0_status_complete+0x18>)
10007116:	601a      	str	r2, [r3, #0]
10007118:	e7fa      	b.n	10007110 <dcd_edpt0_status_complete+0xc>
1000711a:	46c0      	nop			@ (mov r8, r8)
1000711c:	50110000 	.word	0x50110000

10007120 <dcd_edpt_open>:
10007120:	b5f0      	push	{r4, r5, r6, r7, lr}
10007122:	46c6      	mov	lr, r8
10007124:	78c8      	ldrb	r0, [r1, #3]
10007126:	b500      	push	{lr}
10007128:	0780      	lsls	r0, r0, #30
1000712a:	0f83      	lsrs	r3, r0, #30
1000712c:	0018      	movs	r0, r3
1000712e:	2b01      	cmp	r3, #1
10007130:	d060      	beq.n	100071f4 <dcd_edpt_open+0xd4>
10007132:	788f      	ldrb	r7, [r1, #2]
10007134:	790a      	ldrb	r2, [r1, #4]
10007136:	794b      	ldrb	r3, [r1, #5]
10007138:	217f      	movs	r1, #127	@ 0x7f
1000713a:	4039      	ands	r1, r7
1000713c:	09fc      	lsrs	r4, r7, #7
1000713e:	021b      	lsls	r3, r3, #8
10007140:	004e      	lsls	r6, r1, #1
10007142:	4313      	orrs	r3, r2
10007144:	4d33      	ldr	r5, [pc, #204]	@ (10007214 <dcd_edpt_open+0xf4>)
10007146:	1932      	adds	r2, r6, r4
10007148:	0152      	lsls	r2, r2, #5
1000714a:	18aa      	adds	r2, r5, r2
1000714c:	7097      	strb	r7, [r2, #2]
1000714e:	2701      	movs	r7, #1
10007150:	4067      	eors	r7, r4
10007152:	7057      	strb	r7, [r2, #1]
10007154:	2700      	movs	r7, #0
10007156:	055b      	lsls	r3, r3, #21
10007158:	0d5b      	lsrs	r3, r3, #21
1000715a:	70d7      	strb	r7, [r2, #3]
1000715c:	8313      	strh	r3, [r2, #24]
1000715e:	76d0      	strb	r0, [r2, #27]
10007160:	46b8      	mov	r8, r7
10007162:	00ca      	lsls	r2, r1, #3
10007164:	2c01      	cmp	r4, #1
10007166:	d032      	beq.n	100071ce <dcd_edpt_open+0xae>
10007168:	4f2b      	ldr	r7, [pc, #172]	@ (10007218 <dcd_edpt_open+0xf8>)
1000716a:	46bc      	mov	ip, r7
1000716c:	018f      	lsls	r7, r1, #6
1000716e:	4462      	add	r2, ip
10007170:	46bc      	mov	ip, r7
10007172:	44ac      	add	ip, r5
10007174:	4667      	mov	r7, ip
10007176:	60ba      	str	r2, [r7, #8]
10007178:	4647      	mov	r7, r8
1000717a:	6017      	str	r7, [r2, #0]
1000717c:	2900      	cmp	r1, #0
1000717e:	d032      	beq.n	100071e6 <dcd_edpt_open+0xc6>
10007180:	4a26      	ldr	r2, [pc, #152]	@ (1000721c <dcd_edpt_open+0xfc>)
10007182:	00c9      	lsls	r1, r1, #3
10007184:	4690      	mov	r8, r2
10007186:	4662      	mov	r2, ip
10007188:	4441      	add	r1, r8
1000718a:	6051      	str	r1, [r2, #4]
1000718c:	223f      	movs	r2, #63	@ 0x3f
1000718e:	333f      	adds	r3, #63	@ 0x3f
10007190:	4393      	bics	r3, r2
10007192:	2802      	cmp	r0, #2
10007194:	d037      	beq.n	10007206 <dcd_edpt_open+0xe6>
10007196:	4922      	ldr	r1, [pc, #136]	@ (10007220 <dcd_edpt_open+0x100>)
10007198:	1937      	adds	r7, r6, r4
1000719a:	680a      	ldr	r2, [r1, #0]
1000719c:	017f      	lsls	r7, r7, #5
1000719e:	18d3      	adds	r3, r2, r3
100071a0:	600b      	str	r3, [r1, #0]
100071a2:	4920      	ldr	r1, [pc, #128]	@ (10007224 <dcd_edpt_open+0x104>)
100071a4:	19ef      	adds	r7, r5, r7
100071a6:	60fa      	str	r2, [r7, #12]
100071a8:	428b      	cmp	r3, r1
100071aa:	d82e      	bhi.n	1000720a <dcd_edpt_open+0xea>
100071ac:	1936      	adds	r6, r6, r4
100071ae:	0176      	lsls	r6, r6, #5
100071b0:	19ad      	adds	r5, r5, r6
100071b2:	7eeb      	ldrb	r3, [r5, #27]
100071b4:	491c      	ldr	r1, [pc, #112]	@ (10007228 <dcd_edpt_open+0x108>)
100071b6:	069b      	lsls	r3, r3, #26
100071b8:	404a      	eors	r2, r1
100071ba:	4313      	orrs	r3, r2
100071bc:	2280      	movs	r2, #128	@ 0x80
100071be:	0612      	lsls	r2, r2, #24
100071c0:	4313      	orrs	r3, r2
100071c2:	686a      	ldr	r2, [r5, #4]
100071c4:	6013      	str	r3, [r2, #0]
100071c6:	2001      	movs	r0, #1
100071c8:	bc80      	pop	{r7}
100071ca:	46b8      	mov	r8, r7
100071cc:	bdf0      	pop	{r4, r5, r6, r7, pc}
100071ce:	4f17      	ldr	r7, [pc, #92]	@ (1000722c <dcd_edpt_open+0x10c>)
100071d0:	46bc      	mov	ip, r7
100071d2:	018f      	lsls	r7, r1, #6
100071d4:	4462      	add	r2, ip
100071d6:	46bc      	mov	ip, r7
100071d8:	44ac      	add	ip, r5
100071da:	4667      	mov	r7, ip
100071dc:	62ba      	str	r2, [r7, #40]	@ 0x28
100071de:	4647      	mov	r7, r8
100071e0:	6017      	str	r7, [r2, #0]
100071e2:	2900      	cmp	r1, #0
100071e4:	d108      	bne.n	100071f8 <dcd_edpt_open+0xd8>
100071e6:	2300      	movs	r3, #0
100071e8:	0164      	lsls	r4, r4, #5
100071ea:	192c      	adds	r4, r5, r4
100071ec:	6063      	str	r3, [r4, #4]
100071ee:	4b10      	ldr	r3, [pc, #64]	@ (10007230 <dcd_edpt_open+0x110>)
100071f0:	60e3      	str	r3, [r4, #12]
100071f2:	e7e8      	b.n	100071c6 <dcd_edpt_open+0xa6>
100071f4:	2000      	movs	r0, #0
100071f6:	e7e7      	b.n	100071c8 <dcd_edpt_open+0xa8>
100071f8:	4a0b      	ldr	r2, [pc, #44]	@ (10007228 <dcd_edpt_open+0x108>)
100071fa:	00c9      	lsls	r1, r1, #3
100071fc:	4690      	mov	r8, r2
100071fe:	4662      	mov	r2, ip
10007200:	4441      	add	r1, r8
10007202:	6251      	str	r1, [r2, #36]	@ 0x24
10007204:	e7c2      	b.n	1000718c <dcd_edpt_open+0x6c>
10007206:	005b      	lsls	r3, r3, #1
10007208:	e7c5      	b.n	10007196 <dcd_edpt_open+0x76>
1000720a:	f7fa fc83 	bl	10001b14 <hard_assertion_failure>
1000720e:	68fa      	ldr	r2, [r7, #12]
10007210:	e7cc      	b.n	100071ac <dcd_edpt_open+0x8c>
10007212:	46c0      	nop			@ (mov r8, r8)
10007214:	20001bcc 	.word	0x20001bcc
10007218:	50100084 	.word	0x50100084
1000721c:	50100004 	.word	0x50100004
10007220:	20001fd4 	.word	0x20001fd4
10007224:	50100fff 	.word	0x50100fff
10007228:	50100000 	.word	0x50100000
1000722c:	50100080 	.word	0x50100080
10007230:	50100100 	.word	0x50100100

10007234 <dcd_edpt_close_all>:
10007234:	b510      	push	{r4, lr}
10007236:	f001 ffb7 	bl	100091a8 <__reset_non_control_endpoints_veneer>
1000723a:	bd10      	pop	{r4, pc}

1000723c <dcd_edpt_xfer>:
1000723c:	b510      	push	{r4, lr}
1000723e:	207f      	movs	r0, #127	@ 0x7f
10007240:	000c      	movs	r4, r1
10007242:	4020      	ands	r0, r4
10007244:	0040      	lsls	r0, r0, #1
10007246:	09e4      	lsrs	r4, r4, #7
10007248:	0011      	movs	r1, r2
1000724a:	1900      	adds	r0, r0, r4
1000724c:	001a      	movs	r2, r3
1000724e:	4b03      	ldr	r3, [pc, #12]	@ (1000725c <dcd_edpt_xfer+0x20>)
10007250:	0140      	lsls	r0, r0, #5
10007252:	18c0      	adds	r0, r0, r3
10007254:	f000 f856 	bl	10007304 <hw_endpoint_xfer_start>
10007258:	2001      	movs	r0, #1
1000725a:	bd10      	pop	{r4, pc}
1000725c:	20001bcc 	.word	0x20001bcc

10007260 <dcd_edpt_stall>:
10007260:	237f      	movs	r3, #127	@ 0x7f
10007262:	0018      	movs	r0, r3
10007264:	b510      	push	{r4, lr}
10007266:	4008      	ands	r0, r1
10007268:	09ca      	lsrs	r2, r1, #7
1000726a:	420b      	tst	r3, r1
1000726c:	d103      	bne.n	10007276 <dcd_edpt_stall+0x16>
1000726e:	4907      	ldr	r1, [pc, #28]	@ (1000728c <dcd_edpt_stall+0x2c>)
10007270:	3b7d      	subs	r3, #125	@ 0x7d
10007272:	1a9b      	subs	r3, r3, r2
10007274:	668b      	str	r3, [r1, #104]	@ 0x68
10007276:	0040      	lsls	r0, r0, #1
10007278:	1880      	adds	r0, r0, r2
1000727a:	2280      	movs	r2, #128	@ 0x80
1000727c:	4b04      	ldr	r3, [pc, #16]	@ (10007290 <dcd_edpt_stall+0x30>)
1000727e:	0140      	lsls	r0, r0, #5
10007280:	2100      	movs	r1, #0
10007282:	18c0      	adds	r0, r0, r3
10007284:	0112      	lsls	r2, r2, #4
10007286:	f001 ffdf 	bl	10009248 <___hw_endpoint_buffer_control_update32_veneer>
1000728a:	bd10      	pop	{r4, pc}
1000728c:	50112000 	.word	0x50112000
10007290:	20001bcc 	.word	0x20001bcc

10007294 <dcd_edpt_clear_stall>:
10007294:	227f      	movs	r2, #127	@ 0x7f
10007296:	0013      	movs	r3, r2
10007298:	b510      	push	{r4, lr}
1000729a:	400b      	ands	r3, r1
1000729c:	420a      	tst	r2, r1
1000729e:	d100      	bne.n	100072a2 <dcd_edpt_clear_stall+0xe>
100072a0:	bd10      	pop	{r4, pc}
100072a2:	09c9      	lsrs	r1, r1, #7
100072a4:	005b      	lsls	r3, r3, #1
100072a6:	185b      	adds	r3, r3, r1
100072a8:	4804      	ldr	r0, [pc, #16]	@ (100072bc <dcd_edpt_clear_stall+0x28>)
100072aa:	015b      	lsls	r3, r3, #5
100072ac:	18c0      	adds	r0, r0, r3
100072ae:	2300      	movs	r3, #0
100072b0:	2200      	movs	r2, #0
100072b2:	4903      	ldr	r1, [pc, #12]	@ (100072c0 <dcd_edpt_clear_stall+0x2c>)
100072b4:	70c3      	strb	r3, [r0, #3]
100072b6:	f001 ffc7 	bl	10009248 <___hw_endpoint_buffer_control_update32_veneer>
100072ba:	e7f1      	b.n	100072a0 <dcd_edpt_clear_stall+0xc>
100072bc:	20001bcc 	.word	0x20001bcc
100072c0:	fffff7ff 	.word	0xfffff7ff

100072c4 <rp2040_usb_init>:
100072c4:	2280      	movs	r2, #128	@ 0x80
100072c6:	4b0a      	ldr	r3, [pc, #40]	@ (100072f0 <rp2040_usb_init+0x2c>)
100072c8:	0452      	lsls	r2, r2, #17
100072ca:	b510      	push	{r4, lr}
100072cc:	601a      	str	r2, [r3, #0]
100072ce:	4b09      	ldr	r3, [pc, #36]	@ (100072f4 <rp2040_usb_init+0x30>)
100072d0:	4909      	ldr	r1, [pc, #36]	@ (100072f8 <rp2040_usb_init+0x34>)
100072d2:	601a      	str	r2, [r3, #0]
100072d4:	0010      	movs	r0, r2
100072d6:	680b      	ldr	r3, [r1, #0]
100072d8:	4398      	bics	r0, r3
100072da:	d1fb      	bne.n	100072d4 <rp2040_usb_init+0x10>
100072dc:	2280      	movs	r2, #128	@ 0x80
100072de:	2100      	movs	r1, #0
100072e0:	0152      	lsls	r2, r2, #5
100072e2:	4806      	ldr	r0, [pc, #24]	@ (100072fc <rp2040_usb_init+0x38>)
100072e4:	f7fb f95e 	bl	100025a4 <__wrap_memset>
100072e8:	2209      	movs	r2, #9
100072ea:	4b05      	ldr	r3, [pc, #20]	@ (10007300 <rp2040_usb_init+0x3c>)
100072ec:	675a      	str	r2, [r3, #116]	@ 0x74
100072ee:	bd10      	pop	{r4, pc}
100072f0:	4000e000 	.word	0x4000e000
100072f4:	4000f000 	.word	0x4000f000
100072f8:	4000c008 	.word	0x4000c008
100072fc:	50100000 	.word	0x50100000
10007300:	50110000 	.word	0x50110000

10007304 <hw_endpoint_xfer_start>:
10007304:	2300      	movs	r3, #0
10007306:	b510      	push	{r4, lr}
10007308:	82c3      	strh	r3, [r0, #22]
1000730a:	3301      	adds	r3, #1
1000730c:	8282      	strh	r2, [r0, #20]
1000730e:	7683      	strb	r3, [r0, #26]
10007310:	6101      	str	r1, [r0, #16]
10007312:	0004      	movs	r4, r0
10007314:	f001 ff60 	bl	100091d8 <__e15_is_bulkin_ep_veneer>
10007318:	2800      	cmp	r0, #0
1000731a:	d004      	beq.n	10007326 <hw_endpoint_xfer_start+0x22>
1000731c:	2180      	movs	r1, #128	@ 0x80
1000731e:	2390      	movs	r3, #144	@ 0x90
10007320:	4a07      	ldr	r2, [pc, #28]	@ (10007340 <hw_endpoint_xfer_start+0x3c>)
10007322:	0289      	lsls	r1, r1, #10
10007324:	50d1      	str	r1, [r2, r3]
10007326:	0020      	movs	r0, r4
10007328:	f001 ff36 	bl	10009198 <__e15_is_critical_frame_period_veneer>
1000732c:	2800      	cmp	r0, #0
1000732e:	d002      	beq.n	10007336 <hw_endpoint_xfer_start+0x32>
10007330:	2301      	movs	r3, #1
10007332:	7723      	strb	r3, [r4, #28]
10007334:	bd10      	pop	{r4, pc}
10007336:	0020      	movs	r0, r4
10007338:	f001 ff7e 	bl	10009238 <__hw_endpoint_start_next_buffer_veneer>
1000733c:	e7fa      	b.n	10007334 <hw_endpoint_xfer_start+0x30>
1000733e:	46c0      	nop			@ (mov r8, r8)
10007340:	50112000 	.word	0x50112000

10007344 <tud_event_hook_cb>:
10007344:	4770      	bx	lr
10007346:	46c0      	nop			@ (mov r8, r8)

10007348 <tud_sof_cb>:
10007348:	4770      	bx	lr
1000734a:	46c0      	nop			@ (mov r8, r8)

1000734c <tud_descriptor_device_qualifier_cb>:
1000734c:	2000      	movs	r0, #0
1000734e:	4770      	bx	lr

10007350 <tud_descriptor_other_speed_configuration_cb>:
10007350:	2000      	movs	r0, #0
10007352:	4770      	bx	lr

10007354 <tud_mount_cb>:
10007354:	4770      	bx	lr
10007356:	46c0      	nop			@ (mov r8, r8)

10007358 <tud_umount_cb>:
10007358:	4770      	bx	lr
1000735a:	46c0      	nop			@ (mov r8, r8)

1000735c <tud_suspend_cb>:
1000735c:	4770      	bx	lr
1000735e:	46c0      	nop			@ (mov r8, r8)

10007360 <tud_resume_cb>:
10007360:	4770      	bx	lr
10007362:	46c0      	nop			@ (mov r8, r8)

10007364 <tud_mounted>:
10007364:	4b02      	ldr	r3, [pc, #8]	@ (10007370 <tud_mounted+0xc>)
10007366:	7858      	ldrb	r0, [r3, #1]
10007368:	1e43      	subs	r3, r0, #1
1000736a:	4198      	sbcs	r0, r3
1000736c:	b2c0      	uxtb	r0, r0
1000736e:	4770      	bx	lr
10007370:	20001670 	.word	0x20001670

10007374 <tud_suspended>:
10007374:	4b02      	ldr	r3, [pc, #8]	@ (10007380 <tud_suspended+0xc>)
10007376:	7818      	ldrb	r0, [r3, #0]
10007378:	0740      	lsls	r0, r0, #29
1000737a:	0fc0      	lsrs	r0, r0, #31
1000737c:	4770      	bx	lr
1000737e:	46c0      	nop			@ (mov r8, r8)
10007380:	20001670 	.word	0x20001670

10007384 <tud_rhport_init>:
10007384:	b5f0      	push	{r4, r5, r6, r7, lr}
10007386:	46d6      	mov	lr, sl
10007388:	464f      	mov	r7, r9
1000738a:	4646      	mov	r6, r8
1000738c:	b5c0      	push	{r6, r7, lr}
1000738e:	4b31      	ldr	r3, [pc, #196]	@ (10007454 <tud_rhport_init+0xd0>)
10007390:	0007      	movs	r7, r0
10007392:	469a      	mov	sl, r3
10007394:	781b      	ldrb	r3, [r3, #0]
10007396:	000e      	movs	r6, r1
10007398:	2bff      	cmp	r3, #255	@ 0xff
1000739a:	d001      	beq.n	100073a0 <tud_rhport_init+0x1c>
1000739c:	2001      	movs	r0, #1
1000739e:	e044      	b.n	1000742a <tud_rhport_init+0xa6>
100073a0:	2900      	cmp	r1, #0
100073a2:	d041      	beq.n	10007428 <tud_rhport_init+0xa4>
100073a4:	2100      	movs	r1, #0
100073a6:	2254      	movs	r2, #84	@ 0x54
100073a8:	482b      	ldr	r0, [pc, #172]	@ (10007458 <tud_rhport_init+0xd4>)
100073aa:	f7fb f8fb 	bl	100025a4 <__wrap_memset>
100073ae:	2200      	movs	r2, #0
100073b0:	4c2a      	ldr	r4, [pc, #168]	@ (1000745c <tud_rhport_init+0xd8>)
100073b2:	4b2b      	ldr	r3, [pc, #172]	@ (10007460 <tud_rhport_init+0xdc>)
100073b4:	0020      	movs	r0, r4
100073b6:	701a      	strb	r2, [r3, #0]
100073b8:	f7f9 fd32 	bl	10000e20 <mutex_init>
100073bc:	4b29      	ldr	r3, [pc, #164]	@ (10007464 <tud_rhport_init+0xe0>)
100073be:	601c      	str	r4, [r3, #0]
100073c0:	4c29      	ldr	r4, [pc, #164]	@ (10007468 <tud_rhport_init+0xe4>)
100073c2:	0020      	movs	r0, r4
100073c4:	3c14      	subs	r4, #20
100073c6:	f7f9 fd39 	bl	10000e3c <critical_section_init>
100073ca:	0020      	movs	r0, r4
100073cc:	f001 fe0c 	bl	10008fe8 <tu_fifo_clear>
100073d0:	4b26      	ldr	r3, [pc, #152]	@ (1000746c <tud_rhport_init+0xe8>)
100073d2:	4d27      	ldr	r5, [pc, #156]	@ (10007470 <tud_rhport_init+0xec>)
100073d4:	601c      	str	r4, [r3, #0]
100073d6:	4b27      	ldr	r3, [pc, #156]	@ (10007474 <tud_rhport_init+0xf0>)
100073d8:	2b00      	cmp	r3, #0
100073da:	d02b      	beq.n	10007434 <tud_rhport_init+0xb0>
100073dc:	0028      	movs	r0, r5
100073de:	f7ff fbb9 	bl	10006b54 <usbd_app_driver_get_cb>
100073e2:	4b25      	ldr	r3, [pc, #148]	@ (10007478 <tud_rhport_init+0xf4>)
100073e4:	782a      	ldrb	r2, [r5, #0]
100073e6:	6018      	str	r0, [r3, #0]
100073e8:	4924      	ldr	r1, [pc, #144]	@ (1000747c <tud_rhport_init+0xf8>)
100073ea:	2400      	movs	r4, #0
100073ec:	4689      	mov	r9, r1
100073ee:	4922      	ldr	r1, [pc, #136]	@ (10007478 <tud_rhport_init+0xf4>)
100073f0:	2300      	movs	r3, #0
100073f2:	4688      	mov	r8, r1
100073f4:	e010      	b.n	10007418 <tud_rhport_init+0x94>
100073f6:	4643      	mov	r3, r8
100073f8:	681b      	ldr	r3, [r3, #0]
100073fa:	0162      	lsls	r2, r4, #5
100073fc:	189b      	adds	r3, r3, r2
100073fe:	2b00      	cmp	r3, #0
10007400:	d012      	beq.n	10007428 <tud_rhport_init+0xa4>
10007402:	685b      	ldr	r3, [r3, #4]
10007404:	2b00      	cmp	r3, #0
10007406:	d00f      	beq.n	10007428 <tud_rhport_init+0xa4>
10007408:	4798      	blx	r3
1000740a:	782a      	ldrb	r2, [r5, #0]
1000740c:	3401      	adds	r4, #1
1000740e:	b2e4      	uxtb	r4, r4
10007410:	1c51      	adds	r1, r2, #1
10007412:	0023      	movs	r3, r4
10007414:	42a1      	cmp	r1, r4
10007416:	db0f      	blt.n	10007438 <tud_rhport_init+0xb4>
10007418:	42a2      	cmp	r2, r4
1000741a:	d8ec      	bhi.n	100073f6 <tud_rhport_init+0x72>
1000741c:	1a9b      	subs	r3, r3, r2
1000741e:	015b      	lsls	r3, r3, #5
10007420:	444b      	add	r3, r9
10007422:	685b      	ldr	r3, [r3, #4]
10007424:	2b00      	cmp	r3, #0
10007426:	d1ef      	bne.n	10007408 <tud_rhport_init+0x84>
10007428:	2000      	movs	r0, #0
1000742a:	bce0      	pop	{r5, r6, r7}
1000742c:	46ba      	mov	sl, r7
1000742e:	46b1      	mov	r9, r6
10007430:	46a8      	mov	r8, r5
10007432:	bdf0      	pop	{r4, r5, r6, r7, pc}
10007434:	782a      	ldrb	r2, [r5, #0]
10007436:	e7d7      	b.n	100073e8 <tud_rhport_init+0x64>
10007438:	4653      	mov	r3, sl
1000743a:	0031      	movs	r1, r6
1000743c:	0038      	movs	r0, r7
1000743e:	701f      	strb	r7, [r3, #0]
10007440:	f7ff fdfa 	bl	10007038 <dcd_init>
10007444:	2800      	cmp	r0, #0
10007446:	d0ef      	beq.n	10007428 <tud_rhport_init+0xa4>
10007448:	0038      	movs	r0, r7
1000744a:	f7ff fe3d 	bl	100070c8 <dcd_int_enable>
1000744e:	2001      	movs	r0, #1
10007450:	e7eb      	b.n	1000742a <tud_rhport_init+0xa6>
10007452:	46c0      	nop			@ (mov r8, r8)
10007454:	20001030 	.word	0x20001030
10007458:	20001670 	.word	0x20001670
1000745c:	20001668 	.word	0x20001668
10007460:	200224b6 	.word	0x200224b6
10007464:	200016c4 	.word	0x200016c4
10007468:	20001028 	.word	0x20001028
1000746c:	200016c8 	.word	0x200016c8
10007470:	200224b4 	.word	0x200224b4
10007474:	10006b55 	.word	0x10006b55
10007478:	200014c0 	.word	0x200014c0
1000747c:	1000998c 	.word	0x1000998c

10007480 <tud_task_ext>:
10007480:	b5f0      	push	{r4, r5, r6, r7, lr}
10007482:	46de      	mov	lr, fp
10007484:	4657      	mov	r7, sl
10007486:	464e      	mov	r6, r9
10007488:	4645      	mov	r5, r8
1000748a:	b5e0      	push	{r5, r6, r7, lr}
1000748c:	4bc8      	ldr	r3, [pc, #800]	@ (100077b0 <tud_task_ext+0x330>)
1000748e:	b091      	sub	sp, #68	@ 0x44
10007490:	9302      	str	r3, [sp, #8]
10007492:	781b      	ldrb	r3, [r3, #0]
10007494:	2bff      	cmp	r3, #255	@ 0xff
10007496:	d100      	bne.n	1000749a <tud_task_ext+0x1a>
10007498:	e13e      	b.n	10007718 <tud_task_ext+0x298>
1000749a:	4bc6      	ldr	r3, [pc, #792]	@ (100077b4 <tud_task_ext+0x334>)
1000749c:	4ec6      	ldr	r6, [pc, #792]	@ (100077b8 <tud_task_ext+0x338>)
1000749e:	469b      	mov	fp, r3
100074a0:	465f      	mov	r7, fp
100074a2:	4bc6      	ldr	r3, [pc, #792]	@ (100077bc <tud_task_ext+0x33c>)
100074a4:	ac0d      	add	r4, sp, #52	@ 0x34
100074a6:	9301      	str	r3, [sp, #4]
100074a8:	4bc5      	ldr	r3, [pc, #788]	@ (100077c0 <tud_task_ext+0x340>)
100074aa:	9300      	str	r3, [sp, #0]
100074ac:	6835      	ldr	r5, [r6, #0]
100074ae:	696a      	ldr	r2, [r5, #20]
100074b0:	f3ef 8110 	mrs	r1, PRIMASK
100074b4:	b672      	cpsid	i
100074b6:	6813      	ldr	r3, [r2, #0]
100074b8:	2b00      	cmp	r3, #0
100074ba:	d0fc      	beq.n	100074b6 <tud_task_ext+0x36>
100074bc:	f3bf 8f5f 	dmb	sy
100074c0:	61a9      	str	r1, [r5, #24]
100074c2:	0028      	movs	r0, r5
100074c4:	0021      	movs	r1, r4
100074c6:	f001 fbbd 	bl	10008c44 <tu_fifo_read>
100074ca:	696a      	ldr	r2, [r5, #20]
100074cc:	69ab      	ldr	r3, [r5, #24]
100074ce:	f3bf 8f5f 	dmb	sy
100074d2:	2100      	movs	r1, #0
100074d4:	6011      	str	r1, [r2, #0]
100074d6:	f383 8810 	msr	PRIMASK, r3
100074da:	2800      	cmp	r0, #0
100074dc:	d100      	bne.n	100074e0 <tud_task_ext+0x60>
100074de:	e11b      	b.n	10007718 <tud_task_ext+0x298>
100074e0:	7863      	ldrb	r3, [r4, #1]
100074e2:	2b08      	cmp	r3, #8
100074e4:	d8e2      	bhi.n	100074ac <tud_task_ext+0x2c>
100074e6:	009b      	lsls	r3, r3, #2
100074e8:	58fb      	ldr	r3, [r7, r3]
100074ea:	469f      	mov	pc, r3
100074ec:	6863      	ldr	r3, [r4, #4]
100074ee:	2b00      	cmp	r3, #0
100074f0:	d0dc      	beq.n	100074ac <tud_task_ext+0x2c>
100074f2:	68a0      	ldr	r0, [r4, #8]
100074f4:	4798      	blx	r3
100074f6:	e7d9      	b.n	100074ac <tud_task_ext+0x2c>
100074f8:	227f      	movs	r2, #127	@ 0x7f
100074fa:	7921      	ldrb	r1, [r4, #4]
100074fc:	4daf      	ldr	r5, [pc, #700]	@ (100077bc <tud_task_ext+0x33c>)
100074fe:	400a      	ands	r2, r1
10007500:	0053      	lsls	r3, r2, #1
10007502:	18eb      	adds	r3, r5, r3
10007504:	4698      	mov	r8, r3
10007506:	09c8      	lsrs	r0, r1, #7
10007508:	4480      	add	r8, r0
1000750a:	4640      	mov	r0, r8
1000750c:	2301      	movs	r3, #1
1000750e:	3030      	adds	r0, #48	@ 0x30
10007510:	7905      	ldrb	r5, [r0, #4]
10007512:	439d      	bics	r5, r3
10007514:	7105      	strb	r5, [r0, #4]
10007516:	7905      	ldrb	r5, [r0, #4]
10007518:	3303      	adds	r3, #3
1000751a:	439d      	bics	r5, r3
1000751c:	7105      	strb	r5, [r0, #4]
1000751e:	2a00      	cmp	r2, #0
10007520:	d100      	bne.n	10007524 <tud_task_ext+0xa4>
10007522:	e100      	b.n	10007726 <tud_task_ext+0x2a6>
10007524:	4643      	mov	r3, r8
10007526:	4aa7      	ldr	r2, [pc, #668]	@ (100077c4 <tud_task_ext+0x344>)
10007528:	7d1b      	ldrb	r3, [r3, #20]
1000752a:	7812      	ldrb	r2, [r2, #0]
1000752c:	4293      	cmp	r3, r2
1000752e:	d300      	bcc.n	10007532 <tud_task_ext+0xb2>
10007530:	e0ef      	b.n	10007712 <tud_task_ext+0x292>
10007532:	4aa5      	ldr	r2, [pc, #660]	@ (100077c8 <tud_task_ext+0x348>)
10007534:	015b      	lsls	r3, r3, #5
10007536:	6815      	ldr	r5, [r2, #0]
10007538:	18ed      	adds	r5, r5, r3
1000753a:	2d00      	cmp	r5, #0
1000753c:	d100      	bne.n	10007540 <tud_task_ext+0xc0>
1000753e:	e0eb      	b.n	10007718 <tud_task_ext+0x298>
10007540:	68a3      	ldr	r3, [r4, #8]
10007542:	7962      	ldrb	r2, [r4, #5]
10007544:	7820      	ldrb	r0, [r4, #0]
10007546:	69ad      	ldr	r5, [r5, #24]
10007548:	47a8      	blx	r5
1000754a:	e7af      	b.n	100074ac <tud_task_ext+0x2c>
1000754c:	4a9f      	ldr	r2, [pc, #636]	@ (100077cc <tud_task_ext+0x34c>)
1000754e:	7813      	ldrb	r3, [r2, #0]
10007550:	2b00      	cmp	r3, #0
10007552:	d100      	bne.n	10007556 <tud_task_ext+0xd6>
10007554:	e0e0      	b.n	10007718 <tud_task_ext+0x298>
10007556:	7813      	ldrb	r3, [r2, #0]
10007558:	3b01      	subs	r3, #1
1000755a:	b2db      	uxtb	r3, r3
1000755c:	7013      	strb	r3, [r2, #0]
1000755e:	7813      	ldrb	r3, [r2, #0]
10007560:	2b00      	cmp	r3, #0
10007562:	d1a3      	bne.n	100074ac <tud_task_ext+0x2c>
10007564:	2201      	movs	r2, #1
10007566:	4d95      	ldr	r5, [pc, #596]	@ (100077bc <tud_task_ext+0x33c>)
10007568:	2101      	movs	r1, #1
1000756a:	782b      	ldrb	r3, [r5, #0]
1000756c:	2004      	movs	r0, #4
1000756e:	4313      	orrs	r3, r2
10007570:	702b      	strb	r3, [r5, #0]
10007572:	2334      	movs	r3, #52	@ 0x34
10007574:	5cea      	ldrb	r2, [r5, r3]
10007576:	438a      	bics	r2, r1
10007578:	54ea      	strb	r2, [r5, r3]
1000757a:	5cea      	ldrb	r2, [r5, r3]
1000757c:	4382      	bics	r2, r0
1000757e:	54ea      	strb	r2, [r5, r3]
10007580:	3301      	adds	r3, #1
10007582:	5cea      	ldrb	r2, [r5, r3]
10007584:	438a      	bics	r2, r1
10007586:	54ea      	strb	r2, [r5, r3]
10007588:	5cea      	ldrb	r2, [r5, r3]
1000758a:	4382      	bics	r2, r0
1000758c:	54ea      	strb	r2, [r5, r3]
1000758e:	7823      	ldrb	r3, [r4, #0]
10007590:	2000      	movs	r0, #0
10007592:	469b      	mov	fp, r3
10007594:	f000 fca0 	bl	10007ed8 <usbd_control_set_complete_callback>
10007598:	2260      	movs	r2, #96	@ 0x60
1000759a:	7923      	ldrb	r3, [r4, #4]
1000759c:	401a      	ands	r2, r3
1000759e:	2a60      	cmp	r2, #96	@ 0x60
100075a0:	d100      	bne.n	100075a4 <tud_task_ext+0x124>
100075a2:	e0ef      	b.n	10007784 <tud_task_ext+0x304>
100075a4:	2a40      	cmp	r2, #64	@ 0x40
100075a6:	d100      	bne.n	100075aa <tud_task_ext+0x12a>
100075a8:	e0f5      	b.n	10007796 <tud_task_ext+0x316>
100075aa:	06db      	lsls	r3, r3, #27
100075ac:	0edb      	lsrs	r3, r3, #27
100075ae:	2b01      	cmp	r3, #1
100075b0:	d100      	bne.n	100075b4 <tud_task_ext+0x134>
100075b2:	e113      	b.n	100077dc <tud_task_ext+0x35c>
100075b4:	2b02      	cmp	r3, #2
100075b6:	d100      	bne.n	100075ba <tud_task_ext+0x13a>
100075b8:	e0c7      	b.n	1000774a <tud_task_ext+0x2ca>
100075ba:	2b00      	cmp	r3, #0
100075bc:	d000      	beq.n	100075c0 <tud_task_ext+0x140>
100075be:	e0e1      	b.n	10007784 <tud_task_ext+0x304>
100075c0:	2a20      	cmp	r2, #32
100075c2:	d100      	bne.n	100075c6 <tud_task_ext+0x146>
100075c4:	e21c      	b.n	10007a00 <tud_task_ext+0x580>
100075c6:	2a00      	cmp	r2, #0
100075c8:	d000      	beq.n	100075cc <tud_task_ext+0x14c>
100075ca:	e0db      	b.n	10007784 <tud_task_ext+0x304>
100075cc:	7963      	ldrb	r3, [r4, #5]
100075ce:	2b09      	cmp	r3, #9
100075d0:	d900      	bls.n	100075d4 <tud_task_ext+0x154>
100075d2:	e0d7      	b.n	10007784 <tud_task_ext+0x304>
100075d4:	4a7e      	ldr	r2, [pc, #504]	@ (100077d0 <tud_task_ext+0x350>)
100075d6:	009b      	lsls	r3, r3, #2
100075d8:	58d3      	ldr	r3, [r2, r3]
100075da:	469f      	mov	pc, r3
100075dc:	4d77      	ldr	r5, [pc, #476]	@ (100077bc <tud_task_ext+0x33c>)
100075de:	782b      	ldrb	r3, [r5, #0]
100075e0:	07db      	lsls	r3, r3, #31
100075e2:	d400      	bmi.n	100075e6 <tud_task_ext+0x166>
100075e4:	e762      	b.n	100074ac <tud_task_ext+0x2c>
100075e6:	f7ff febb 	bl	10007360 <tud_resume_cb>
100075ea:	e75f      	b.n	100074ac <tud_task_ext+0x2c>
100075ec:	9b01      	ldr	r3, [sp, #4]
100075ee:	78db      	ldrb	r3, [r3, #3]
100075f0:	07db      	lsls	r3, r3, #31
100075f2:	d400      	bmi.n	100075f6 <tud_task_ext+0x176>
100075f4:	e75a      	b.n	100074ac <tud_task_ext+0x2c>
100075f6:	6860      	ldr	r0, [r4, #4]
100075f8:	f7ff fea6 	bl	10007348 <tud_sof_cb>
100075fc:	e756      	b.n	100074ac <tud_task_ext+0x2c>
100075fe:	4d6f      	ldr	r5, [pc, #444]	@ (100077bc <tud_task_ext+0x33c>)
10007600:	782b      	ldrb	r3, [r5, #0]
10007602:	07db      	lsls	r3, r3, #31
10007604:	d400      	bmi.n	10007608 <tud_task_ext+0x188>
10007606:	e751      	b.n	100074ac <tud_task_ext+0x2c>
10007608:	7828      	ldrb	r0, [r5, #0]
1000760a:	0700      	lsls	r0, r0, #28
1000760c:	0fc0      	lsrs	r0, r0, #31
1000760e:	f7ff fea5 	bl	1000735c <tud_suspend_cb>
10007612:	e74b      	b.n	100074ac <tud_task_ext+0x2c>
10007614:	7823      	ldrb	r3, [r4, #0]
10007616:	496a      	ldr	r1, [pc, #424]	@ (100077c0 <tud_task_ext+0x340>)
10007618:	4699      	mov	r9, r3
1000761a:	468b      	mov	fp, r1
1000761c:	4b69      	ldr	r3, [pc, #420]	@ (100077c4 <tud_task_ext+0x344>)
1000761e:	496a      	ldr	r1, [pc, #424]	@ (100077c8 <tud_task_ext+0x348>)
10007620:	4698      	mov	r8, r3
10007622:	468a      	mov	sl, r1
10007624:	0039      	movs	r1, r7
10007626:	781a      	ldrb	r2, [r3, #0]
10007628:	4647      	mov	r7, r8
1000762a:	2300      	movs	r3, #0
1000762c:	46b0      	mov	r8, r6
1000762e:	2500      	movs	r5, #0
10007630:	464e      	mov	r6, r9
10007632:	4689      	mov	r9, r1
10007634:	e010      	b.n	10007658 <tud_task_ext+0x1d8>
10007636:	4653      	mov	r3, sl
10007638:	681b      	ldr	r3, [r3, #0]
1000763a:	016a      	lsls	r2, r5, #5
1000763c:	189b      	adds	r3, r3, r2
1000763e:	2b00      	cmp	r3, #0
10007640:	d100      	bne.n	10007644 <tud_task_ext+0x1c4>
10007642:	e076      	b.n	10007732 <tud_task_ext+0x2b2>
10007644:	68db      	ldr	r3, [r3, #12]
10007646:	0030      	movs	r0, r6
10007648:	4798      	blx	r3
1000764a:	783a      	ldrb	r2, [r7, #0]
1000764c:	3501      	adds	r5, #1
1000764e:	b2ed      	uxtb	r5, r5
10007650:	1c51      	adds	r1, r2, #1
10007652:	002b      	movs	r3, r5
10007654:	428d      	cmp	r5, r1
10007656:	dc44      	bgt.n	100076e2 <tud_task_ext+0x262>
10007658:	4295      	cmp	r5, r2
1000765a:	d3ec      	bcc.n	10007636 <tud_task_ext+0x1b6>
1000765c:	1a9b      	subs	r3, r3, r2
1000765e:	015b      	lsls	r3, r3, #5
10007660:	445b      	add	r3, fp
10007662:	e7ef      	b.n	10007644 <tud_task_ext+0x1c4>
10007664:	7823      	ldrb	r3, [r4, #0]
10007666:	4958      	ldr	r1, [pc, #352]	@ (100077c8 <tud_task_ext+0x348>)
10007668:	4699      	mov	r9, r3
1000766a:	4b56      	ldr	r3, [pc, #344]	@ (100077c4 <tud_task_ext+0x344>)
1000766c:	468a      	mov	sl, r1
1000766e:	4698      	mov	r8, r3
10007670:	0031      	movs	r1, r6
10007672:	46bb      	mov	fp, r7
10007674:	464e      	mov	r6, r9
10007676:	781a      	ldrb	r2, [r3, #0]
10007678:	2500      	movs	r5, #0
1000767a:	2300      	movs	r3, #0
1000767c:	4647      	mov	r7, r8
1000767e:	4689      	mov	r9, r1
10007680:	e00f      	b.n	100076a2 <tud_task_ext+0x222>
10007682:	4653      	mov	r3, sl
10007684:	681b      	ldr	r3, [r3, #0]
10007686:	016a      	lsls	r2, r5, #5
10007688:	189b      	adds	r3, r3, r2
1000768a:	2b00      	cmp	r3, #0
1000768c:	d055      	beq.n	1000773a <tud_task_ext+0x2ba>
1000768e:	68db      	ldr	r3, [r3, #12]
10007690:	0030      	movs	r0, r6
10007692:	4798      	blx	r3
10007694:	783a      	ldrb	r2, [r7, #0]
10007696:	3501      	adds	r5, #1
10007698:	b2ed      	uxtb	r5, r5
1000769a:	1c51      	adds	r1, r2, #1
1000769c:	002b      	movs	r3, r5
1000769e:	428d      	cmp	r5, r1
100076a0:	dc07      	bgt.n	100076b2 <tud_task_ext+0x232>
100076a2:	4295      	cmp	r5, r2
100076a4:	d3ed      	bcc.n	10007682 <tud_task_ext+0x202>
100076a6:	1a9b      	subs	r3, r3, r2
100076a8:	9a00      	ldr	r2, [sp, #0]
100076aa:	015b      	lsls	r3, r3, #5
100076ac:	4694      	mov	ip, r2
100076ae:	4463      	add	r3, ip
100076b0:	e7ed      	b.n	1000768e <tud_task_ext+0x20e>
100076b2:	9d01      	ldr	r5, [sp, #4]
100076b4:	2254      	movs	r2, #84	@ 0x54
100076b6:	2100      	movs	r1, #0
100076b8:	0028      	movs	r0, r5
100076ba:	f7fa ff73 	bl	100025a4 <__wrap_memset>
100076be:	2210      	movs	r2, #16
100076c0:	21ff      	movs	r1, #255	@ 0xff
100076c2:	4844      	ldr	r0, [pc, #272]	@ (100077d4 <tud_task_ext+0x354>)
100076c4:	f7fa ff6e 	bl	100025a4 <__wrap_memset>
100076c8:	0028      	movs	r0, r5
100076ca:	2220      	movs	r2, #32
100076cc:	21ff      	movs	r1, #255	@ 0xff
100076ce:	3014      	adds	r0, #20
100076d0:	464e      	mov	r6, r9
100076d2:	465f      	mov	r7, fp
100076d4:	f7fa ff66 	bl	100025a4 <__wrap_memset>
100076d8:	f000 fbf4 	bl	10007ec4 <usbd_control_reset>
100076dc:	f7ff fe3c 	bl	10007358 <tud_umount_cb>
100076e0:	e6e4      	b.n	100074ac <tud_task_ext+0x2c>
100076e2:	4d36      	ldr	r5, [pc, #216]	@ (100077bc <tud_task_ext+0x33c>)
100076e4:	2254      	movs	r2, #84	@ 0x54
100076e6:	2100      	movs	r1, #0
100076e8:	0028      	movs	r0, r5
100076ea:	f7fa ff5b 	bl	100025a4 <__wrap_memset>
100076ee:	2210      	movs	r2, #16
100076f0:	21ff      	movs	r1, #255	@ 0xff
100076f2:	1d28      	adds	r0, r5, #4
100076f4:	f7fa ff56 	bl	100025a4 <__wrap_memset>
100076f8:	0028      	movs	r0, r5
100076fa:	2220      	movs	r2, #32
100076fc:	21ff      	movs	r1, #255	@ 0xff
100076fe:	3014      	adds	r0, #20
10007700:	4646      	mov	r6, r8
10007702:	464f      	mov	r7, r9
10007704:	f7fa ff4e 	bl	100025a4 <__wrap_memset>
10007708:	f000 fbdc 	bl	10007ec4 <usbd_control_reset>
1000770c:	7923      	ldrb	r3, [r4, #4]
1000770e:	70ab      	strb	r3, [r5, #2]
10007710:	e6cc      	b.n	100074ac <tud_task_ext+0x2c>
10007712:	1c50      	adds	r0, r2, #1
10007714:	4298      	cmp	r0, r3
10007716:	da13      	bge.n	10007740 <tud_task_ext+0x2c0>
10007718:	b011      	add	sp, #68	@ 0x44
1000771a:	bcf0      	pop	{r4, r5, r6, r7}
1000771c:	46bb      	mov	fp, r7
1000771e:	46b2      	mov	sl, r6
10007720:	46a9      	mov	r9, r5
10007722:	46a0      	mov	r8, r4
10007724:	bdf0      	pop	{r4, r5, r6, r7, pc}
10007726:	68a3      	ldr	r3, [r4, #8]
10007728:	7962      	ldrb	r2, [r4, #5]
1000772a:	7820      	ldrb	r0, [r4, #0]
1000772c:	f000 fbe8 	bl	10007f00 <usbd_control_xfer_cb>
10007730:	e6bc      	b.n	100074ac <tud_task_ext+0x2c>
10007732:	4646      	mov	r6, r8
10007734:	464f      	mov	r7, r9
10007736:	4d21      	ldr	r5, [pc, #132]	@ (100077bc <tud_task_ext+0x33c>)
10007738:	e7e6      	b.n	10007708 <tud_task_ext+0x288>
1000773a:	464e      	mov	r6, r9
1000773c:	465f      	mov	r7, fp
1000773e:	e7cb      	b.n	100076d8 <tud_task_ext+0x258>
10007740:	4d1f      	ldr	r5, [pc, #124]	@ (100077c0 <tud_task_ext+0x340>)
10007742:	1a9b      	subs	r3, r3, r2
10007744:	015b      	lsls	r3, r3, #5
10007746:	195d      	adds	r5, r3, r5
10007748:	e6fa      	b.n	10007540 <tud_task_ext+0xc0>
1000774a:	2370      	movs	r3, #112	@ 0x70
1000774c:	7a21      	ldrb	r1, [r4, #8]
1000774e:	420b      	tst	r3, r1
10007750:	d118      	bne.n	10007784 <tud_task_ext+0x304>
10007752:	09c8      	lsrs	r0, r1, #7
10007754:	4682      	mov	sl, r0
10007756:	330f      	adds	r3, #15
10007758:	400b      	ands	r3, r1
1000775a:	005b      	lsls	r3, r3, #1
1000775c:	4698      	mov	r8, r3
1000775e:	4819      	ldr	r0, [pc, #100]	@ (100077c4 <tud_task_ext+0x344>)
10007760:	18eb      	adds	r3, r5, r3
10007762:	4453      	add	r3, sl
10007764:	7d1b      	ldrb	r3, [r3, #20]
10007766:	7800      	ldrb	r0, [r0, #0]
10007768:	4699      	mov	r9, r3
1000776a:	4283      	cmp	r3, r0
1000776c:	d266      	bcs.n	1000783c <tud_task_ext+0x3bc>
1000776e:	4816      	ldr	r0, [pc, #88]	@ (100077c8 <tud_task_ext+0x348>)
10007770:	015b      	lsls	r3, r3, #5
10007772:	6800      	ldr	r0, [r0, #0]
10007774:	4681      	mov	r9, r0
10007776:	4499      	add	r9, r3
10007778:	2a00      	cmp	r2, #0
1000777a:	d100      	bne.n	1000777e <tud_task_ext+0x2fe>
1000777c:	e15f      	b.n	10007a3e <tud_task_ext+0x5be>
1000777e:	464b      	mov	r3, r9
10007780:	2b00      	cmp	r3, #0
10007782:	d168      	bne.n	10007856 <tud_task_ext+0x3d6>
10007784:	7820      	ldrb	r0, [r4, #0]
10007786:	2100      	movs	r1, #0
10007788:	f7ff fd6a 	bl	10007260 <dcd_edpt_stall>
1000778c:	2180      	movs	r1, #128	@ 0x80
1000778e:	7820      	ldrb	r0, [r4, #0]
10007790:	f7ff fd66 	bl	10007260 <dcd_edpt_stall>
10007794:	e68a      	b.n	100074ac <tud_task_ext+0x2c>
10007796:	4810      	ldr	r0, [pc, #64]	@ (100077d8 <tud_task_ext+0x358>)
10007798:	f000 fb9e 	bl	10007ed8 <usbd_control_set_complete_callback>
1000779c:	2101      	movs	r1, #1
1000779e:	4658      	mov	r0, fp
100077a0:	aa0e      	add	r2, sp, #56	@ 0x38
100077a2:	f7ff f9bd 	bl	10006b20 <tud_vendor_control_xfer_cb>
100077a6:	2800      	cmp	r0, #0
100077a8:	d000      	beq.n	100077ac <tud_task_ext+0x32c>
100077aa:	e67f      	b.n	100074ac <tud_task_ext+0x2c>
100077ac:	e7ea      	b.n	10007784 <tud_task_ext+0x304>
100077ae:	46c0      	nop			@ (mov r8, r8)
100077b0:	20001030 	.word	0x20001030
100077b4:	100098e4 	.word	0x100098e4
100077b8:	200016c8 	.word	0x200016c8
100077bc:	20001670 	.word	0x20001670
100077c0:	1000998c 	.word	0x1000998c
100077c4:	200224b4 	.word	0x200224b4
100077c8:	200014c0 	.word	0x200014c0
100077cc:	200224b6 	.word	0x200224b6
100077d0:	10009908 	.word	0x10009908
100077d4:	20001674 	.word	0x20001674
100077d8:	10006b21 	.word	0x10006b21
100077dc:	7a23      	ldrb	r3, [r4, #8]
100077de:	2b0f      	cmp	r3, #15
100077e0:	d8d0      	bhi.n	10007784 <tud_task_ext+0x304>
100077e2:	4acf      	ldr	r2, [pc, #828]	@ (10007b20 <tud_task_ext+0x6a0>)
100077e4:	18eb      	adds	r3, r5, r3
100077e6:	791b      	ldrb	r3, [r3, #4]
100077e8:	7815      	ldrb	r5, [r2, #0]
100077ea:	42ab      	cmp	r3, r5
100077ec:	d33e      	bcc.n	1000786c <tud_task_ext+0x3ec>
100077ee:	1c69      	adds	r1, r5, #1
100077f0:	4299      	cmp	r1, r3
100077f2:	dbc7      	blt.n	10007784 <tud_task_ext+0x304>
100077f4:	1b5d      	subs	r5, r3, r5
100077f6:	4bcb      	ldr	r3, [pc, #812]	@ (10007b24 <tud_task_ext+0x6a4>)
100077f8:	016d      	lsls	r5, r5, #5
100077fa:	18ed      	adds	r5, r5, r3
100077fc:	6968      	ldr	r0, [r5, #20]
100077fe:	f000 fb6b 	bl	10007ed8 <usbd_control_set_complete_callback>
10007802:	2101      	movs	r1, #1
10007804:	4658      	mov	r0, fp
10007806:	696b      	ldr	r3, [r5, #20]
10007808:	aa0e      	add	r2, sp, #56	@ 0x38
1000780a:	4798      	blx	r3
1000780c:	2800      	cmp	r0, #0
1000780e:	d000      	beq.n	10007812 <tud_task_ext+0x392>
10007810:	e64c      	b.n	100074ac <tud_task_ext+0x2c>
10007812:	2260      	movs	r2, #96	@ 0x60
10007814:	0015      	movs	r5, r2
10007816:	7923      	ldrb	r3, [r4, #4]
10007818:	401d      	ands	r5, r3
1000781a:	421a      	tst	r2, r3
1000781c:	d1b2      	bne.n	10007784 <tud_task_ext+0x304>
1000781e:	7963      	ldrb	r3, [r4, #5]
10007820:	3b0a      	subs	r3, #10
10007822:	2b01      	cmp	r3, #1
10007824:	d8ae      	bhi.n	10007784 <tud_task_ext+0x304>
10007826:	f000 fb57 	bl	10007ed8 <usbd_control_set_complete_callback>
1000782a:	7963      	ldrb	r3, [r4, #5]
1000782c:	2b0a      	cmp	r3, #10
1000782e:	d100      	bne.n	10007832 <tud_task_ext+0x3b2>
10007830:	e199      	b.n	10007b66 <tud_task_ext+0x6e6>
10007832:	4658      	mov	r0, fp
10007834:	a90e      	add	r1, sp, #56	@ 0x38
10007836:	f000 fad9 	bl	10007dec <tud_control_status>
1000783a:	e637      	b.n	100074ac <tud_task_ext+0x2c>
1000783c:	1c43      	adds	r3, r0, #1
1000783e:	454b      	cmp	r3, r9
10007840:	da00      	bge.n	10007844 <tud_task_ext+0x3c4>
10007842:	e0f7      	b.n	10007a34 <tud_task_ext+0x5b4>
10007844:	464b      	mov	r3, r9
10007846:	1a1b      	subs	r3, r3, r0
10007848:	015b      	lsls	r3, r3, #5
1000784a:	4699      	mov	r9, r3
1000784c:	48b5      	ldr	r0, [pc, #724]	@ (10007b24 <tud_task_ext+0x6a4>)
1000784e:	4481      	add	r9, r0
10007850:	2a00      	cmp	r2, #0
10007852:	d100      	bne.n	10007856 <tud_task_ext+0x3d6>
10007854:	e0f3      	b.n	10007a3e <tud_task_ext+0x5be>
10007856:	464b      	mov	r3, r9
10007858:	6958      	ldr	r0, [r3, #20]
1000785a:	f000 fb3d 	bl	10007ed8 <usbd_control_set_complete_callback>
1000785e:	464b      	mov	r3, r9
10007860:	2101      	movs	r1, #1
10007862:	4658      	mov	r0, fp
10007864:	695b      	ldr	r3, [r3, #20]
10007866:	aa0e      	add	r2, sp, #56	@ 0x38
10007868:	4798      	blx	r3
1000786a:	e79c      	b.n	100077a6 <tud_task_ext+0x326>
1000786c:	4aae      	ldr	r2, [pc, #696]	@ (10007b28 <tud_task_ext+0x6a8>)
1000786e:	015b      	lsls	r3, r3, #5
10007870:	6815      	ldr	r5, [r2, #0]
10007872:	18ed      	adds	r5, r5, r3
10007874:	2d00      	cmp	r5, #0
10007876:	d1c1      	bne.n	100077fc <tud_task_ext+0x37c>
10007878:	e784      	b.n	10007784 <tud_task_ext+0x304>
1000787a:	79a3      	ldrb	r3, [r4, #6]
1000787c:	4699      	mov	r9, r3
1000787e:	786b      	ldrb	r3, [r5, #1]
10007880:	4599      	cmp	r9, r3
10007882:	d0d6      	beq.n	10007832 <tud_task_ext+0x3b2>
10007884:	786b      	ldrb	r3, [r5, #1]
10007886:	2b00      	cmp	r3, #0
10007888:	d000      	beq.n	1000788c <tud_task_ext+0x40c>
1000788a:	e133      	b.n	10007af4 <tud_task_ext+0x674>
1000788c:	464b      	mov	r3, r9
1000788e:	706b      	strb	r3, [r5, #1]
10007890:	2b00      	cmp	r3, #0
10007892:	d100      	bne.n	10007896 <tud_task_ext+0x416>
10007894:	e12b      	b.n	10007aee <tud_task_ext+0x66e>
10007896:	4648      	mov	r0, r9
10007898:	3801      	subs	r0, #1
1000789a:	b2c0      	uxtb	r0, r0
1000789c:	f7ff fb8c 	bl	10006fb8 <tud_descriptor_configuration_cb>
100078a0:	2800      	cmp	r0, #0
100078a2:	d100      	bne.n	100078a6 <tud_task_ext+0x426>
100078a4:	e17e      	b.n	10007ba4 <tud_task_ext+0x724>
100078a6:	7843      	ldrb	r3, [r0, #1]
100078a8:	9307      	str	r3, [sp, #28]
100078aa:	2b02      	cmp	r3, #2
100078ac:	d000      	beq.n	100078b0 <tud_task_ext+0x430>
100078ae:	e179      	b.n	10007ba4 <tud_task_ext+0x724>
100078b0:	2201      	movs	r2, #1
100078b2:	79c1      	ldrb	r1, [r0, #7]
100078b4:	46b1      	mov	r9, r6
100078b6:	118b      	asrs	r3, r1, #6
100078b8:	1149      	asrs	r1, r1, #5
100078ba:	4013      	ands	r3, r2
100078bc:	400a      	ands	r2, r1
100078be:	2130      	movs	r1, #48	@ 0x30
100078c0:	0112      	lsls	r2, r2, #4
100078c2:	015b      	lsls	r3, r3, #5
100078c4:	4313      	orrs	r3, r2
100078c6:	782a      	ldrb	r2, [r5, #0]
100078c8:	46a8      	mov	r8, r5
100078ca:	438a      	bics	r2, r1
100078cc:	4313      	orrs	r3, r2
100078ce:	702b      	strb	r3, [r5, #0]
100078d0:	2309      	movs	r3, #9
100078d2:	469a      	mov	sl, r3
100078d4:	4482      	add	sl, r0
100078d6:	4656      	mov	r6, sl
100078d8:	46ba      	mov	sl, r7
100078da:	78c3      	ldrb	r3, [r0, #3]
100078dc:	7882      	ldrb	r2, [r0, #2]
100078de:	021b      	lsls	r3, r3, #8
100078e0:	4313      	orrs	r3, r2
100078e2:	18c3      	adds	r3, r0, r3
100078e4:	9305      	str	r3, [sp, #20]
100078e6:	4b8e      	ldr	r3, [pc, #568]	@ (10007b20 <tud_task_ext+0x6a0>)
100078e8:	9304      	str	r3, [sp, #16]
100078ea:	4b8e      	ldr	r3, [pc, #568]	@ (10007b24 <tud_task_ext+0x6a4>)
100078ec:	9308      	str	r3, [sp, #32]
100078ee:	4b8e      	ldr	r3, [pc, #568]	@ (10007b28 <tud_task_ext+0x6a8>)
100078f0:	9309      	str	r3, [sp, #36]	@ 0x24
100078f2:	4b8e      	ldr	r3, [pc, #568]	@ (10007b2c <tud_task_ext+0x6ac>)
100078f4:	930a      	str	r3, [sp, #40]	@ 0x28
100078f6:	9b05      	ldr	r3, [sp, #20]
100078f8:	42b3      	cmp	r3, r6
100078fa:	d800      	bhi.n	100078fe <tud_task_ext+0x47e>
100078fc:	e155      	b.n	10007baa <tud_task_ext+0x72a>
100078fe:	7873      	ldrb	r3, [r6, #1]
10007900:	2201      	movs	r2, #1
10007902:	2b0b      	cmp	r3, #11
10007904:	d103      	bne.n	1000790e <tud_task_ext+0x48e>
10007906:	7833      	ldrb	r3, [r6, #0]
10007908:	78f2      	ldrb	r2, [r6, #3]
1000790a:	18f6      	adds	r6, r6, r3
1000790c:	7873      	ldrb	r3, [r6, #1]
1000790e:	2b04      	cmp	r3, #4
10007910:	d000      	beq.n	10007914 <tud_task_ext+0x494>
10007912:	e144      	b.n	10007b9e <tud_task_ext+0x71e>
10007914:	9b05      	ldr	r3, [sp, #20]
10007916:	2700      	movs	r7, #0
10007918:	1b9b      	subs	r3, r3, r6
1000791a:	b29b      	uxth	r3, r3
1000791c:	9306      	str	r3, [sp, #24]
1000791e:	9b04      	ldr	r3, [sp, #16]
10007920:	920b      	str	r2, [sp, #44]	@ 0x2c
10007922:	781d      	ldrb	r5, [r3, #0]
10007924:	2300      	movs	r3, #0
10007926:	9303      	str	r3, [sp, #12]
10007928:	e01b      	b.n	10007962 <tud_task_ext+0x4e2>
1000792a:	9a09      	ldr	r2, [sp, #36]	@ 0x24
1000792c:	017b      	lsls	r3, r7, #5
1000792e:	6815      	ldr	r5, [r2, #0]
10007930:	18ed      	adds	r5, r5, r3
10007932:	2d00      	cmp	r5, #0
10007934:	d100      	bne.n	10007938 <tud_task_ext+0x4b8>
10007936:	e132      	b.n	10007b9e <tud_task_ext+0x71e>
10007938:	0031      	movs	r1, r6
1000793a:	4658      	mov	r0, fp
1000793c:	692b      	ldr	r3, [r5, #16]
1000793e:	9a06      	ldr	r2, [sp, #24]
10007940:	4798      	blx	r3
10007942:	4684      	mov	ip, r0
10007944:	2808      	cmp	r0, #8
10007946:	d903      	bls.n	10007950 <tud_task_ext+0x4d0>
10007948:	9a06      	ldr	r2, [sp, #24]
1000794a:	4282      	cmp	r2, r0
1000794c:	d300      	bcc.n	10007950 <tud_task_ext+0x4d0>
1000794e:	e113      	b.n	10007b78 <tud_task_ext+0x6f8>
10007950:	9b04      	ldr	r3, [sp, #16]
10007952:	3701      	adds	r7, #1
10007954:	781d      	ldrb	r5, [r3, #0]
10007956:	b2ff      	uxtb	r7, r7
10007958:	1c6b      	adds	r3, r5, #1
1000795a:	9703      	str	r7, [sp, #12]
1000795c:	429f      	cmp	r7, r3
1000795e:	dd00      	ble.n	10007962 <tud_task_ext+0x4e2>
10007960:	e11d      	b.n	10007b9e <tud_task_ext+0x71e>
10007962:	42bd      	cmp	r5, r7
10007964:	d8e1      	bhi.n	1000792a <tud_task_ext+0x4aa>
10007966:	9b03      	ldr	r3, [sp, #12]
10007968:	1b5d      	subs	r5, r3, r5
1000796a:	9b08      	ldr	r3, [sp, #32]
1000796c:	016d      	lsls	r5, r5, #5
1000796e:	469c      	mov	ip, r3
10007970:	4465      	add	r5, ip
10007972:	e7e1      	b.n	10007938 <tud_task_ext+0x4b8>
10007974:	786b      	ldrb	r3, [r5, #1]
10007976:	aa0c      	add	r2, sp, #48	@ 0x30
10007978:	3202      	adds	r2, #2
1000797a:	7013      	strb	r3, [r2, #0]
1000797c:	4658      	mov	r0, fp
1000797e:	2301      	movs	r3, #1
10007980:	a90e      	add	r1, sp, #56	@ 0x38
10007982:	f000 fa49 	bl	10007e18 <tud_control_xfer>
10007986:	e591      	b.n	100074ac <tud_task_ext+0x2c>
10007988:	88e3      	ldrh	r3, [r4, #6]
1000798a:	0a1a      	lsrs	r2, r3, #8
1000798c:	b2d8      	uxtb	r0, r3
1000798e:	2a0f      	cmp	r2, #15
10007990:	d900      	bls.n	10007994 <tud_task_ext+0x514>
10007992:	e6f7      	b.n	10007784 <tud_task_ext+0x304>
10007994:	4966      	ldr	r1, [pc, #408]	@ (10007b30 <tud_task_ext+0x6b0>)
10007996:	0093      	lsls	r3, r2, #2
10007998:	58cb      	ldr	r3, [r1, r3]
1000799a:	469f      	mov	pc, r3
1000799c:	a80e      	add	r0, sp, #56	@ 0x38
1000799e:	f000 faa1 	bl	10007ee4 <usbd_control_set_request>
100079a2:	4658      	mov	r0, fp
100079a4:	79a1      	ldrb	r1, [r4, #6]
100079a6:	f7ff fb95 	bl	100070d4 <dcd_set_address>
100079aa:	2202      	movs	r2, #2
100079ac:	782b      	ldrb	r3, [r5, #0]
100079ae:	4313      	orrs	r3, r2
100079b0:	702b      	strb	r3, [r5, #0]
100079b2:	e57b      	b.n	100074ac <tud_task_ext+0x2c>
100079b4:	88e3      	ldrh	r3, [r4, #6]
100079b6:	2b01      	cmp	r3, #1
100079b8:	d000      	beq.n	100079bc <tud_task_ext+0x53c>
100079ba:	e6e3      	b.n	10007784 <tud_task_ext+0x304>
100079bc:	2208      	movs	r2, #8
100079be:	782b      	ldrb	r3, [r5, #0]
100079c0:	4658      	mov	r0, fp
100079c2:	4393      	bics	r3, r2
100079c4:	a90e      	add	r1, sp, #56	@ 0x38
100079c6:	702b      	strb	r3, [r5, #0]
100079c8:	f000 fa10 	bl	10007dec <tud_control_status>
100079cc:	e56e      	b.n	100074ac <tud_task_ext+0x2c>
100079ce:	2002      	movs	r0, #2
100079d0:	7829      	ldrb	r1, [r5, #0]
100079d2:	ab0c      	add	r3, sp, #48	@ 0x30
100079d4:	1c9a      	adds	r2, r3, #2
100079d6:	068b      	lsls	r3, r1, #26
100079d8:	0889      	lsrs	r1, r1, #2
100079da:	0fdb      	lsrs	r3, r3, #31
100079dc:	4001      	ands	r1, r0
100079de:	430b      	orrs	r3, r1
100079e0:	8013      	strh	r3, [r2, #0]
100079e2:	4658      	mov	r0, fp
100079e4:	2302      	movs	r3, #2
100079e6:	a90e      	add	r1, sp, #56	@ 0x38
100079e8:	f000 fa16 	bl	10007e18 <tud_control_xfer>
100079ec:	e55e      	b.n	100074ac <tud_task_ext+0x2c>
100079ee:	88e3      	ldrh	r3, [r4, #6]
100079f0:	2b01      	cmp	r3, #1
100079f2:	d000      	beq.n	100079f6 <tud_task_ext+0x576>
100079f4:	e6c6      	b.n	10007784 <tud_task_ext+0x304>
100079f6:	2208      	movs	r2, #8
100079f8:	782b      	ldrb	r3, [r5, #0]
100079fa:	4313      	orrs	r3, r2
100079fc:	702b      	strb	r3, [r5, #0]
100079fe:	e718      	b.n	10007832 <tud_task_ext+0x3b2>
10007a00:	7a23      	ldrb	r3, [r4, #8]
10007a02:	2b0f      	cmp	r3, #15
10007a04:	d900      	bls.n	10007a08 <tud_task_ext+0x588>
10007a06:	e6bd      	b.n	10007784 <tud_task_ext+0x304>
10007a08:	18eb      	adds	r3, r5, r3
10007a0a:	791d      	ldrb	r5, [r3, #4]
10007a0c:	4b44      	ldr	r3, [pc, #272]	@ (10007b20 <tud_task_ext+0x6a0>)
10007a0e:	781b      	ldrb	r3, [r3, #0]
10007a10:	429d      	cmp	r5, r3
10007a12:	d228      	bcs.n	10007a66 <tud_task_ext+0x5e6>
10007a14:	4b44      	ldr	r3, [pc, #272]	@ (10007b28 <tud_task_ext+0x6a8>)
10007a16:	016d      	lsls	r5, r5, #5
10007a18:	681b      	ldr	r3, [r3, #0]
10007a1a:	195d      	adds	r5, r3, r5
10007a1c:	2d00      	cmp	r5, #0
10007a1e:	d100      	bne.n	10007a22 <tud_task_ext+0x5a2>
10007a20:	e6b0      	b.n	10007784 <tud_task_ext+0x304>
10007a22:	6968      	ldr	r0, [r5, #20]
10007a24:	f000 fa58 	bl	10007ed8 <usbd_control_set_complete_callback>
10007a28:	2101      	movs	r1, #1
10007a2a:	4658      	mov	r0, fp
10007a2c:	696b      	ldr	r3, [r5, #20]
10007a2e:	aa0e      	add	r2, sp, #56	@ 0x38
10007a30:	4798      	blx	r3
10007a32:	e6b8      	b.n	100077a6 <tud_task_ext+0x326>
10007a34:	2a00      	cmp	r2, #0
10007a36:	d000      	beq.n	10007a3a <tud_task_ext+0x5ba>
10007a38:	e6a4      	b.n	10007784 <tud_task_ext+0x304>
10007a3a:	2300      	movs	r3, #0
10007a3c:	4699      	mov	r9, r3
10007a3e:	7962      	ldrb	r2, [r4, #5]
10007a40:	2002      	movs	r0, #2
10007a42:	0013      	movs	r3, r2
10007a44:	9203      	str	r2, [sp, #12]
10007a46:	4383      	bics	r3, r0
10007a48:	2b01      	cmp	r3, #1
10007a4a:	d015      	beq.n	10007a78 <tud_task_ext+0x5f8>
10007a4c:	2a00      	cmp	r2, #0
10007a4e:	d000      	beq.n	10007a52 <tud_task_ext+0x5d2>
10007a50:	e698      	b.n	10007784 <tud_task_ext+0x304>
10007a52:	002b      	movs	r3, r5
10007a54:	4443      	add	r3, r8
10007a56:	4453      	add	r3, sl
10007a58:	3330      	adds	r3, #48	@ 0x30
10007a5a:	791b      	ldrb	r3, [r3, #4]
10007a5c:	aa0c      	add	r2, sp, #48	@ 0x30
10007a5e:	079b      	lsls	r3, r3, #30
10007a60:	0fdb      	lsrs	r3, r3, #31
10007a62:	3202      	adds	r2, #2
10007a64:	e7bc      	b.n	100079e0 <tud_task_ext+0x560>
10007a66:	1c5a      	adds	r2, r3, #1
10007a68:	42aa      	cmp	r2, r5
10007a6a:	da00      	bge.n	10007a6e <tud_task_ext+0x5ee>
10007a6c:	e68a      	b.n	10007784 <tud_task_ext+0x304>
10007a6e:	1aed      	subs	r5, r5, r3
10007a70:	4b2c      	ldr	r3, [pc, #176]	@ (10007b24 <tud_task_ext+0x6a4>)
10007a72:	016d      	lsls	r5, r5, #5
10007a74:	18ed      	adds	r5, r5, r3
10007a76:	e7d4      	b.n	10007a22 <tud_task_ext+0x5a2>
10007a78:	88e3      	ldrh	r3, [r4, #6]
10007a7a:	2b00      	cmp	r3, #0
10007a7c:	d112      	bne.n	10007aa4 <tud_task_ext+0x624>
10007a7e:	9b02      	ldr	r3, [sp, #8]
10007a80:	7818      	ldrb	r0, [r3, #0]
10007a82:	9b03      	ldr	r3, [sp, #12]
10007a84:	2b01      	cmp	r3, #1
10007a86:	d023      	beq.n	10007ad0 <tud_task_ext+0x650>
10007a88:	f7ff fbea 	bl	10007260 <dcd_edpt_stall>
10007a8c:	4643      	mov	r3, r8
10007a8e:	2102      	movs	r1, #2
10007a90:	18eb      	adds	r3, r5, r3
10007a92:	4453      	add	r3, sl
10007a94:	3330      	adds	r3, #48	@ 0x30
10007a96:	791a      	ldrb	r2, [r3, #4]
10007a98:	430a      	orrs	r2, r1
10007a9a:	2101      	movs	r1, #1
10007a9c:	711a      	strb	r2, [r3, #4]
10007a9e:	791a      	ldrb	r2, [r3, #4]
10007aa0:	430a      	orrs	r2, r1
10007aa2:	711a      	strb	r2, [r3, #4]
10007aa4:	464b      	mov	r3, r9
10007aa6:	2b00      	cmp	r3, #0
10007aa8:	d100      	bne.n	10007aac <tud_task_ext+0x62c>
10007aaa:	e4ff      	b.n	100074ac <tud_task_ext+0x2c>
10007aac:	6958      	ldr	r0, [r3, #20]
10007aae:	f000 fa13 	bl	10007ed8 <usbd_control_set_complete_callback>
10007ab2:	464b      	mov	r3, r9
10007ab4:	2101      	movs	r1, #1
10007ab6:	695b      	ldr	r3, [r3, #20]
10007ab8:	aa0e      	add	r2, sp, #56	@ 0x38
10007aba:	4658      	mov	r0, fp
10007abc:	4798      	blx	r3
10007abe:	2000      	movs	r0, #0
10007ac0:	f000 fa0a 	bl	10007ed8 <usbd_control_set_complete_callback>
10007ac4:	2335      	movs	r3, #53	@ 0x35
10007ac6:	5ceb      	ldrb	r3, [r5, r3]
10007ac8:	07db      	lsls	r3, r3, #31
10007aca:	d500      	bpl.n	10007ace <tud_task_ext+0x64e>
10007acc:	e4ee      	b.n	100074ac <tud_task_ext+0x2c>
10007ace:	e6b0      	b.n	10007832 <tud_task_ext+0x3b2>
10007ad0:	f7ff fbe0 	bl	10007294 <dcd_edpt_clear_stall>
10007ad4:	4643      	mov	r3, r8
10007ad6:	2102      	movs	r1, #2
10007ad8:	18eb      	adds	r3, r5, r3
10007ada:	4453      	add	r3, sl
10007adc:	3330      	adds	r3, #48	@ 0x30
10007ade:	791a      	ldrb	r2, [r3, #4]
10007ae0:	438a      	bics	r2, r1
10007ae2:	711a      	strb	r2, [r3, #4]
10007ae4:	791a      	ldrb	r2, [r3, #4]
10007ae6:	9903      	ldr	r1, [sp, #12]
10007ae8:	438a      	bics	r2, r1
10007aea:	711a      	strb	r2, [r3, #4]
10007aec:	e7da      	b.n	10007aa4 <tud_task_ext+0x624>
10007aee:	f7ff fc33 	bl	10007358 <tud_umount_cb>
10007af2:	e69e      	b.n	10007832 <tud_task_ext+0x3b2>
10007af4:	2100      	movs	r1, #0
10007af6:	4658      	mov	r0, fp
10007af8:	f7ff faf6 	bl	100070e8 <dcd_sof_enable>
10007afc:	4658      	mov	r0, fp
10007afe:	f7ff fb99 	bl	10007234 <dcd_edpt_close_all>
10007b02:	78ab      	ldrb	r3, [r5, #2]
10007b04:	4907      	ldr	r1, [pc, #28]	@ (10007b24 <tud_task_ext+0x6a4>)
10007b06:	9303      	str	r3, [sp, #12]
10007b08:	9104      	str	r1, [sp, #16]
10007b0a:	4b05      	ldr	r3, [pc, #20]	@ (10007b20 <tud_task_ext+0x6a0>)
10007b0c:	4906      	ldr	r1, [pc, #24]	@ (10007b28 <tud_task_ext+0x6a8>)
10007b0e:	4698      	mov	r8, r3
10007b10:	781a      	ldrb	r2, [r3, #0]
10007b12:	9105      	str	r1, [sp, #20]
10007b14:	2300      	movs	r3, #0
10007b16:	0029      	movs	r1, r5
10007b18:	001d      	movs	r5, r3
10007b1a:	468a      	mov	sl, r1
10007b1c:	e01b      	b.n	10007b56 <tud_task_ext+0x6d6>
10007b1e:	46c0      	nop			@ (mov r8, r8)
10007b20:	200224b4 	.word	0x200224b4
10007b24:	1000998c 	.word	0x1000998c
10007b28:	200014c0 	.word	0x200014c0
10007b2c:	20001684 	.word	0x20001684
10007b30:	10009930 	.word	0x10009930
10007b34:	9b05      	ldr	r3, [sp, #20]
10007b36:	016a      	lsls	r2, r5, #5
10007b38:	681b      	ldr	r3, [r3, #0]
10007b3a:	189b      	adds	r3, r3, r2
10007b3c:	2b00      	cmp	r3, #0
10007b3e:	d04d      	beq.n	10007bdc <tud_task_ext+0x75c>
10007b40:	68db      	ldr	r3, [r3, #12]
10007b42:	4658      	mov	r0, fp
10007b44:	4798      	blx	r3
10007b46:	4643      	mov	r3, r8
10007b48:	781a      	ldrb	r2, [r3, #0]
10007b4a:	3501      	adds	r5, #1
10007b4c:	b2ed      	uxtb	r5, r5
10007b4e:	1c51      	adds	r1, r2, #1
10007b50:	002b      	movs	r3, r5
10007b52:	428d      	cmp	r5, r1
10007b54:	dc2e      	bgt.n	10007bb4 <tud_task_ext+0x734>
10007b56:	4295      	cmp	r5, r2
10007b58:	d3ec      	bcc.n	10007b34 <tud_task_ext+0x6b4>
10007b5a:	1a9b      	subs	r3, r3, r2
10007b5c:	9a04      	ldr	r2, [sp, #16]
10007b5e:	015b      	lsls	r3, r3, #5
10007b60:	4694      	mov	ip, r2
10007b62:	4463      	add	r3, ip
10007b64:	e7ec      	b.n	10007b40 <tud_task_ext+0x6c0>
10007b66:	ab0c      	add	r3, sp, #48	@ 0x30
10007b68:	1c9a      	adds	r2, r3, #2
10007b6a:	4658      	mov	r0, fp
10007b6c:	2301      	movs	r3, #1
10007b6e:	a90e      	add	r1, sp, #56	@ 0x38
10007b70:	7015      	strb	r5, [r2, #0]
10007b72:	f000 f951 	bl	10007e18 <tud_control_xfer>
10007b76:	e499      	b.n	100074ac <tud_task_ext+0x2c>
10007b78:	9a0b      	ldr	r2, [sp, #44]	@ 0x2c
10007b7a:	2a01      	cmp	r2, #1
10007b7c:	d04f      	beq.n	10007c1e <tud_task_ext+0x79e>
10007b7e:	2a00      	cmp	r2, #0
10007b80:	d03c      	beq.n	10007bfc <tud_task_ext+0x77c>
10007b82:	2300      	movs	r3, #0
10007b84:	78b0      	ldrb	r0, [r6, #2]
10007b86:	e004      	b.n	10007b92 <tud_task_ext+0x712>
10007b88:	3301      	adds	r3, #1
10007b8a:	b2db      	uxtb	r3, r3
10007b8c:	710f      	strb	r7, [r1, #4]
10007b8e:	4293      	cmp	r3, r2
10007b90:	d234      	bcs.n	10007bfc <tud_task_ext+0x77c>
10007b92:	18c1      	adds	r1, r0, r3
10007b94:	b2c9      	uxtb	r1, r1
10007b96:	4441      	add	r1, r8
10007b98:	790d      	ldrb	r5, [r1, #4]
10007b9a:	2dff      	cmp	r5, #255	@ 0xff
10007b9c:	d0f4      	beq.n	10007b88 <tud_task_ext+0x708>
10007b9e:	464e      	mov	r6, r9
10007ba0:	4645      	mov	r5, r8
10007ba2:	4657      	mov	r7, sl
10007ba4:	2300      	movs	r3, #0
10007ba6:	706b      	strb	r3, [r5, #1]
10007ba8:	e5ec      	b.n	10007784 <tud_task_ext+0x304>
10007baa:	464e      	mov	r6, r9
10007bac:	4657      	mov	r7, sl
10007bae:	f7ff fbd1 	bl	10007354 <tud_mount_cb>
10007bb2:	e63e      	b.n	10007832 <tud_task_ext+0x3b2>
10007bb4:	4655      	mov	r5, sl
10007bb6:	2254      	movs	r2, #84	@ 0x54
10007bb8:	2100      	movs	r1, #0
10007bba:	0028      	movs	r0, r5
10007bbc:	f7fa fcf2 	bl	100025a4 <__wrap_memset>
10007bc0:	2210      	movs	r2, #16
10007bc2:	21ff      	movs	r1, #255	@ 0xff
10007bc4:	1d28      	adds	r0, r5, #4
10007bc6:	f7fa fced 	bl	100025a4 <__wrap_memset>
10007bca:	0028      	movs	r0, r5
10007bcc:	2220      	movs	r2, #32
10007bce:	21ff      	movs	r1, #255	@ 0xff
10007bd0:	3014      	adds	r0, #20
10007bd2:	f7fa fce7 	bl	100025a4 <__wrap_memset>
10007bd6:	9b03      	ldr	r3, [sp, #12]
10007bd8:	70ab      	strb	r3, [r5, #2]
10007bda:	e657      	b.n	1000788c <tud_task_ext+0x40c>
10007bdc:	4655      	mov	r5, sl
10007bde:	e7fa      	b.n	10007bd6 <tud_task_ext+0x756>
10007be0:	f7fe ff9a 	bl	10006b18 <tud_descriptor_bos_cb>
10007be4:	1e02      	subs	r2, r0, #0
10007be6:	d100      	bne.n	10007bea <tud_task_ext+0x76a>
10007be8:	e5cc      	b.n	10007784 <tud_task_ext+0x304>
10007bea:	78d3      	ldrb	r3, [r2, #3]
10007bec:	7891      	ldrb	r1, [r2, #2]
10007bee:	021b      	lsls	r3, r3, #8
10007bf0:	430b      	orrs	r3, r1
10007bf2:	4658      	mov	r0, fp
10007bf4:	a90e      	add	r1, sp, #56	@ 0x38
10007bf6:	f000 f90f 	bl	10007e18 <tud_control_xfer>
10007bfa:	e5d4      	b.n	100077a6 <tud_task_ext+0x326>
10007bfc:	4665      	mov	r5, ip
10007bfe:	003b      	movs	r3, r7
10007c00:	002a      	movs	r2, r5
10007c02:	0031      	movs	r1, r6
10007c04:	980a      	ldr	r0, [sp, #40]	@ 0x28
10007c06:	f000 fe8d 	bl	10008924 <tu_edpt_bind_driver>
10007c0a:	46ac      	mov	ip, r5
10007c0c:	9b04      	ldr	r3, [sp, #16]
10007c0e:	9a03      	ldr	r2, [sp, #12]
10007c10:	781b      	ldrb	r3, [r3, #0]
10007c12:	4466      	add	r6, ip
10007c14:	3301      	adds	r3, #1
10007c16:	4293      	cmp	r3, r2
10007c18:	db00      	blt.n	10007c1c <tud_task_ext+0x79c>
10007c1a:	e66c      	b.n	100078f6 <tud_task_ext+0x476>
10007c1c:	e7bf      	b.n	10007b9e <tud_task_ext+0x71e>
10007c1e:	4b17      	ldr	r3, [pc, #92]	@ (10007c7c <tud_task_ext+0x7fc>)
10007c20:	6929      	ldr	r1, [r5, #16]
10007c22:	4299      	cmp	r1, r3
10007c24:	d1ad      	bne.n	10007b82 <tud_task_ext+0x702>
10007c26:	9a07      	ldr	r2, [sp, #28]
10007c28:	e7ab      	b.n	10007b82 <tud_task_ext+0x702>
10007c2a:	f7ff fb8f 	bl	1000734c <tud_descriptor_device_qualifier_cb>
10007c2e:	1e02      	subs	r2, r0, #0
10007c30:	d100      	bne.n	10007c34 <tud_task_ext+0x7b4>
10007c32:	e5a7      	b.n	10007784 <tud_task_ext+0x304>
10007c34:	4658      	mov	r0, fp
10007c36:	7813      	ldrb	r3, [r2, #0]
10007c38:	a90e      	add	r1, sp, #56	@ 0x38
10007c3a:	f000 f8ed 	bl	10007e18 <tud_control_xfer>
10007c3e:	e5b2      	b.n	100077a6 <tud_task_ext+0x326>
10007c40:	8921      	ldrh	r1, [r4, #8]
10007c42:	f7ff f9bd 	bl	10006fc0 <tud_descriptor_string_cb>
10007c46:	1e02      	subs	r2, r0, #0
10007c48:	d1f4      	bne.n	10007c34 <tud_task_ext+0x7b4>
10007c4a:	e59b      	b.n	10007784 <tud_task_ext+0x304>
10007c4c:	2a02      	cmp	r2, #2
10007c4e:	d00f      	beq.n	10007c70 <tud_task_ext+0x7f0>
10007c50:	f7ff fb7e 	bl	10007350 <tud_descriptor_other_speed_configuration_cb>
10007c54:	1e02      	subs	r2, r0, #0
10007c56:	d1c8      	bne.n	10007bea <tud_task_ext+0x76a>
10007c58:	e594      	b.n	10007784 <tud_task_ext+0x304>
10007c5a:	f7ff f9a9 	bl	10006fb0 <tud_descriptor_device_cb>
10007c5e:	1e02      	subs	r2, r0, #0
10007c60:	d100      	bne.n	10007c64 <tud_task_ext+0x7e4>
10007c62:	e58f      	b.n	10007784 <tud_task_ext+0x304>
10007c64:	2312      	movs	r3, #18
10007c66:	4658      	mov	r0, fp
10007c68:	a90e      	add	r1, sp, #56	@ 0x38
10007c6a:	f000 f8d5 	bl	10007e18 <tud_control_xfer>
10007c6e:	e59a      	b.n	100077a6 <tud_task_ext+0x326>
10007c70:	f7ff f9a2 	bl	10006fb8 <tud_descriptor_configuration_cb>
10007c74:	1e02      	subs	r2, r0, #0
10007c76:	d1b8      	bne.n	10007bea <tud_task_ext+0x76a>
10007c78:	e584      	b.n	10007784 <tud_task_ext+0x304>
10007c7a:	46c0      	nop			@ (mov r8, r8)
10007c7c:	100082e5 	.word	0x100082e5

10007c80 <usbd_open_edpt_pair>:
10007c80:	b5f8      	push	{r3, r4, r5, r6, r7, lr}
10007c82:	4657      	mov	r7, sl
10007c84:	464e      	mov	r6, r9
10007c86:	46de      	mov	lr, fp
10007c88:	4645      	mov	r5, r8
10007c8a:	000c      	movs	r4, r1
10007c8c:	b5e0      	push	{r5, r6, r7, lr}
10007c8e:	0016      	movs	r6, r2
10007c90:	001f      	movs	r7, r3
10007c92:	2a00      	cmp	r2, #0
10007c94:	d03c      	beq.n	10007d10 <usbd_open_edpt_pair+0x90>
10007c96:	4b1f      	ldr	r3, [pc, #124]	@ (10007d14 <usbd_open_edpt_pair+0x94>)
10007c98:	2500      	movs	r5, #0
10007c9a:	469a      	mov	sl, r3
10007c9c:	2370      	movs	r3, #112	@ 0x70
10007c9e:	4699      	mov	r9, r3
10007ca0:	4b1d      	ldr	r3, [pc, #116]	@ (10007d18 <usbd_open_edpt_pair+0x98>)
10007ca2:	469b      	mov	fp, r3
10007ca4:	e017      	b.n	10007cd6 <usbd_open_edpt_pair+0x56>
10007ca6:	465b      	mov	r3, fp
10007ca8:	0020      	movs	r0, r4
10007caa:	7899      	ldrb	r1, [r3, #2]
10007cac:	f000 fdfc 	bl	100088a8 <tu_edpt_validate>
10007cb0:	2800      	cmp	r0, #0
10007cb2:	d01f      	beq.n	10007cf4 <usbd_open_edpt_pair+0x74>
10007cb4:	0021      	movs	r1, r4
10007cb6:	4640      	mov	r0, r8
10007cb8:	f7ff fa32 	bl	10007120 <dcd_edpt_open>
10007cbc:	2800      	cmp	r0, #0
10007cbe:	d019      	beq.n	10007cf4 <usbd_open_edpt_pair+0x74>
10007cc0:	78a3      	ldrb	r3, [r4, #2]
10007cc2:	09da      	lsrs	r2, r3, #7
10007cc4:	2a01      	cmp	r2, #1
10007cc6:	d01c      	beq.n	10007d02 <usbd_open_edpt_pair+0x82>
10007cc8:	9a0a      	ldr	r2, [sp, #40]	@ 0x28
10007cca:	3501      	adds	r5, #1
10007ccc:	7013      	strb	r3, [r2, #0]
10007cce:	7823      	ldrb	r3, [r4, #0]
10007cd0:	18e4      	adds	r4, r4, r3
10007cd2:	42b5      	cmp	r5, r6
10007cd4:	da1c      	bge.n	10007d10 <usbd_open_edpt_pair+0x90>
10007cd6:	7863      	ldrb	r3, [r4, #1]
10007cd8:	2b05      	cmp	r3, #5
10007cda:	d10b      	bne.n	10007cf4 <usbd_open_edpt_pair+0x74>
10007cdc:	78e3      	ldrb	r3, [r4, #3]
10007cde:	079b      	lsls	r3, r3, #30
10007ce0:	0f9b      	lsrs	r3, r3, #30
10007ce2:	42bb      	cmp	r3, r7
10007ce4:	d106      	bne.n	10007cf4 <usbd_open_edpt_pair+0x74>
10007ce6:	4653      	mov	r3, sl
10007ce8:	464a      	mov	r2, r9
10007cea:	781b      	ldrb	r3, [r3, #0]
10007cec:	4698      	mov	r8, r3
10007cee:	78a3      	ldrb	r3, [r4, #2]
10007cf0:	421a      	tst	r2, r3
10007cf2:	d0d8      	beq.n	10007ca6 <usbd_open_edpt_pair+0x26>
10007cf4:	2000      	movs	r0, #0
10007cf6:	bcf0      	pop	{r4, r5, r6, r7}
10007cf8:	46bb      	mov	fp, r7
10007cfa:	46b2      	mov	sl, r6
10007cfc:	46a9      	mov	r9, r5
10007cfe:	46a0      	mov	r8, r4
10007d00:	bdf8      	pop	{r3, r4, r5, r6, r7, pc}
10007d02:	9a0b      	ldr	r2, [sp, #44]	@ 0x2c
10007d04:	3501      	adds	r5, #1
10007d06:	7013      	strb	r3, [r2, #0]
10007d08:	7823      	ldrb	r3, [r4, #0]
10007d0a:	18e4      	adds	r4, r4, r3
10007d0c:	42b5      	cmp	r5, r6
10007d0e:	dbe2      	blt.n	10007cd6 <usbd_open_edpt_pair+0x56>
10007d10:	2001      	movs	r0, #1
10007d12:	e7f0      	b.n	10007cf6 <usbd_open_edpt_pair+0x76>
10007d14:	20001030 	.word	0x20001030
10007d18:	20001670 	.word	0x20001670

10007d1c <usbd_edpt_open>:
10007d1c:	2270      	movs	r2, #112	@ 0x70
10007d1e:	b570      	push	{r4, r5, r6, lr}
10007d20:	4b09      	ldr	r3, [pc, #36]	@ (10007d48 <usbd_edpt_open+0x2c>)
10007d22:	000c      	movs	r4, r1
10007d24:	781d      	ldrb	r5, [r3, #0]
10007d26:	788b      	ldrb	r3, [r1, #2]
10007d28:	421a      	tst	r2, r3
10007d2a:	d001      	beq.n	10007d30 <usbd_edpt_open+0x14>
10007d2c:	2000      	movs	r0, #0
10007d2e:	bd70      	pop	{r4, r5, r6, pc}
10007d30:	4b06      	ldr	r3, [pc, #24]	@ (10007d4c <usbd_edpt_open+0x30>)
10007d32:	0020      	movs	r0, r4
10007d34:	7899      	ldrb	r1, [r3, #2]
10007d36:	f000 fdb7 	bl	100088a8 <tu_edpt_validate>
10007d3a:	2800      	cmp	r0, #0
10007d3c:	d0f6      	beq.n	10007d2c <usbd_edpt_open+0x10>
10007d3e:	0021      	movs	r1, r4
10007d40:	0028      	movs	r0, r5
10007d42:	f7ff f9ed 	bl	10007120 <dcd_edpt_open>
10007d46:	e7f2      	b.n	10007d2e <usbd_edpt_open+0x12>
10007d48:	20001030 	.word	0x20001030
10007d4c:	20001670 	.word	0x20001670

10007d50 <usbd_edpt_claim>:
10007d50:	000b      	movs	r3, r1
10007d52:	207f      	movs	r0, #127	@ 0x7f
10007d54:	b510      	push	{r4, lr}
10007d56:	4018      	ands	r0, r3
10007d58:	09db      	lsrs	r3, r3, #7
10007d5a:	3334      	adds	r3, #52	@ 0x34
10007d5c:	0040      	lsls	r0, r0, #1
10007d5e:	4a04      	ldr	r2, [pc, #16]	@ (10007d70 <usbd_edpt_claim+0x20>)
10007d60:	18c0      	adds	r0, r0, r3
10007d62:	4b04      	ldr	r3, [pc, #16]	@ (10007d74 <usbd_edpt_claim+0x24>)
10007d64:	6811      	ldr	r1, [r2, #0]
10007d66:	18c0      	adds	r0, r0, r3
10007d68:	f000 fd5a 	bl	10008820 <tu_edpt_claim>
10007d6c:	bd10      	pop	{r4, pc}
10007d6e:	46c0      	nop			@ (mov r8, r8)
10007d70:	200016c4 	.word	0x200016c4
10007d74:	20001670 	.word	0x20001670

10007d78 <usbd_edpt_release>:
10007d78:	000b      	movs	r3, r1
10007d7a:	207f      	movs	r0, #127	@ 0x7f
10007d7c:	b510      	push	{r4, lr}
10007d7e:	4018      	ands	r0, r3
10007d80:	09db      	lsrs	r3, r3, #7
10007d82:	3334      	adds	r3, #52	@ 0x34
10007d84:	0040      	lsls	r0, r0, #1
10007d86:	4a04      	ldr	r2, [pc, #16]	@ (10007d98 <usbd_edpt_release+0x20>)
10007d88:	18c0      	adds	r0, r0, r3
10007d8a:	4b04      	ldr	r3, [pc, #16]	@ (10007d9c <usbd_edpt_release+0x24>)
10007d8c:	6811      	ldr	r1, [r2, #0]
10007d8e:	18c0      	adds	r0, r0, r3
10007d90:	f000 fd6e 	bl	10008870 <tu_edpt_release>
10007d94:	bd10      	pop	{r4, pc}
10007d96:	46c0      	nop			@ (mov r8, r8)
10007d98:	200016c4 	.word	0x200016c4
10007d9c:	20001670 	.word	0x20001670

10007da0 <usbd_edpt_xfer>:
10007da0:	b570      	push	{r4, r5, r6, lr}
10007da2:	247f      	movs	r4, #127	@ 0x7f
10007da4:	480f      	ldr	r0, [pc, #60]	@ (10007de4 <usbd_edpt_xfer+0x44>)
10007da6:	400c      	ands	r4, r1
10007da8:	0064      	lsls	r4, r4, #1
10007daa:	1904      	adds	r4, r0, r4
10007dac:	09cd      	lsrs	r5, r1, #7
10007dae:	1964      	adds	r4, r4, r5
10007db0:	3430      	adds	r4, #48	@ 0x30
10007db2:	7920      	ldrb	r0, [r4, #4]
10007db4:	07c0      	lsls	r0, r0, #31
10007db6:	d501      	bpl.n	10007dbc <usbd_edpt_xfer+0x1c>
10007db8:	2000      	movs	r0, #0
10007dba:	bd70      	pop	{r4, r5, r6, pc}
10007dbc:	2601      	movs	r6, #1
10007dbe:	7925      	ldrb	r5, [r4, #4]
10007dc0:	4809      	ldr	r0, [pc, #36]	@ (10007de8 <usbd_edpt_xfer+0x48>)
10007dc2:	4335      	orrs	r5, r6
10007dc4:	7800      	ldrb	r0, [r0, #0]
10007dc6:	7125      	strb	r5, [r4, #4]
10007dc8:	f7ff fa38 	bl	1000723c <dcd_edpt_xfer>
10007dcc:	2800      	cmp	r0, #0
10007dce:	d1f4      	bne.n	10007dba <usbd_edpt_xfer+0x1a>
10007dd0:	2201      	movs	r2, #1
10007dd2:	7923      	ldrb	r3, [r4, #4]
10007dd4:	4393      	bics	r3, r2
10007dd6:	7123      	strb	r3, [r4, #4]
10007dd8:	7923      	ldrb	r3, [r4, #4]
10007dda:	3203      	adds	r2, #3
10007ddc:	4393      	bics	r3, r2
10007dde:	7123      	strb	r3, [r4, #4]
10007de0:	e7ea      	b.n	10007db8 <usbd_edpt_xfer+0x18>
10007de2:	46c0      	nop			@ (mov r8, r8)
10007de4:	20001670 	.word	0x20001670
10007de8:	20001030 	.word	0x20001030

10007dec <tud_control_status>:
10007dec:	b570      	push	{r4, r5, r6, lr}
10007dee:	4c09      	ldr	r4, [pc, #36]	@ (10007e14 <tud_control_status+0x28>)
10007df0:	0006      	movs	r6, r0
10007df2:	2208      	movs	r2, #8
10007df4:	0020      	movs	r0, r4
10007df6:	000d      	movs	r5, r1
10007df8:	f7fa fbda 	bl	100025b0 <__wrap___aeabi_memcpy>
10007dfc:	2300      	movs	r3, #0
10007dfe:	2180      	movs	r1, #128	@ 0x80
10007e00:	60e3      	str	r3, [r4, #12]
10007e02:	60a3      	str	r3, [r4, #8]
10007e04:	782b      	ldrb	r3, [r5, #0]
10007e06:	0030      	movs	r0, r6
10007e08:	4399      	bics	r1, r3
10007e0a:	2200      	movs	r2, #0
10007e0c:	2300      	movs	r3, #0
10007e0e:	f7ff ffc7 	bl	10007da0 <usbd_edpt_xfer>
10007e12:	bd70      	pop	{r4, r5, r6, pc}
10007e14:	20001650 	.word	0x20001650

10007e18 <tud_control_xfer>:
10007e18:	b5f8      	push	{r3, r4, r5, r6, r7, lr}
10007e1a:	46ce      	mov	lr, r9
10007e1c:	4647      	mov	r7, r8
10007e1e:	4690      	mov	r8, r2
10007e20:	4e26      	ldr	r6, [pc, #152]	@ (10007ebc <tud_control_xfer+0xa4>)
10007e22:	b580      	push	{r7, lr}
10007e24:	4681      	mov	r9, r0
10007e26:	2208      	movs	r2, #8
10007e28:	0030      	movs	r0, r6
10007e2a:	000d      	movs	r5, r1
10007e2c:	001f      	movs	r7, r3
10007e2e:	f7fa fbbf 	bl	100025b0 <__wrap___aeabi_memcpy>
10007e32:	4643      	mov	r3, r8
10007e34:	60b3      	str	r3, [r6, #8]
10007e36:	2300      	movs	r3, #0
10007e38:	81f3      	strh	r3, [r6, #14]
10007e3a:	79ec      	ldrb	r4, [r5, #7]
10007e3c:	79ab      	ldrb	r3, [r5, #6]
10007e3e:	0224      	lsls	r4, r4, #8
10007e40:	431c      	orrs	r4, r3
10007e42:	1c23      	adds	r3, r4, #0
10007e44:	42bc      	cmp	r4, r7
10007e46:	d900      	bls.n	10007e4a <tud_control_xfer+0x32>
10007e48:	1c3b      	adds	r3, r7, #0
10007e4a:	b29f      	uxth	r7, r3
10007e4c:	81b3      	strh	r3, [r6, #12]
10007e4e:	2c00      	cmp	r4, #0
10007e50:	d00e      	beq.n	10007e70 <tud_control_xfer+0x58>
10007e52:	2f00      	cmp	r7, #0
10007e54:	d018      	beq.n	10007e88 <tud_control_xfer+0x70>
10007e56:	4643      	mov	r3, r8
10007e58:	2b00      	cmp	r3, #0
10007e5a:	d02c      	beq.n	10007eb6 <tud_control_xfer+0x9e>
10007e5c:	1c3b      	adds	r3, r7, #0
10007e5e:	2f40      	cmp	r7, #64	@ 0x40
10007e60:	d81b      	bhi.n	10007e9a <tud_control_xfer+0x82>
10007e62:	b29f      	uxth	r7, r3
10007e64:	7833      	ldrb	r3, [r6, #0]
10007e66:	2b7f      	cmp	r3, #127	@ 0x7f
10007e68:	d81c      	bhi.n	10007ea4 <tud_control_xfer+0x8c>
10007e6a:	2100      	movs	r1, #0
10007e6c:	4a14      	ldr	r2, [pc, #80]	@ (10007ec0 <tud_control_xfer+0xa8>)
10007e6e:	e00f      	b.n	10007e90 <tud_control_xfer+0x78>
10007e70:	2180      	movs	r1, #128	@ 0x80
10007e72:	782b      	ldrb	r3, [r5, #0]
10007e74:	2200      	movs	r2, #0
10007e76:	4399      	bics	r1, r3
10007e78:	4648      	mov	r0, r9
10007e7a:	2300      	movs	r3, #0
10007e7c:	f7ff ff90 	bl	10007da0 <usbd_edpt_xfer>
10007e80:	bcc0      	pop	{r6, r7}
10007e82:	46b9      	mov	r9, r7
10007e84:	46b0      	mov	r8, r6
10007e86:	bdf8      	pop	{r3, r4, r5, r6, r7, pc}
10007e88:	237f      	movs	r3, #127	@ 0x7f
10007e8a:	2200      	movs	r2, #0
10007e8c:	7831      	ldrb	r1, [r6, #0]
10007e8e:	4399      	bics	r1, r3
10007e90:	003b      	movs	r3, r7
10007e92:	4648      	mov	r0, r9
10007e94:	f7ff ff84 	bl	10007da0 <usbd_edpt_xfer>
10007e98:	e7f2      	b.n	10007e80 <tud_control_xfer+0x68>
10007e9a:	2340      	movs	r3, #64	@ 0x40
10007e9c:	b29f      	uxth	r7, r3
10007e9e:	7833      	ldrb	r3, [r6, #0]
10007ea0:	2b7f      	cmp	r3, #127	@ 0x7f
10007ea2:	d9e2      	bls.n	10007e6a <tud_control_xfer+0x52>
10007ea4:	4c06      	ldr	r4, [pc, #24]	@ (10007ec0 <tud_control_xfer+0xa8>)
10007ea6:	003a      	movs	r2, r7
10007ea8:	4641      	mov	r1, r8
10007eaa:	0020      	movs	r0, r4
10007eac:	f7fa fb80 	bl	100025b0 <__wrap___aeabi_memcpy>
10007eb0:	2180      	movs	r1, #128	@ 0x80
10007eb2:	0022      	movs	r2, r4
10007eb4:	e7ec      	b.n	10007e90 <tud_control_xfer+0x78>
10007eb6:	2000      	movs	r0, #0
10007eb8:	e7e2      	b.n	10007e80 <tud_control_xfer+0x68>
10007eba:	46c0      	nop			@ (mov r8, r8)
10007ebc:	20001650 	.word	0x20001650
10007ec0:	20001610 	.word	0x20001610

10007ec4 <usbd_control_reset>:
10007ec4:	b510      	push	{r4, lr}
10007ec6:	2214      	movs	r2, #20
10007ec8:	2100      	movs	r1, #0
10007eca:	4802      	ldr	r0, [pc, #8]	@ (10007ed4 <usbd_control_reset+0x10>)
10007ecc:	f7fa fb6a 	bl	100025a4 <__wrap_memset>
10007ed0:	bd10      	pop	{r4, pc}
10007ed2:	46c0      	nop			@ (mov r8, r8)
10007ed4:	20001650 	.word	0x20001650

10007ed8 <usbd_control_set_complete_callback>:
10007ed8:	4b01      	ldr	r3, [pc, #4]	@ (10007ee0 <usbd_control_set_complete_callback+0x8>)
10007eda:	6118      	str	r0, [r3, #16]
10007edc:	4770      	bx	lr
10007ede:	46c0      	nop			@ (mov r8, r8)
10007ee0:	20001650 	.word	0x20001650

10007ee4 <usbd_control_set_request>:
10007ee4:	b510      	push	{r4, lr}
10007ee6:	4c05      	ldr	r4, [pc, #20]	@ (10007efc <usbd_control_set_request+0x18>)
10007ee8:	0001      	movs	r1, r0
10007eea:	2208      	movs	r2, #8
10007eec:	0020      	movs	r0, r4
10007eee:	f7fa fb5f 	bl	100025b0 <__wrap___aeabi_memcpy>
10007ef2:	2300      	movs	r3, #0
10007ef4:	60a3      	str	r3, [r4, #8]
10007ef6:	60e3      	str	r3, [r4, #12]
10007ef8:	bd10      	pop	{r4, pc}
10007efa:	46c0      	nop			@ (mov r8, r8)
10007efc:	20001650 	.word	0x20001650

10007f00 <usbd_control_xfer_cb>:
10007f00:	b570      	push	{r4, r5, r6, lr}
10007f02:	4c38      	ldr	r4, [pc, #224]	@ (10007fe4 <usbd_control_xfer_cb+0xe4>)
10007f04:	001d      	movs	r5, r3
10007f06:	7823      	ldrb	r3, [r4, #0]
10007f08:	0006      	movs	r6, r0
10007f0a:	09da      	lsrs	r2, r3, #7
10007f0c:	09c9      	lsrs	r1, r1, #7
10007f0e:	428a      	cmp	r2, r1
10007f10:	d010      	beq.n	10007f34 <usbd_control_xfer_cb+0x34>
10007f12:	2000      	movs	r0, #0
10007f14:	2d00      	cmp	r5, #0
10007f16:	d000      	beq.n	10007f1a <usbd_control_xfer_cb+0x1a>
10007f18:	bd70      	pop	{r4, r5, r6, pc}
10007f1a:	0021      	movs	r1, r4
10007f1c:	0030      	movs	r0, r6
10007f1e:	f7ff f8f1 	bl	10007104 <dcd_edpt0_status_complete>
10007f22:	6923      	ldr	r3, [r4, #16]
10007f24:	2b00      	cmp	r3, #0
10007f26:	d003      	beq.n	10007f30 <usbd_control_xfer_cb+0x30>
10007f28:	0022      	movs	r2, r4
10007f2a:	2103      	movs	r1, #3
10007f2c:	0030      	movs	r0, r6
10007f2e:	4798      	blx	r3
10007f30:	2001      	movs	r0, #1
10007f32:	e7f1      	b.n	10007f18 <usbd_control_xfer_cb+0x18>
10007f34:	68a0      	ldr	r0, [r4, #8]
10007f36:	2b7f      	cmp	r3, #127	@ 0x7f
10007f38:	d805      	bhi.n	10007f46 <usbd_control_xfer_cb+0x46>
10007f3a:	2800      	cmp	r0, #0
10007f3c:	d034      	beq.n	10007fa8 <usbd_control_xfer_cb+0xa8>
10007f3e:	002a      	movs	r2, r5
10007f40:	4929      	ldr	r1, [pc, #164]	@ (10007fe8 <usbd_control_xfer_cb+0xe8>)
10007f42:	f7fa fb35 	bl	100025b0 <__wrap___aeabi_memcpy>
10007f46:	89e2      	ldrh	r2, [r4, #14]
10007f48:	68a1      	ldr	r1, [r4, #8]
10007f4a:	1952      	adds	r2, r2, r5
10007f4c:	88e3      	ldrh	r3, [r4, #6]
10007f4e:	b292      	uxth	r2, r2
10007f50:	1949      	adds	r1, r1, r5
10007f52:	81e2      	strh	r2, [r4, #14]
10007f54:	60a1      	str	r1, [r4, #8]
10007f56:	4293      	cmp	r3, r2
10007f58:	d014      	beq.n	10007f84 <usbd_control_xfer_cb+0x84>
10007f5a:	2d3f      	cmp	r5, #63	@ 0x3f
10007f5c:	d912      	bls.n	10007f84 <usbd_control_xfer_cb+0x84>
10007f5e:	89a3      	ldrh	r3, [r4, #12]
10007f60:	1a98      	subs	r0, r3, r2
10007f62:	1c05      	adds	r5, r0, #0
10007f64:	b280      	uxth	r0, r0
10007f66:	2840      	cmp	r0, #64	@ 0x40
10007f68:	d82a      	bhi.n	10007fc0 <usbd_control_xfer_cb+0xc0>
10007f6a:	7820      	ldrb	r0, [r4, #0]
10007f6c:	b2ad      	uxth	r5, r5
10007f6e:	287f      	cmp	r0, #127	@ 0x7f
10007f70:	d828      	bhi.n	10007fc4 <usbd_control_xfer_cb+0xc4>
10007f72:	2100      	movs	r1, #0
10007f74:	429a      	cmp	r2, r3
10007f76:	d032      	beq.n	10007fde <usbd_control_xfer_cb+0xde>
10007f78:	4a1b      	ldr	r2, [pc, #108]	@ (10007fe8 <usbd_control_xfer_cb+0xe8>)
10007f7a:	002b      	movs	r3, r5
10007f7c:	0030      	movs	r0, r6
10007f7e:	f7ff ff0f 	bl	10007da0 <usbd_edpt_xfer>
10007f82:	e7c9      	b.n	10007f18 <usbd_control_xfer_cb+0x18>
10007f84:	6923      	ldr	r3, [r4, #16]
10007f86:	2b00      	cmp	r3, #0
10007f88:	d005      	beq.n	10007f96 <usbd_control_xfer_cb+0x96>
10007f8a:	0022      	movs	r2, r4
10007f8c:	2102      	movs	r1, #2
10007f8e:	0030      	movs	r0, r6
10007f90:	4798      	blx	r3
10007f92:	2800      	cmp	r0, #0
10007f94:	d00a      	beq.n	10007fac <usbd_control_xfer_cb+0xac>
10007f96:	2180      	movs	r1, #128	@ 0x80
10007f98:	7823      	ldrb	r3, [r4, #0]
10007f9a:	2200      	movs	r2, #0
10007f9c:	4399      	bics	r1, r3
10007f9e:	0030      	movs	r0, r6
10007fa0:	2300      	movs	r3, #0
10007fa2:	f7ff fefd 	bl	10007da0 <usbd_edpt_xfer>
10007fa6:	e7b7      	b.n	10007f18 <usbd_control_xfer_cb+0x18>
10007fa8:	2000      	movs	r0, #0
10007faa:	e7b5      	b.n	10007f18 <usbd_control_xfer_cb+0x18>
10007fac:	2100      	movs	r1, #0
10007fae:	0030      	movs	r0, r6
10007fb0:	f7ff f956 	bl	10007260 <dcd_edpt_stall>
10007fb4:	0030      	movs	r0, r6
10007fb6:	2180      	movs	r1, #128	@ 0x80
10007fb8:	f7ff f952 	bl	10007260 <dcd_edpt_stall>
10007fbc:	2001      	movs	r0, #1
10007fbe:	e7ab      	b.n	10007f18 <usbd_control_xfer_cb+0x18>
10007fc0:	2540      	movs	r5, #64	@ 0x40
10007fc2:	e7d2      	b.n	10007f6a <usbd_control_xfer_cb+0x6a>
10007fc4:	429a      	cmp	r2, r3
10007fc6:	d007      	beq.n	10007fd8 <usbd_control_xfer_cb+0xd8>
10007fc8:	4c07      	ldr	r4, [pc, #28]	@ (10007fe8 <usbd_control_xfer_cb+0xe8>)
10007fca:	002a      	movs	r2, r5
10007fcc:	0020      	movs	r0, r4
10007fce:	f7fa faef 	bl	100025b0 <__wrap___aeabi_memcpy>
10007fd2:	2180      	movs	r1, #128	@ 0x80
10007fd4:	0022      	movs	r2, r4
10007fd6:	e7d0      	b.n	10007f7a <usbd_control_xfer_cb+0x7a>
10007fd8:	2180      	movs	r1, #128	@ 0x80
10007fda:	2200      	movs	r2, #0
10007fdc:	e7cd      	b.n	10007f7a <usbd_control_xfer_cb+0x7a>
10007fde:	2200      	movs	r2, #0
10007fe0:	e7cb      	b.n	10007f7a <usbd_control_xfer_cb+0x7a>
10007fe2:	46c0      	nop			@ (mov r8, r8)
10007fe4:	20001650 	.word	0x20001650
10007fe8:	20001610 	.word	0x20001610

10007fec <_prep_out_transaction.isra.0>:
10007fec:	b570      	push	{r4, r5, r6, lr}
10007fee:	0005      	movs	r5, r0
10007ff0:	f7ff f9b8 	bl	10007364 <tud_mounted>
10007ff4:	2800      	cmp	r0, #0
10007ff6:	d100      	bne.n	10007ffa <_prep_out_transaction.isra.0+0xe>
10007ff8:	bd70      	pop	{r4, r5, r6, pc}
10007ffa:	f7ff f9bb 	bl	10007374 <tud_suspended>
10007ffe:	2800      	cmp	r0, #0
10008000:	d1fa      	bne.n	10007ff8 <_prep_out_transaction.isra.0+0xc>
10008002:	23c8      	movs	r3, #200	@ 0xc8
10008004:	436b      	muls	r3, r5
10008006:	4c12      	ldr	r4, [pc, #72]	@ (10008050 <_prep_out_transaction.isra.0+0x64>)
10008008:	18e6      	adds	r6, r4, r3
1000800a:	78f1      	ldrb	r1, [r6, #3]
1000800c:	2900      	cmp	r1, #0
1000800e:	d0f3      	beq.n	10007ff8 <_prep_out_transaction.isra.0+0xc>
10008010:	3310      	adds	r3, #16
10008012:	191c      	adds	r4, r3, r4
10008014:	0020      	movs	r0, r4
10008016:	f000 fdff 	bl	10008c18 <tu_fifo_remaining>
1000801a:	283f      	cmp	r0, #63	@ 0x3f
1000801c:	d9ec      	bls.n	10007ff8 <_prep_out_transaction.isra.0+0xc>
1000801e:	2000      	movs	r0, #0
10008020:	78f1      	ldrb	r1, [r6, #3]
10008022:	f7ff fe95 	bl	10007d50 <usbd_edpt_claim>
10008026:	2800      	cmp	r0, #0
10008028:	d0e6      	beq.n	10007ff8 <_prep_out_transaction.isra.0+0xc>
1000802a:	0020      	movs	r0, r4
1000802c:	f000 fdf4 	bl	10008c18 <tu_fifo_remaining>
10008030:	283f      	cmp	r0, #63	@ 0x3f
10008032:	d908      	bls.n	10008046 <_prep_out_transaction.isra.0+0x5a>
10008034:	4b07      	ldr	r3, [pc, #28]	@ (10008054 <_prep_out_transaction.isra.0+0x68>)
10008036:	01ea      	lsls	r2, r5, #7
10008038:	18d2      	adds	r2, r2, r3
1000803a:	78f1      	ldrb	r1, [r6, #3]
1000803c:	2340      	movs	r3, #64	@ 0x40
1000803e:	2000      	movs	r0, #0
10008040:	f7ff feae 	bl	10007da0 <usbd_edpt_xfer>
10008044:	e7d8      	b.n	10007ff8 <_prep_out_transaction.isra.0+0xc>
10008046:	78f1      	ldrb	r1, [r6, #3]
10008048:	2000      	movs	r0, #0
1000804a:	f7ff fe95 	bl	10007d78 <usbd_edpt_release>
1000804e:	e7d3      	b.n	10007ff8 <_prep_out_transaction.isra.0+0xc>
10008050:	20001548 	.word	0x20001548
10008054:	200014c4 	.word	0x200014c4

10008058 <tud_cdc_n_connected>:
10008058:	b510      	push	{r4, lr}
1000805a:	0004      	movs	r4, r0
1000805c:	f7ff f982 	bl	10007364 <tud_mounted>
10008060:	2800      	cmp	r0, #0
10008062:	d101      	bne.n	10008068 <tud_cdc_n_connected+0x10>
10008064:	2000      	movs	r0, #0
10008066:	bd10      	pop	{r4, pc}
10008068:	f7ff f984 	bl	10007374 <tud_suspended>
1000806c:	2800      	cmp	r0, #0
1000806e:	d1f9      	bne.n	10008064 <tud_cdc_n_connected+0xc>
10008070:	22c8      	movs	r2, #200	@ 0xc8
10008072:	4362      	muls	r2, r4
10008074:	4b02      	ldr	r3, [pc, #8]	@ (10008080 <tud_cdc_n_connected+0x28>)
10008076:	3001      	adds	r0, #1
10008078:	189b      	adds	r3, r3, r2
1000807a:	791b      	ldrb	r3, [r3, #4]
1000807c:	4018      	ands	r0, r3
1000807e:	e7f2      	b.n	10008066 <tud_cdc_n_connected+0xe>
10008080:	20001548 	.word	0x20001548

10008084 <tud_cdc_n_available>:
10008084:	23c8      	movs	r3, #200	@ 0xc8
10008086:	b510      	push	{r4, lr}
10008088:	4343      	muls	r3, r0
1000808a:	4802      	ldr	r0, [pc, #8]	@ (10008094 <tud_cdc_n_available+0x10>)
1000808c:	1818      	adds	r0, r3, r0
1000808e:	f000 fda5 	bl	10008bdc <tu_fifo_count>
10008092:	bd10      	pop	{r4, pc}
10008094:	20001558 	.word	0x20001558

10008098 <tud_cdc_n_read>:
10008098:	b5f0      	push	{r4, r5, r6, r7, lr}
1000809a:	24c8      	movs	r4, #200	@ 0xc8
1000809c:	46c6      	mov	lr, r8
1000809e:	2380      	movs	r3, #128	@ 0x80
100080a0:	4344      	muls	r4, r0
100080a2:	4f1f      	ldr	r7, [pc, #124]	@ (10008120 <tud_cdc_n_read+0x88>)
100080a4:	3410      	adds	r4, #16
100080a6:	0005      	movs	r5, r0
100080a8:	b500      	push	{lr}
100080aa:	193c      	adds	r4, r7, r4
100080ac:	025b      	lsls	r3, r3, #9
100080ae:	429a      	cmp	r2, r3
100080b0:	d300      	bcc.n	100080b4 <tud_cdc_n_read+0x1c>
100080b2:	4a1c      	ldr	r2, [pc, #112]	@ (10008124 <tud_cdc_n_read+0x8c>)
100080b4:	0020      	movs	r0, r4
100080b6:	b292      	uxth	r2, r2
100080b8:	f000 fe12 	bl	10008ce0 <tu_fifo_read_n>
100080bc:	4680      	mov	r8, r0
100080be:	f7ff f951 	bl	10007364 <tud_mounted>
100080c2:	2800      	cmp	r0, #0
100080c4:	d103      	bne.n	100080ce <tud_cdc_n_read+0x36>
100080c6:	4640      	mov	r0, r8
100080c8:	bc80      	pop	{r7}
100080ca:	46b8      	mov	r8, r7
100080cc:	bdf0      	pop	{r4, r5, r6, r7, pc}
100080ce:	f7ff f951 	bl	10007374 <tud_suspended>
100080d2:	2800      	cmp	r0, #0
100080d4:	d1f7      	bne.n	100080c6 <tud_cdc_n_read+0x2e>
100080d6:	26c8      	movs	r6, #200	@ 0xc8
100080d8:	436e      	muls	r6, r5
100080da:	19be      	adds	r6, r7, r6
100080dc:	78f3      	ldrb	r3, [r6, #3]
100080de:	2b00      	cmp	r3, #0
100080e0:	d0f1      	beq.n	100080c6 <tud_cdc_n_read+0x2e>
100080e2:	0020      	movs	r0, r4
100080e4:	f000 fd98 	bl	10008c18 <tu_fifo_remaining>
100080e8:	283f      	cmp	r0, #63	@ 0x3f
100080ea:	d9ec      	bls.n	100080c6 <tud_cdc_n_read+0x2e>
100080ec:	2000      	movs	r0, #0
100080ee:	78f1      	ldrb	r1, [r6, #3]
100080f0:	f7ff fe2e 	bl	10007d50 <usbd_edpt_claim>
100080f4:	2800      	cmp	r0, #0
100080f6:	d0e6      	beq.n	100080c6 <tud_cdc_n_read+0x2e>
100080f8:	0020      	movs	r0, r4
100080fa:	f000 fd8d 	bl	10008c18 <tu_fifo_remaining>
100080fe:	283f      	cmp	r0, #63	@ 0x3f
10008100:	d908      	bls.n	10008114 <tud_cdc_n_read+0x7c>
10008102:	4b09      	ldr	r3, [pc, #36]	@ (10008128 <tud_cdc_n_read+0x90>)
10008104:	01ea      	lsls	r2, r5, #7
10008106:	18d2      	adds	r2, r2, r3
10008108:	78f1      	ldrb	r1, [r6, #3]
1000810a:	2340      	movs	r3, #64	@ 0x40
1000810c:	2000      	movs	r0, #0
1000810e:	f7ff fe47 	bl	10007da0 <usbd_edpt_xfer>
10008112:	e7d8      	b.n	100080c6 <tud_cdc_n_read+0x2e>
10008114:	78f1      	ldrb	r1, [r6, #3]
10008116:	2000      	movs	r0, #0
10008118:	f7ff fe2e 	bl	10007d78 <usbd_edpt_release>
1000811c:	e7d3      	b.n	100080c6 <tud_cdc_n_read+0x2e>
1000811e:	46c0      	nop			@ (mov r8, r8)
10008120:	20001548 	.word	0x20001548
10008124:	0000ffff 	.word	0x0000ffff
10008128:	200014c4 	.word	0x200014c4

1000812c <tud_cdc_n_write_flush>:
1000812c:	b5f8      	push	{r3, r4, r5, r6, r7, lr}
1000812e:	0006      	movs	r6, r0
10008130:	f7ff f918 	bl	10007364 <tud_mounted>
10008134:	2800      	cmp	r0, #0
10008136:	d101      	bne.n	1000813c <tud_cdc_n_write_flush+0x10>
10008138:	2000      	movs	r0, #0
1000813a:	bdf8      	pop	{r3, r4, r5, r6, r7, pc}
1000813c:	f7ff f91a 	bl	10007374 <tud_suspended>
10008140:	2800      	cmp	r0, #0
10008142:	d1f9      	bne.n	10008138 <tud_cdc_n_write_flush+0xc>
10008144:	24c8      	movs	r4, #200	@ 0xc8
10008146:	4374      	muls	r4, r6
10008148:	0025      	movs	r5, r4
1000814a:	4f13      	ldr	r7, [pc, #76]	@ (10008198 <tud_cdc_n_write_flush+0x6c>)
1000814c:	3524      	adds	r5, #36	@ 0x24
1000814e:	19ed      	adds	r5, r5, r7
10008150:	0028      	movs	r0, r5
10008152:	f000 fd43 	bl	10008bdc <tu_fifo_count>
10008156:	2800      	cmp	r0, #0
10008158:	d0ee      	beq.n	10008138 <tud_cdc_n_write_flush+0xc>
1000815a:	193f      	adds	r7, r7, r4
1000815c:	2000      	movs	r0, #0
1000815e:	78b9      	ldrb	r1, [r7, #2]
10008160:	f7ff fdf6 	bl	10007d50 <usbd_edpt_claim>
10008164:	2800      	cmp	r0, #0
10008166:	d0e7      	beq.n	10008138 <tud_cdc_n_write_flush+0xc>
10008168:	4b0c      	ldr	r3, [pc, #48]	@ (1000819c <tud_cdc_n_write_flush+0x70>)
1000816a:	01f4      	lsls	r4, r6, #7
1000816c:	18e4      	adds	r4, r4, r3
1000816e:	0021      	movs	r1, r4
10008170:	0028      	movs	r0, r5
10008172:	2240      	movs	r2, #64	@ 0x40
10008174:	f000 fdb4 	bl	10008ce0 <tu_fifo_read_n>
10008178:	78b9      	ldrb	r1, [r7, #2]
1000817a:	1e05      	subs	r5, r0, #0
1000817c:	d008      	beq.n	10008190 <tud_cdc_n_write_flush+0x64>
1000817e:	0003      	movs	r3, r0
10008180:	0022      	movs	r2, r4
10008182:	2000      	movs	r0, #0
10008184:	f7ff fe0c 	bl	10007da0 <usbd_edpt_xfer>
10008188:	2800      	cmp	r0, #0
1000818a:	d0d5      	beq.n	10008138 <tud_cdc_n_write_flush+0xc>
1000818c:	0028      	movs	r0, r5
1000818e:	e7d4      	b.n	1000813a <tud_cdc_n_write_flush+0xe>
10008190:	2000      	movs	r0, #0
10008192:	f7ff fdf1 	bl	10007d78 <usbd_edpt_release>
10008196:	e7cf      	b.n	10008138 <tud_cdc_n_write_flush+0xc>
10008198:	20001548 	.word	0x20001548
1000819c:	20001504 	.word	0x20001504

100081a0 <tud_cdc_n_write>:
100081a0:	b570      	push	{r4, r5, r6, lr}
100081a2:	24c8      	movs	r4, #200	@ 0xc8
100081a4:	4344      	muls	r4, r0
100081a6:	4b0c      	ldr	r3, [pc, #48]	@ (100081d8 <tud_cdc_n_write+0x38>)
100081a8:	0005      	movs	r5, r0
100081aa:	18e4      	adds	r4, r4, r3
100081ac:	2380      	movs	r3, #128	@ 0x80
100081ae:	025b      	lsls	r3, r3, #9
100081b0:	429a      	cmp	r2, r3
100081b2:	d300      	bcc.n	100081b6 <tud_cdc_n_write+0x16>
100081b4:	4a09      	ldr	r2, [pc, #36]	@ (100081dc <tud_cdc_n_write+0x3c>)
100081b6:	0020      	movs	r0, r4
100081b8:	b292      	uxth	r2, r2
100081ba:	f000 fe59 	bl	10008e70 <tu_fifo_write_n>
100081be:	0006      	movs	r6, r0
100081c0:	0020      	movs	r0, r4
100081c2:	f000 fd0b 	bl	10008bdc <tu_fifo_count>
100081c6:	283f      	cmp	r0, #63	@ 0x3f
100081c8:	d801      	bhi.n	100081ce <tud_cdc_n_write+0x2e>
100081ca:	0030      	movs	r0, r6
100081cc:	bd70      	pop	{r4, r5, r6, pc}
100081ce:	0028      	movs	r0, r5
100081d0:	f7ff ffac 	bl	1000812c <tud_cdc_n_write_flush>
100081d4:	e7f9      	b.n	100081ca <tud_cdc_n_write+0x2a>
100081d6:	46c0      	nop			@ (mov r8, r8)
100081d8:	2000156c 	.word	0x2000156c
100081dc:	0000ffff 	.word	0x0000ffff

100081e0 <tud_cdc_n_write_available>:
100081e0:	23c8      	movs	r3, #200	@ 0xc8
100081e2:	b510      	push	{r4, lr}
100081e4:	4343      	muls	r3, r0
100081e6:	4802      	ldr	r0, [pc, #8]	@ (100081f0 <tud_cdc_n_write_available+0x10>)
100081e8:	1818      	adds	r0, r3, r0
100081ea:	f000 fd15 	bl	10008c18 <tu_fifo_remaining>
100081ee:	bd10      	pop	{r4, pc}
100081f0:	2000156c 	.word	0x2000156c

100081f4 <cdcd_init>:
100081f4:	b5f0      	push	{r4, r5, r6, r7, lr}
100081f6:	2500      	movs	r5, #0
100081f8:	4c18      	ldr	r4, [pc, #96]	@ (1000825c <cdcd_init+0x68>)
100081fa:	b083      	sub	sp, #12
100081fc:	22c8      	movs	r2, #200	@ 0xc8
100081fe:	2100      	movs	r1, #0
10008200:	0020      	movs	r0, r4
10008202:	f7fa f9cf 	bl	100025a4 <__wrap_memset>
10008206:	4b16      	ldr	r3, [pc, #88]	@ (10008260 <cdcd_init+0x6c>)
10008208:	0021      	movs	r1, r4
1000820a:	701d      	strb	r5, [r3, #0]
1000820c:	23ff      	movs	r3, #255	@ 0xff
1000820e:	7163      	strb	r3, [r4, #5]
10008210:	23e1      	movs	r3, #225	@ 0xe1
10008212:	025b      	lsls	r3, r3, #9
10008214:	60a3      	str	r3, [r4, #8]
10008216:	0020      	movs	r0, r4
10008218:	2308      	movs	r3, #8
1000821a:	2240      	movs	r2, #64	@ 0x40
1000821c:	73a3      	strb	r3, [r4, #14]
1000821e:	3138      	adds	r1, #56	@ 0x38
10008220:	9500      	str	r5, [sp, #0]
10008222:	3b07      	subs	r3, #7
10008224:	3010      	adds	r0, #16
10008226:	f000 fca3 	bl	10008b70 <tu_fifo_config>
1000822a:	0027      	movs	r7, r4
1000822c:	2301      	movs	r3, #1
1000822e:	0021      	movs	r1, r4
10008230:	0020      	movs	r0, r4
10008232:	0026      	movs	r6, r4
10008234:	2240      	movs	r2, #64	@ 0x40
10008236:	3178      	adds	r1, #120	@ 0x78
10008238:	9300      	str	r3, [sp, #0]
1000823a:	37b8      	adds	r7, #184	@ 0xb8
1000823c:	3024      	adds	r0, #36	@ 0x24
1000823e:	f000 fc97 	bl	10008b70 <tu_fifo_config>
10008242:	36c0      	adds	r6, #192	@ 0xc0
10008244:	0038      	movs	r0, r7
10008246:	f7f8 fdeb 	bl	10000e20 <mutex_init>
1000824a:	0030      	movs	r0, r6
1000824c:	f7f8 fde8 	bl	10000e20 <mutex_init>
10008250:	61e5      	str	r5, [r4, #28]
10008252:	6227      	str	r7, [r4, #32]
10008254:	6326      	str	r6, [r4, #48]	@ 0x30
10008256:	6365      	str	r5, [r4, #52]	@ 0x34
10008258:	b003      	add	sp, #12
1000825a:	bdf0      	pop	{r4, r5, r6, r7, pc}
1000825c:	20001548 	.word	0x20001548
10008260:	20001544 	.word	0x20001544

10008264 <cdcd_deinit>:
10008264:	4b0b      	ldr	r3, [pc, #44]	@ (10008294 <cdcd_deinit+0x30>)
10008266:	6b19      	ldr	r1, [r3, #48]	@ 0x30
10008268:	2900      	cmp	r1, #0
1000826a:	d00a      	beq.n	10008282 <cdcd_deinit+0x1e>
1000826c:	6a1a      	ldr	r2, [r3, #32]
1000826e:	2a00      	cmp	r2, #0
10008270:	d00d      	beq.n	1000828e <cdcd_deinit+0x2a>
10008272:	2200      	movs	r2, #0
10008274:	621a      	str	r2, [r3, #32]
10008276:	631a      	str	r2, [r3, #48]	@ 0x30
10008278:	61da      	str	r2, [r3, #28]
1000827a:	2200      	movs	r2, #0
1000827c:	635a      	str	r2, [r3, #52]	@ 0x34
1000827e:	2001      	movs	r0, #1
10008280:	4770      	bx	lr
10008282:	6a1a      	ldr	r2, [r3, #32]
10008284:	2a00      	cmp	r2, #0
10008286:	d0fa      	beq.n	1000827e <cdcd_deinit+0x1a>
10008288:	61d9      	str	r1, [r3, #28]
1000828a:	6219      	str	r1, [r3, #32]
1000828c:	e7f7      	b.n	1000827e <cdcd_deinit+0x1a>
1000828e:	631a      	str	r2, [r3, #48]	@ 0x30
10008290:	e7f3      	b.n	1000827a <cdcd_deinit+0x16>
10008292:	46c0      	nop			@ (mov r8, r8)
10008294:	20001548 	.word	0x20001548

10008298 <cdcd_reset>:
10008298:	b570      	push	{r4, r5, r6, lr}
1000829a:	4c0f      	ldr	r4, [pc, #60]	@ (100082d8 <cdcd_reset+0x40>)
1000829c:	2205      	movs	r2, #5
1000829e:	2100      	movs	r1, #0
100082a0:	0020      	movs	r0, r4
100082a2:	f7fa f97f 	bl	100025a4 <__wrap_memset>
100082a6:	4d0d      	ldr	r5, [pc, #52]	@ (100082dc <cdcd_reset+0x44>)
100082a8:	782b      	ldrb	r3, [r5, #0]
100082aa:	07da      	lsls	r2, r3, #31
100082ac:	d507      	bpl.n	100082be <cdcd_reset+0x26>
100082ae:	4c0c      	ldr	r4, [pc, #48]	@ (100082e0 <cdcd_reset+0x48>)
100082b0:	079b      	lsls	r3, r3, #30
100082b2:	d50c      	bpl.n	100082ce <cdcd_reset+0x36>
100082b4:	2101      	movs	r1, #1
100082b6:	0020      	movs	r0, r4
100082b8:	f000 feb6 	bl	10009028 <tu_fifo_set_overwritable>
100082bc:	bd70      	pop	{r4, r5, r6, pc}
100082be:	0020      	movs	r0, r4
100082c0:	3010      	adds	r0, #16
100082c2:	f000 fe91 	bl	10008fe8 <tu_fifo_clear>
100082c6:	782b      	ldrb	r3, [r5, #0]
100082c8:	4c05      	ldr	r4, [pc, #20]	@ (100082e0 <cdcd_reset+0x48>)
100082ca:	079b      	lsls	r3, r3, #30
100082cc:	d4f2      	bmi.n	100082b4 <cdcd_reset+0x1c>
100082ce:	0020      	movs	r0, r4
100082d0:	f000 fe8a 	bl	10008fe8 <tu_fifo_clear>
100082d4:	e7ee      	b.n	100082b4 <cdcd_reset+0x1c>
100082d6:	46c0      	nop			@ (mov r8, r8)
100082d8:	20001548 	.word	0x20001548
100082dc:	20001544 	.word	0x20001544
100082e0:	2000156c 	.word	0x2000156c

100082e4 <cdcd_open>:
100082e4:	b5f0      	push	{r4, r5, r6, r7, lr}
100082e6:	794b      	ldrb	r3, [r1, #5]
100082e8:	0006      	movs	r6, r0
100082ea:	b083      	sub	sp, #12
100082ec:	2b02      	cmp	r3, #2
100082ee:	d102      	bne.n	100082f6 <cdcd_open+0x12>
100082f0:	798b      	ldrb	r3, [r1, #6]
100082f2:	2b02      	cmp	r3, #2
100082f4:	d003      	beq.n	100082fe <cdcd_open+0x1a>
100082f6:	2500      	movs	r5, #0
100082f8:	0028      	movs	r0, r5
100082fa:	b003      	add	sp, #12
100082fc:	bdf0      	pop	{r4, r5, r6, r7, pc}
100082fe:	4f21      	ldr	r7, [pc, #132]	@ (10008384 <cdcd_open+0xa0>)
10008300:	78bb      	ldrb	r3, [r7, #2]
10008302:	2b00      	cmp	r3, #0
10008304:	d1f7      	bne.n	100082f6 <cdcd_open+0x12>
10008306:	788b      	ldrb	r3, [r1, #2]
10008308:	2509      	movs	r5, #9
1000830a:	703b      	strb	r3, [r7, #0]
1000830c:	780c      	ldrb	r4, [r1, #0]
1000830e:	190c      	adds	r4, r1, r4
10008310:	7863      	ldrb	r3, [r4, #1]
10008312:	2b24      	cmp	r3, #36	@ 0x24
10008314:	d10b      	bne.n	1000832e <cdcd_open+0x4a>
10008316:	2a08      	cmp	r2, #8
10008318:	d802      	bhi.n	10008320 <cdcd_open+0x3c>
1000831a:	e00f      	b.n	1000833c <cdcd_open+0x58>
1000831c:	42aa      	cmp	r2, r5
1000831e:	d30d      	bcc.n	1000833c <cdcd_open+0x58>
10008320:	7823      	ldrb	r3, [r4, #0]
10008322:	18e4      	adds	r4, r4, r3
10008324:	195d      	adds	r5, r3, r5
10008326:	7863      	ldrb	r3, [r4, #1]
10008328:	b2ad      	uxth	r5, r5
1000832a:	2b24      	cmp	r3, #36	@ 0x24
1000832c:	d0f6      	beq.n	1000831c <cdcd_open+0x38>
1000832e:	2b05      	cmp	r3, #5
10008330:	d008      	beq.n	10008344 <cdcd_open+0x60>
10008332:	2b04      	cmp	r3, #4
10008334:	d102      	bne.n	1000833c <cdcd_open+0x58>
10008336:	7963      	ldrb	r3, [r4, #5]
10008338:	2b0a      	cmp	r3, #10
1000833a:	d011      	beq.n	10008360 <cdcd_open+0x7c>
1000833c:	2000      	movs	r0, #0
1000833e:	f7ff fe55 	bl	10007fec <_prep_out_transaction.isra.0>
10008342:	e7d9      	b.n	100082f8 <cdcd_open+0x14>
10008344:	0021      	movs	r1, r4
10008346:	0030      	movs	r0, r6
10008348:	f7ff fce8 	bl	10007d1c <usbd_edpt_open>
1000834c:	2800      	cmp	r0, #0
1000834e:	d0d2      	beq.n	100082f6 <cdcd_open+0x12>
10008350:	78a3      	ldrb	r3, [r4, #2]
10008352:	707b      	strb	r3, [r7, #1]
10008354:	7823      	ldrb	r3, [r4, #0]
10008356:	195d      	adds	r5, r3, r5
10008358:	18e4      	adds	r4, r4, r3
1000835a:	7863      	ldrb	r3, [r4, #1]
1000835c:	b2ad      	uxth	r5, r5
1000835e:	e7e8      	b.n	10008332 <cdcd_open+0x4e>
10008360:	4b09      	ldr	r3, [pc, #36]	@ (10008388 <cdcd_open+0xa4>)
10008362:	7827      	ldrb	r7, [r4, #0]
10008364:	9301      	str	r3, [sp, #4]
10008366:	3301      	adds	r3, #1
10008368:	9300      	str	r3, [sp, #0]
1000836a:	2202      	movs	r2, #2
1000836c:	2302      	movs	r3, #2
1000836e:	0030      	movs	r0, r6
10008370:	19e1      	adds	r1, r4, r7
10008372:	f7ff fc85 	bl	10007c80 <usbd_open_edpt_pair>
10008376:	2800      	cmp	r0, #0
10008378:	d0bd      	beq.n	100082f6 <cdcd_open+0x12>
1000837a:	350e      	adds	r5, #14
1000837c:	19ed      	adds	r5, r5, r7
1000837e:	b2ad      	uxth	r5, r5
10008380:	e7dc      	b.n	1000833c <cdcd_open+0x58>
10008382:	46c0      	nop			@ (mov r8, r8)
10008384:	20001548 	.word	0x20001548
10008388:	2000154a 	.word	0x2000154a

1000838c <cdcd_control_xfer_cb>:
1000838c:	b5f8      	push	{r3, r4, r5, r6, r7, lr}
1000838e:	2360      	movs	r3, #96	@ 0x60
10008390:	0014      	movs	r4, r2
10008392:	7812      	ldrb	r2, [r2, #0]
10008394:	0005      	movs	r5, r0
10008396:	4013      	ands	r3, r2
10008398:	2000      	movs	r0, #0
1000839a:	2b20      	cmp	r3, #32
1000839c:	d107      	bne.n	100083ae <cdcd_control_xfer_cb+0x22>
1000839e:	4a30      	ldr	r2, [pc, #192]	@ (10008460 <cdcd_control_xfer_cb+0xd4>)
100083a0:	7963      	ldrb	r3, [r4, #5]
100083a2:	7927      	ldrb	r7, [r4, #4]
100083a4:	7816      	ldrb	r6, [r2, #0]
100083a6:	021b      	lsls	r3, r3, #8
100083a8:	433b      	orrs	r3, r7
100083aa:	429e      	cmp	r6, r3
100083ac:	d000      	beq.n	100083b0 <cdcd_control_xfer_cb+0x24>
100083ae:	bdf8      	pop	{r3, r4, r5, r6, r7, pc}
100083b0:	7863      	ldrb	r3, [r4, #1]
100083b2:	2b22      	cmp	r3, #34	@ 0x22
100083b4:	d01a      	beq.n	100083ec <cdcd_control_xfer_cb+0x60>
100083b6:	d807      	bhi.n	100083c8 <cdcd_control_xfer_cb+0x3c>
100083b8:	2b20      	cmp	r3, #32
100083ba:	d034      	beq.n	10008426 <cdcd_control_xfer_cb+0x9a>
100083bc:	2b21      	cmp	r3, #33	@ 0x21
100083be:	d1f6      	bne.n	100083ae <cdcd_control_xfer_cb+0x22>
100083c0:	2901      	cmp	r1, #1
100083c2:	d03e      	beq.n	10008442 <cdcd_control_xfer_cb+0xb6>
100083c4:	2001      	movs	r0, #1
100083c6:	e7f2      	b.n	100083ae <cdcd_control_xfer_cb+0x22>
100083c8:	2b23      	cmp	r3, #35	@ 0x23
100083ca:	d1f0      	bne.n	100083ae <cdcd_control_xfer_cb+0x22>
100083cc:	2901      	cmp	r1, #1
100083ce:	d040      	beq.n	10008452 <cdcd_control_xfer_cb+0xc6>
100083d0:	2903      	cmp	r1, #3
100083d2:	d1f7      	bne.n	100083c4 <cdcd_control_xfer_cb+0x38>
100083d4:	4b23      	ldr	r3, [pc, #140]	@ (10008464 <cdcd_control_xfer_cb+0xd8>)
100083d6:	2b00      	cmp	r3, #0
100083d8:	d0f4      	beq.n	100083c4 <cdcd_control_xfer_cb+0x38>
100083da:	78e1      	ldrb	r1, [r4, #3]
100083dc:	78a3      	ldrb	r3, [r4, #2]
100083de:	0209      	lsls	r1, r1, #8
100083e0:	2000      	movs	r0, #0
100083e2:	4319      	orrs	r1, r3
100083e4:	e000      	b.n	100083e8 <cdcd_control_xfer_cb+0x5c>
100083e6:	bf00      	nop
100083e8:	2001      	movs	r0, #1
100083ea:	e7e0      	b.n	100083ae <cdcd_control_xfer_cb+0x22>
100083ec:	2901      	cmp	r1, #1
100083ee:	d030      	beq.n	10008452 <cdcd_control_xfer_cb+0xc6>
100083f0:	2903      	cmp	r1, #3
100083f2:	d1e7      	bne.n	100083c4 <cdcd_control_xfer_cb+0x38>
100083f4:	2501      	movs	r5, #1
100083f6:	002e      	movs	r6, r5
100083f8:	78a3      	ldrb	r3, [r4, #2]
100083fa:	78e4      	ldrb	r4, [r4, #3]
100083fc:	3902      	subs	r1, #2
100083fe:	0224      	lsls	r4, r4, #8
10008400:	431c      	orrs	r4, r3
10008402:	7114      	strb	r4, [r2, #4]
10008404:	4026      	ands	r6, r4
10008406:	3224      	adds	r2, #36	@ 0x24
10008408:	0010      	movs	r0, r2
1000840a:	4071      	eors	r1, r6
1000840c:	f000 fe0c 	bl	10009028 <tu_fifo_set_overwritable>
10008410:	4b15      	ldr	r3, [pc, #84]	@ (10008468 <cdcd_control_xfer_cb+0xdc>)
10008412:	2b00      	cmp	r3, #0
10008414:	d0d6      	beq.n	100083c4 <cdcd_control_xfer_cb+0x38>
10008416:	0862      	lsrs	r2, r4, #1
10008418:	2000      	movs	r0, #0
1000841a:	0031      	movs	r1, r6
1000841c:	402a      	ands	r2, r5
1000841e:	e000      	b.n	10008422 <cdcd_control_xfer_cb+0x96>
10008420:	bf00      	nop
10008422:	2001      	movs	r0, #1
10008424:	e7c3      	b.n	100083ae <cdcd_control_xfer_cb+0x22>
10008426:	2901      	cmp	r1, #1
10008428:	d00b      	beq.n	10008442 <cdcd_control_xfer_cb+0xb6>
1000842a:	2903      	cmp	r1, #3
1000842c:	d1ca      	bne.n	100083c4 <cdcd_control_xfer_cb+0x38>
1000842e:	4b0f      	ldr	r3, [pc, #60]	@ (1000846c <cdcd_control_xfer_cb+0xe0>)
10008430:	2b00      	cmp	r3, #0
10008432:	d0c7      	beq.n	100083c4 <cdcd_control_xfer_cb+0x38>
10008434:	3208      	adds	r2, #8
10008436:	2000      	movs	r0, #0
10008438:	0011      	movs	r1, r2
1000843a:	f7fe fb91 	bl	10006b60 <tud_cdc_line_coding_cb>
1000843e:	2001      	movs	r0, #1
10008440:	e7b5      	b.n	100083ae <cdcd_control_xfer_cb+0x22>
10008442:	2307      	movs	r3, #7
10008444:	0021      	movs	r1, r4
10008446:	0028      	movs	r0, r5
10008448:	4a09      	ldr	r2, [pc, #36]	@ (10008470 <cdcd_control_xfer_cb+0xe4>)
1000844a:	f7ff fce5 	bl	10007e18 <tud_control_xfer>
1000844e:	2001      	movs	r0, #1
10008450:	e7ad      	b.n	100083ae <cdcd_control_xfer_cb+0x22>
10008452:	0021      	movs	r1, r4
10008454:	0028      	movs	r0, r5
10008456:	f7ff fcc9 	bl	10007dec <tud_control_status>
1000845a:	2001      	movs	r0, #1
1000845c:	e7a7      	b.n	100083ae <cdcd_control_xfer_cb+0x22>
1000845e:	46c0      	nop			@ (mov r8, r8)
10008460:	20001548 	.word	0x20001548
	...
1000846c:	10006b61 	.word	0x10006b61
10008470:	20001550 	.word	0x20001550

10008474 <cdcd_xfer_cb>:
10008474:	b5f0      	push	{r4, r5, r6, r7, lr}
10008476:	464f      	mov	r7, r9
10008478:	4646      	mov	r6, r8
1000847a:	46d6      	mov	lr, sl
1000847c:	4d36      	ldr	r5, [pc, #216]	@ (10008558 <cdcd_xfer_cb+0xe4>)
1000847e:	b5c0      	push	{r6, r7, lr}
10008480:	78ea      	ldrb	r2, [r5, #3]
10008482:	001f      	movs	r7, r3
10008484:	4680      	mov	r8, r0
10008486:	000c      	movs	r4, r1
10008488:	78ab      	ldrb	r3, [r5, #2]
1000848a:	428a      	cmp	r2, r1
1000848c:	d03b      	beq.n	10008506 <cdcd_xfer_cb+0x92>
1000848e:	428b      	cmp	r3, r1
10008490:	d010      	beq.n	100084b4 <cdcd_xfer_cb+0x40>
10008492:	2000      	movs	r0, #0
10008494:	bce0      	pop	{r5, r6, r7}
10008496:	46ba      	mov	sl, r7
10008498:	46b1      	mov	r9, r6
1000849a:	46a8      	mov	r8, r5
1000849c:	bdf0      	pop	{r4, r5, r6, r7, pc}
1000849e:	4b2f      	ldr	r3, [pc, #188]	@ (1000855c <cdcd_xfer_cb+0xe8>)
100084a0:	2b00      	cmp	r3, #0
100084a2:	d004      	beq.n	100084ae <cdcd_xfer_cb+0x3a>
100084a4:	482e      	ldr	r0, [pc, #184]	@ (10008560 <cdcd_xfer_cb+0xec>)
100084a6:	f000 fbaf 	bl	10008c08 <tu_fifo_empty>
100084aa:	2800      	cmp	r0, #0
100084ac:	d051      	beq.n	10008552 <cdcd_xfer_cb+0xde>
100084ae:	2000      	movs	r0, #0
100084b0:	f7ff fd9c 	bl	10007fec <_prep_out_transaction.isra.0>
100084b4:	78ab      	ldrb	r3, [r5, #2]
100084b6:	42a3      	cmp	r3, r4
100084b8:	d001      	beq.n	100084be <cdcd_xfer_cb+0x4a>
100084ba:	2001      	movs	r0, #1
100084bc:	e7ea      	b.n	10008494 <cdcd_xfer_cb+0x20>
100084be:	4b29      	ldr	r3, [pc, #164]	@ (10008564 <cdcd_xfer_cb+0xf0>)
100084c0:	2b00      	cmp	r3, #0
100084c2:	d002      	beq.n	100084ca <cdcd_xfer_cb+0x56>
100084c4:	2000      	movs	r0, #0
100084c6:	e000      	b.n	100084ca <cdcd_xfer_cb+0x56>
100084c8:	bf00      	nop
100084ca:	2000      	movs	r0, #0
100084cc:	f7ff fe2e 	bl	1000812c <tud_cdc_n_write_flush>
100084d0:	2800      	cmp	r0, #0
100084d2:	d1f2      	bne.n	100084ba <cdcd_xfer_cb+0x46>
100084d4:	4c24      	ldr	r4, [pc, #144]	@ (10008568 <cdcd_xfer_cb+0xf4>)
100084d6:	0020      	movs	r0, r4
100084d8:	f000 fb80 	bl	10008bdc <tu_fifo_count>
100084dc:	2800      	cmp	r0, #0
100084de:	d1ec      	bne.n	100084ba <cdcd_xfer_cb+0x46>
100084e0:	2f00      	cmp	r7, #0
100084e2:	d0ea      	beq.n	100084ba <cdcd_xfer_cb+0x46>
100084e4:	06bf      	lsls	r7, r7, #26
100084e6:	d1e8      	bne.n	100084ba <cdcd_xfer_cb+0x46>
100084e8:	3c24      	subs	r4, #36	@ 0x24
100084ea:	4640      	mov	r0, r8
100084ec:	78a1      	ldrb	r1, [r4, #2]
100084ee:	f7ff fc2f 	bl	10007d50 <usbd_edpt_claim>
100084f2:	2800      	cmp	r0, #0
100084f4:	d0e1      	beq.n	100084ba <cdcd_xfer_cb+0x46>
100084f6:	2300      	movs	r3, #0
100084f8:	2200      	movs	r2, #0
100084fa:	4640      	mov	r0, r8
100084fc:	78a1      	ldrb	r1, [r4, #2]
100084fe:	f7ff fc4f 	bl	10007da0 <usbd_edpt_xfer>
10008502:	2001      	movs	r0, #1
10008504:	e7c6      	b.n	10008494 <cdcd_xfer_cb+0x20>
10008506:	2310      	movs	r3, #16
10008508:	469a      	mov	sl, r3
1000850a:	4e18      	ldr	r6, [pc, #96]	@ (1000856c <cdcd_xfer_cb+0xf8>)
1000850c:	44aa      	add	sl, r5
1000850e:	0031      	movs	r1, r6
10008510:	4650      	mov	r0, sl
10008512:	b2ba      	uxth	r2, r7
10008514:	f000 fcac 	bl	10008e70 <tu_fifo_write_n>
10008518:	4b15      	ldr	r3, [pc, #84]	@ (10008570 <cdcd_xfer_cb+0xfc>)
1000851a:	2b00      	cmp	r3, #0
1000851c:	d0bf      	beq.n	1000849e <cdcd_xfer_cb+0x2a>
1000851e:	796b      	ldrb	r3, [r5, #5]
10008520:	2bff      	cmp	r3, #255	@ 0xff
10008522:	d0bc      	beq.n	1000849e <cdcd_xfer_cb+0x2a>
10008524:	2f00      	cmp	r7, #0
10008526:	d0ba      	beq.n	1000849e <cdcd_xfer_cb+0x2a>
10008528:	19f2      	adds	r2, r6, r7
1000852a:	4691      	mov	r9, r2
1000852c:	e003      	b.n	10008536 <cdcd_xfer_cb+0xc2>
1000852e:	3601      	adds	r6, #1
10008530:	45b1      	cmp	r9, r6
10008532:	d0b4      	beq.n	1000849e <cdcd_xfer_cb+0x2a>
10008534:	796b      	ldrb	r3, [r5, #5]
10008536:	7832      	ldrb	r2, [r6, #0]
10008538:	429a      	cmp	r2, r3
1000853a:	d1f8      	bne.n	1000852e <cdcd_xfer_cb+0xba>
1000853c:	4650      	mov	r0, sl
1000853e:	f000 fb63 	bl	10008c08 <tu_fifo_empty>
10008542:	2800      	cmp	r0, #0
10008544:	d1f3      	bne.n	1000852e <cdcd_xfer_cb+0xba>
10008546:	4653      	mov	r3, sl
10008548:	3b10      	subs	r3, #16
1000854a:	7959      	ldrb	r1, [r3, #5]
1000854c:	e000      	b.n	10008550 <cdcd_xfer_cb+0xdc>
1000854e:	bf00      	nop
10008550:	e7ed      	b.n	1000852e <cdcd_xfer_cb+0xba>
10008552:	e000      	b.n	10008556 <cdcd_xfer_cb+0xe2>
10008554:	bf00      	nop
10008556:	e7aa      	b.n	100084ae <cdcd_xfer_cb+0x3a>
10008558:	20001548 	.word	0x20001548
1000855c:	00000000 	.word	0x00000000
10008560:	20001558 	.word	0x20001558
10008564:	00000000 	.word	0x00000000
10008568:	2000156c 	.word	0x2000156c
1000856c:	200014c4 	.word	0x200014c4
10008570:	00000000 	.word	0x00000000

10008574 <vendord_init>:
10008574:	2293      	movs	r2, #147	@ 0x93
10008576:	b5f0      	push	{r4, r5, r6, r7, lr}
10008578:	4c13      	ldr	r4, [pc, #76]	@ (100085c8 <vendord_init+0x54>)
1000857a:	b085      	sub	sp, #20
1000857c:	2100      	movs	r1, #0
1000857e:	0020      	movs	r0, r4
10008580:	0092      	lsls	r2, r2, #2
10008582:	f7fa f80f 	bl	100025a4 <__wrap_memset>
10008586:	0023      	movs	r3, r4
10008588:	0020      	movs	r0, r4
1000858a:	2680      	movs	r6, #128	@ 0x80
1000858c:	2740      	movs	r7, #64	@ 0x40
1000858e:	4d0f      	ldr	r5, [pc, #60]	@ (100085cc <vendord_init+0x58>)
10008590:	334d      	adds	r3, #77	@ 0x4d
10008592:	0076      	lsls	r6, r6, #1
10008594:	33ff      	adds	r3, #255	@ 0xff
10008596:	3029      	adds	r0, #41	@ 0x29
10008598:	9502      	str	r5, [sp, #8]
1000859a:	9300      	str	r3, [sp, #0]
1000859c:	2200      	movs	r2, #0
1000859e:	2300      	movs	r3, #0
100085a0:	2100      	movs	r1, #0
100085a2:	9703      	str	r7, [sp, #12]
100085a4:	9601      	str	r6, [sp, #4]
100085a6:	30ff      	adds	r0, #255	@ 0xff
100085a8:	f000 f9d6 	bl	10008958 <tu_edpt_stream_init>
100085ac:	3540      	adds	r5, #64	@ 0x40
100085ae:	1d20      	adds	r0, r4, #4
100085b0:	3428      	adds	r4, #40	@ 0x28
100085b2:	2300      	movs	r3, #0
100085b4:	2201      	movs	r2, #1
100085b6:	2100      	movs	r1, #0
100085b8:	9703      	str	r7, [sp, #12]
100085ba:	9502      	str	r5, [sp, #8]
100085bc:	9601      	str	r6, [sp, #4]
100085be:	9400      	str	r4, [sp, #0]
100085c0:	f000 f9ca 	bl	10008958 <tu_edpt_stream_init>
100085c4:	b005      	add	sp, #20
100085c6:	bdf0      	pop	{r4, r5, r6, r7, pc}
100085c8:	2000180c 	.word	0x2000180c
100085cc:	2000178c 	.word	0x2000178c

100085d0 <vendord_deinit>:
100085d0:	b510      	push	{r4, lr}
100085d2:	4c05      	ldr	r4, [pc, #20]	@ (100085e8 <vendord_deinit+0x18>)
100085d4:	0020      	movs	r0, r4
100085d6:	f000 f9f5 	bl	100089c4 <tu_edpt_stream_deinit>
100085da:	0020      	movs	r0, r4
100085dc:	3825      	subs	r0, #37	@ 0x25
100085de:	38ff      	subs	r0, #255	@ 0xff
100085e0:	f000 f9f0 	bl	100089c4 <tu_edpt_stream_deinit>
100085e4:	2001      	movs	r0, #1
100085e6:	bd10      	pop	{r4, pc}
100085e8:	20001934 	.word	0x20001934

100085ec <vendord_reset>:
100085ec:	b570      	push	{r4, r5, r6, lr}
100085ee:	4c08      	ldr	r4, [pc, #32]	@ (10008610 <vendord_reset+0x24>)
100085f0:	2500      	movs	r5, #0
100085f2:	0020      	movs	r0, r4
100085f4:	3031      	adds	r0, #49	@ 0x31
100085f6:	30ff      	adds	r0, #255	@ 0xff
100085f8:	7025      	strb	r5, [r4, #0]
100085fa:	f000 fcf5 	bl	10008fe8 <tu_fifo_clear>
100085fe:	0020      	movs	r0, r4
10008600:	300c      	adds	r0, #12
10008602:	f000 fcf1 	bl	10008fe8 <tu_fifo_clear>
10008606:	232a      	movs	r3, #42	@ 0x2a
10008608:	33ff      	adds	r3, #255	@ 0xff
1000860a:	54e5      	strb	r5, [r4, r3]
1000860c:	7165      	strb	r5, [r4, #5]
1000860e:	bd70      	pop	{r4, r5, r6, pc}
10008610:	2000180c 	.word	0x2000180c

10008614 <vendord_open>:
10008614:	b5f8      	push	{r3, r4, r5, r6, r7, lr}
10008616:	4657      	mov	r7, sl
10008618:	4645      	mov	r5, r8
1000861a:	46de      	mov	lr, fp
1000861c:	464e      	mov	r6, r9
1000861e:	b5e0      	push	{r5, r6, r7, lr}
10008620:	794b      	ldrb	r3, [r1, #5]
10008622:	4680      	mov	r8, r0
10008624:	000f      	movs	r7, r1
10008626:	2bff      	cmp	r3, #255	@ 0xff
10008628:	d127      	bne.n	1000867a <vendord_open+0x66>
1000862a:	4b42      	ldr	r3, [pc, #264]	@ (10008734 <vendord_open+0x120>)
1000862c:	780c      	ldrb	r4, [r1, #0]
1000862e:	4699      	mov	r9, r3
10008630:	232a      	movs	r3, #42	@ 0x2a
10008632:	4649      	mov	r1, r9
10008634:	33ff      	adds	r3, #255	@ 0xff
10008636:	5ccb      	ldrb	r3, [r1, r3]
10008638:	2b00      	cmp	r3, #0
1000863a:	d11e      	bne.n	1000867a <vendord_open+0x66>
1000863c:	794e      	ldrb	r6, [r1, #5]
1000863e:	2e00      	cmp	r6, #0
10008640:	d11b      	bne.n	1000867a <vendord_open+0x66>
10008642:	78bb      	ldrb	r3, [r7, #2]
10008644:	193c      	adds	r4, r7, r4
10008646:	700b      	strb	r3, [r1, #0]
10008648:	793b      	ldrb	r3, [r7, #4]
1000864a:	2b00      	cmp	r3, #0
1000864c:	d012      	beq.n	10008674 <vendord_open+0x60>
1000864e:	2398      	movs	r3, #152	@ 0x98
10008650:	005b      	lsls	r3, r3, #1
10008652:	444b      	add	r3, r9
10008654:	469a      	mov	sl, r3
10008656:	230c      	movs	r3, #12
10008658:	444b      	add	r3, r9
1000865a:	469b      	mov	fp, r3
1000865c:	18a5      	adds	r5, r4, r2
1000865e:	7863      	ldrb	r3, [r4, #1]
10008660:	2b05      	cmp	r3, #5
10008662:	d105      	bne.n	10008670 <vendord_open+0x5c>
10008664:	e010      	b.n	10008688 <vendord_open+0x74>
10008666:	7823      	ldrb	r3, [r4, #0]
10008668:	18e4      	adds	r4, r4, r3
1000866a:	7863      	ldrb	r3, [r4, #1]
1000866c:	2b05      	cmp	r3, #5
1000866e:	d00b      	beq.n	10008688 <vendord_open+0x74>
10008670:	42a5      	cmp	r5, r4
10008672:	d8f8      	bhi.n	10008666 <vendord_open+0x52>
10008674:	1be0      	subs	r0, r4, r7
10008676:	b280      	uxth	r0, r0
10008678:	e000      	b.n	1000867c <vendord_open+0x68>
1000867a:	2000      	movs	r0, #0
1000867c:	bcf0      	pop	{r4, r5, r6, r7}
1000867e:	46bb      	mov	fp, r7
10008680:	46b2      	mov	sl, r6
10008682:	46a9      	mov	r9, r5
10008684:	46a0      	mov	r8, r4
10008686:	bdf8      	pop	{r3, r4, r5, r6, r7, pc}
10008688:	42a5      	cmp	r5, r4
1000868a:	d9f3      	bls.n	10008674 <vendord_open+0x60>
1000868c:	0021      	movs	r1, r4
1000868e:	4640      	mov	r0, r8
10008690:	f7ff fb44 	bl	10007d1c <usbd_edpt_open>
10008694:	2800      	cmp	r0, #0
10008696:	d0f0      	beq.n	1000867a <vendord_open+0x66>
10008698:	78a3      	ldrb	r3, [r4, #2]
1000869a:	3601      	adds	r6, #1
1000869c:	b2f6      	uxtb	r6, r6
1000869e:	09db      	lsrs	r3, r3, #7
100086a0:	2b01      	cmp	r3, #1
100086a2:	d029      	beq.n	100086f8 <vendord_open+0xe4>
100086a4:	4650      	mov	r0, sl
100086a6:	f000 fc9f 	bl	10008fe8 <tu_fifo_clear>
100086aa:	232a      	movs	r3, #42	@ 0x2a
100086ac:	4649      	mov	r1, r9
100086ae:	78a2      	ldrb	r2, [r4, #2]
100086b0:	33ff      	adds	r3, #255	@ 0xff
100086b2:	54ca      	strb	r2, [r1, r3]
100086b4:	7963      	ldrb	r3, [r4, #5]
100086b6:	7922      	ldrb	r2, [r4, #4]
100086b8:	021b      	lsls	r3, r3, #8
100086ba:	4313      	orrs	r3, r2
100086bc:	4a1e      	ldr	r2, [pc, #120]	@ (10008738 <vendord_open+0x124>)
100086be:	055b      	lsls	r3, r3, #21
100086c0:	4694      	mov	ip, r2
100086c2:	0d5b      	lsrs	r3, r3, #21
100086c4:	2194      	movs	r1, #148	@ 0x94
100086c6:	4463      	add	r3, ip
100086c8:	425a      	negs	r2, r3
100086ca:	4153      	adcs	r3, r2
100086cc:	464a      	mov	r2, r9
100086ce:	2002      	movs	r0, #2
100086d0:	0049      	lsls	r1, r1, #1
100086d2:	5c52      	ldrb	r2, [r2, r1]
100086d4:	005b      	lsls	r3, r3, #1
100086d6:	4382      	bics	r2, r0
100086d8:	4313      	orrs	r3, r2
100086da:	464a      	mov	r2, r9
100086dc:	5453      	strb	r3, [r2, r1]
100086de:	4651      	mov	r1, sl
100086e0:	4640      	mov	r0, r8
100086e2:	3908      	subs	r1, #8
100086e4:	f000 f9d6 	bl	10008a94 <tu_edpt_stream_read_xfer>
100086e8:	2800      	cmp	r0, #0
100086ea:	d0c6      	beq.n	1000867a <vendord_open+0x66>
100086ec:	7823      	ldrb	r3, [r4, #0]
100086ee:	18e4      	adds	r4, r4, r3
100086f0:	793b      	ldrb	r3, [r7, #4]
100086f2:	42b3      	cmp	r3, r6
100086f4:	d8b3      	bhi.n	1000865e <vendord_open+0x4a>
100086f6:	e7bd      	b.n	10008674 <vendord_open+0x60>
100086f8:	4658      	mov	r0, fp
100086fa:	f000 fc75 	bl	10008fe8 <tu_fifo_clear>
100086fe:	465a      	mov	r2, fp
10008700:	78a3      	ldrb	r3, [r4, #2]
10008702:	3a0c      	subs	r2, #12
10008704:	7153      	strb	r3, [r2, #5]
10008706:	7963      	ldrb	r3, [r4, #5]
10008708:	7921      	ldrb	r1, [r4, #4]
1000870a:	021b      	lsls	r3, r3, #8
1000870c:	430b      	orrs	r3, r1
1000870e:	490a      	ldr	r1, [pc, #40]	@ (10008738 <vendord_open+0x124>)
10008710:	055b      	lsls	r3, r3, #21
10008712:	468c      	mov	ip, r1
10008714:	0d5b      	lsrs	r3, r3, #21
10008716:	4463      	add	r3, ip
10008718:	4259      	negs	r1, r3
1000871a:	414b      	adcs	r3, r1
1000871c:	2002      	movs	r0, #2
1000871e:	7911      	ldrb	r1, [r2, #4]
10008720:	005b      	lsls	r3, r3, #1
10008722:	4381      	bics	r1, r0
10008724:	430b      	orrs	r3, r1
10008726:	4659      	mov	r1, fp
10008728:	2000      	movs	r0, #0
1000872a:	3908      	subs	r1, #8
1000872c:	7113      	strb	r3, [r2, #4]
1000872e:	f000 f97f 	bl	10008a30 <tu_edpt_stream_write_xfer>
10008732:	e7db      	b.n	100086ec <vendord_open+0xd8>
10008734:	2000180c 	.word	0x2000180c
10008738:	fffffe00 	.word	0xfffffe00

1000873c <vendord_xfer_cb>:
1000873c:	b570      	push	{r4, r5, r6, lr}
1000873e:	0005      	movs	r5, r0
10008740:	202a      	movs	r0, #42	@ 0x2a
10008742:	4c1f      	ldr	r4, [pc, #124]	@ (100087c0 <vendord_xfer_cb+0x84>)
10008744:	30ff      	adds	r0, #255	@ 0xff
10008746:	5c20      	ldrb	r0, [r4, r0]
10008748:	001e      	movs	r6, r3
1000874a:	7963      	ldrb	r3, [r4, #5]
1000874c:	4288      	cmp	r0, r1
1000874e:	d003      	beq.n	10008758 <vendord_xfer_cb+0x1c>
10008750:	2000      	movs	r0, #0
10008752:	428b      	cmp	r3, r1
10008754:	d01d      	beq.n	10008792 <vendord_xfer_cb+0x56>
10008756:	bd70      	pop	{r4, r5, r6, pc}
10008758:	239a      	movs	r3, #154	@ 0x9a
1000875a:	005b      	lsls	r3, r3, #1
1000875c:	5ae3      	ldrh	r3, [r4, r3]
1000875e:	2b00      	cmp	r3, #0
10008760:	d10d      	bne.n	1000877e <vendord_xfer_cb+0x42>
10008762:	4b18      	ldr	r3, [pc, #96]	@ (100087c4 <vendord_xfer_cb+0x88>)
10008764:	2b00      	cmp	r3, #0
10008766:	d004      	beq.n	10008772 <vendord_xfer_cb+0x36>
10008768:	2000      	movs	r0, #0
1000876a:	4917      	ldr	r1, [pc, #92]	@ (100087c8 <vendord_xfer_cb+0x8c>)
1000876c:	b2b2      	uxth	r2, r6
1000876e:	e000      	b.n	10008772 <vendord_xfer_cb+0x36>
10008770:	bf00      	nop
10008772:	0028      	movs	r0, r5
10008774:	4915      	ldr	r1, [pc, #84]	@ (100087cc <vendord_xfer_cb+0x90>)
10008776:	f000 f98d 	bl	10008a94 <tu_edpt_stream_read_xfer>
1000877a:	2001      	movs	r0, #1
1000877c:	e7eb      	b.n	10008756 <vendord_xfer_cb+0x1a>
1000877e:	0020      	movs	r0, r4
10008780:	2396      	movs	r3, #150	@ 0x96
10008782:	3031      	adds	r0, #49	@ 0x31
10008784:	005b      	lsls	r3, r3, #1
10008786:	58e1      	ldr	r1, [r4, r3]
10008788:	b2b2      	uxth	r2, r6
1000878a:	30ff      	adds	r0, #255	@ 0xff
1000878c:	f000 fb70 	bl	10008e70 <tu_fifo_write_n>
10008790:	e7e7      	b.n	10008762 <vendord_xfer_cb+0x26>
10008792:	4b0f      	ldr	r3, [pc, #60]	@ (100087d0 <vendord_xfer_cb+0x94>)
10008794:	2b00      	cmp	r3, #0
10008796:	d004      	beq.n	100087a2 <vendord_xfer_cb+0x66>
10008798:	0431      	lsls	r1, r6, #16
1000879a:	2000      	movs	r0, #0
1000879c:	0c09      	lsrs	r1, r1, #16
1000879e:	e000      	b.n	100087a2 <vendord_xfer_cb+0x66>
100087a0:	bf00      	nop
100087a2:	4c0c      	ldr	r4, [pc, #48]	@ (100087d4 <vendord_xfer_cb+0x98>)
100087a4:	0028      	movs	r0, r5
100087a6:	0021      	movs	r1, r4
100087a8:	f000 f942 	bl	10008a30 <tu_edpt_stream_write_xfer>
100087ac:	2800      	cmp	r0, #0
100087ae:	d1e4      	bne.n	1000877a <vendord_xfer_cb+0x3e>
100087b0:	0032      	movs	r2, r6
100087b2:	0021      	movs	r1, r4
100087b4:	0028      	movs	r0, r5
100087b6:	f000 f907 	bl	100089c8 <tu_edpt_stream_write_zlp_if_needed>
100087ba:	2001      	movs	r0, #1
100087bc:	e7cb      	b.n	10008756 <vendord_xfer_cb+0x1a>
100087be:	46c0      	nop			@ (mov r8, r8)
100087c0:	2000180c 	.word	0x2000180c
100087c4:	00000000 	.word	0x00000000
100087c8:	2000178c 	.word	0x2000178c
100087cc:	20001934 	.word	0x20001934
100087d0:	00000000 	.word	0x00000000
100087d4:	20001810 	.word	0x20001810

100087d8 <tusb_rhport_init>:
100087d8:	b500      	push	{lr}
100087da:	0003      	movs	r3, r0
100087dc:	b083      	sub	sp, #12
100087de:	2900      	cmp	r1, #0
100087e0:	d010      	beq.n	10008804 <tusb_rhport_init+0x2c>
100087e2:	2000      	movs	r0, #0
100087e4:	2b01      	cmp	r3, #1
100087e6:	d807      	bhi.n	100087f8 <tusb_rhport_init+0x20>
100087e8:	780a      	ldrb	r2, [r1, #0]
100087ea:	2a00      	cmp	r2, #0
100087ec:	d004      	beq.n	100087f8 <tusb_rhport_init+0x20>
100087ee:	480b      	ldr	r0, [pc, #44]	@ (1000881c <tusb_rhport_init+0x44>)
100087f0:	54c2      	strb	r2, [r0, r3]
100087f2:	2001      	movs	r0, #1
100087f4:	2a01      	cmp	r2, #1
100087f6:	d001      	beq.n	100087fc <tusb_rhport_init+0x24>
100087f8:	b003      	add	sp, #12
100087fa:	bd00      	pop	{pc}
100087fc:	0018      	movs	r0, r3
100087fe:	f7fe fdc1 	bl	10007384 <tud_rhport_init>
10008802:	e7f9      	b.n	100087f8 <tusb_rhport_init+0x20>
10008804:	2301      	movs	r3, #1
10008806:	a901      	add	r1, sp, #4
10008808:	2000      	movs	r0, #0
1000880a:	800b      	strh	r3, [r1, #0]
1000880c:	f7fe fdba 	bl	10007384 <tud_rhport_init>
10008810:	2800      	cmp	r0, #0
10008812:	d0f1      	beq.n	100087f8 <tusb_rhport_init+0x20>
10008814:	2201      	movs	r2, #1
10008816:	4b01      	ldr	r3, [pc, #4]	@ (1000881c <tusb_rhport_init+0x44>)
10008818:	701a      	strb	r2, [r3, #0]
1000881a:	e7ed      	b.n	100087f8 <tusb_rhport_init+0x20>
1000881c:	20001664 	.word	0x20001664

10008820 <tu_edpt_claim>:
10008820:	7803      	ldrb	r3, [r0, #0]
10008822:	b570      	push	{r4, r5, r6, lr}
10008824:	07db      	lsls	r3, r3, #31
10008826:	0004      	movs	r4, r0
10008828:	000e      	movs	r6, r1
1000882a:	0fdd      	lsrs	r5, r3, #31
1000882c:	2b00      	cmp	r3, #0
1000882e:	d117      	bne.n	10008860 <tu_edpt_claim+0x40>
10008830:	7803      	ldrb	r3, [r0, #0]
10008832:	075b      	lsls	r3, r3, #29
10008834:	d501      	bpl.n	1000883a <tu_edpt_claim+0x1a>
10008836:	0028      	movs	r0, r5
10008838:	bd70      	pop	{r4, r5, r6, pc}
1000883a:	2101      	movs	r1, #1
1000883c:	0030      	movs	r0, r6
1000883e:	4249      	negs	r1, r1
10008840:	f000 fcea 	bl	10009218 <__mutex_enter_timeout_ms_veneer>
10008844:	7823      	ldrb	r3, [r4, #0]
10008846:	07db      	lsls	r3, r3, #31
10008848:	0fdd      	lsrs	r5, r3, #31
1000884a:	2b00      	cmp	r3, #0
1000884c:	d10a      	bne.n	10008864 <tu_edpt_claim+0x44>
1000884e:	7823      	ldrb	r3, [r4, #0]
10008850:	075b      	lsls	r3, r3, #29
10008852:	d408      	bmi.n	10008866 <tu_edpt_claim+0x46>
10008854:	2204      	movs	r2, #4
10008856:	7823      	ldrb	r3, [r4, #0]
10008858:	2501      	movs	r5, #1
1000885a:	4313      	orrs	r3, r2
1000885c:	7023      	strb	r3, [r4, #0]
1000885e:	e002      	b.n	10008866 <tu_edpt_claim+0x46>
10008860:	2500      	movs	r5, #0
10008862:	e7e8      	b.n	10008836 <tu_edpt_claim+0x16>
10008864:	2500      	movs	r5, #0
10008866:	0030      	movs	r0, r6
10008868:	f000 fcae 	bl	100091c8 <__mutex_exit_veneer>
1000886c:	e7e3      	b.n	10008836 <tu_edpt_claim+0x16>
1000886e:	46c0      	nop			@ (mov r8, r8)

10008870 <tu_edpt_release>:
10008870:	b570      	push	{r4, r5, r6, lr}
10008872:	000c      	movs	r4, r1
10008874:	2101      	movs	r1, #1
10008876:	0006      	movs	r6, r0
10008878:	4249      	negs	r1, r1
1000887a:	0020      	movs	r0, r4
1000887c:	f000 fccc 	bl	10009218 <__mutex_enter_timeout_ms_veneer>
10008880:	7833      	ldrb	r3, [r6, #0]
10008882:	075b      	lsls	r3, r3, #29
10008884:	0fdd      	lsrs	r5, r3, #31
10008886:	2b00      	cmp	r3, #0
10008888:	db04      	blt.n	10008894 <tu_edpt_release+0x24>
1000888a:	0020      	movs	r0, r4
1000888c:	f000 fc9c 	bl	100091c8 <__mutex_exit_veneer>
10008890:	0028      	movs	r0, r5
10008892:	bd70      	pop	{r4, r5, r6, pc}
10008894:	7833      	ldrb	r3, [r6, #0]
10008896:	07db      	lsls	r3, r3, #31
10008898:	d404      	bmi.n	100088a4 <tu_edpt_release+0x34>
1000889a:	2204      	movs	r2, #4
1000889c:	7833      	ldrb	r3, [r6, #0]
1000889e:	4393      	bics	r3, r2
100088a0:	7033      	strb	r3, [r6, #0]
100088a2:	e7f2      	b.n	1000888a <tu_edpt_release+0x1a>
100088a4:	2500      	movs	r5, #0
100088a6:	e7f0      	b.n	1000888a <tu_edpt_release+0x1a>

100088a8 <tu_edpt_validate>:
100088a8:	7943      	ldrb	r3, [r0, #5]
100088aa:	7902      	ldrb	r2, [r0, #4]
100088ac:	021b      	lsls	r3, r3, #8
100088ae:	4313      	orrs	r3, r2
100088b0:	78c2      	ldrb	r2, [r0, #3]
100088b2:	055b      	lsls	r3, r3, #21
100088b4:	0792      	lsls	r2, r2, #30
100088b6:	0d5b      	lsrs	r3, r3, #21
100088b8:	0f92      	lsrs	r2, r2, #30
100088ba:	2a02      	cmp	r2, #2
100088bc:	d01d      	beq.n	100088fa <tu_edpt_validate+0x52>
100088be:	2a03      	cmp	r2, #3
100088c0:	d00c      	beq.n	100088dc <tu_edpt_validate+0x34>
100088c2:	2000      	movs	r0, #0
100088c4:	2a01      	cmp	r2, #1
100088c6:	d108      	bne.n	100088da <tu_edpt_validate+0x32>
100088c8:	3902      	subs	r1, #2
100088ca:	424a      	negs	r2, r1
100088cc:	4151      	adcs	r1, r2
100088ce:	4a12      	ldr	r2, [pc, #72]	@ (10008918 <tu_edpt_validate+0x70>)
100088d0:	4694      	mov	ip, r2
100088d2:	4461      	add	r1, ip
100088d4:	4299      	cmp	r1, r3
100088d6:	4140      	adcs	r0, r0
100088d8:	b2c0      	uxtb	r0, r0
100088da:	4770      	bx	lr
100088dc:	3902      	subs	r1, #2
100088de:	1e4a      	subs	r2, r1, #1
100088e0:	4191      	sbcs	r1, r2
100088e2:	4a0e      	ldr	r2, [pc, #56]	@ (1000891c <tu_edpt_validate+0x74>)
100088e4:	4249      	negs	r1, r1
100088e6:	4011      	ands	r1, r2
100088e8:	2280      	movs	r2, #128	@ 0x80
100088ea:	00d2      	lsls	r2, r2, #3
100088ec:	4694      	mov	ip, r2
100088ee:	2000      	movs	r0, #0
100088f0:	4461      	add	r1, ip
100088f2:	4299      	cmp	r1, r3
100088f4:	4140      	adcs	r0, r0
100088f6:	b2c0      	uxtb	r0, r0
100088f8:	e7ef      	b.n	100088da <tu_edpt_validate+0x32>
100088fa:	2902      	cmp	r1, #2
100088fc:	d005      	beq.n	1000890a <tu_edpt_validate+0x62>
100088fe:	2000      	movs	r0, #0
10008900:	2240      	movs	r2, #64	@ 0x40
10008902:	429a      	cmp	r2, r3
10008904:	4140      	adcs	r0, r0
10008906:	b2c0      	uxtb	r0, r0
10008908:	e7e7      	b.n	100088da <tu_edpt_validate+0x32>
1000890a:	4a05      	ldr	r2, [pc, #20]	@ (10008920 <tu_edpt_validate+0x78>)
1000890c:	1898      	adds	r0, r3, r2
1000890e:	4243      	negs	r3, r0
10008910:	4158      	adcs	r0, r3
10008912:	b2c0      	uxtb	r0, r0
10008914:	e7e1      	b.n	100088da <tu_edpt_validate+0x32>
10008916:	46c0      	nop			@ (mov r8, r8)
10008918:	000003ff 	.word	0x000003ff
1000891c:	fffffc40 	.word	0xfffffc40
10008920:	fffffe00 	.word	0xfffffe00

10008924 <tu_edpt_bind_driver>:
10008924:	188a      	adds	r2, r1, r2
10008926:	b570      	push	{r4, r5, r6, lr}
10008928:	4291      	cmp	r1, r2
1000892a:	d207      	bcs.n	1000893c <tu_edpt_bind_driver+0x18>
1000892c:	267f      	movs	r6, #127	@ 0x7f
1000892e:	784c      	ldrb	r4, [r1, #1]
10008930:	2c05      	cmp	r4, #5
10008932:	d004      	beq.n	1000893e <tu_edpt_bind_driver+0x1a>
10008934:	780c      	ldrb	r4, [r1, #0]
10008936:	1909      	adds	r1, r1, r4
10008938:	428a      	cmp	r2, r1
1000893a:	d8f8      	bhi.n	1000892e <tu_edpt_bind_driver+0xa>
1000893c:	bd70      	pop	{r4, r5, r6, pc}
1000893e:	0034      	movs	r4, r6
10008940:	788d      	ldrb	r5, [r1, #2]
10008942:	402c      	ands	r4, r5
10008944:	0064      	lsls	r4, r4, #1
10008946:	1904      	adds	r4, r0, r4
10008948:	09ed      	lsrs	r5, r5, #7
1000894a:	5563      	strb	r3, [r4, r5]
1000894c:	780c      	ldrb	r4, [r1, #0]
1000894e:	1909      	adds	r1, r1, r4
10008950:	428a      	cmp	r2, r1
10008952:	d8ec      	bhi.n	1000892e <tu_edpt_bind_driver+0xa>
10008954:	e7f2      	b.n	1000893c <tu_edpt_bind_driver+0x18>
10008956:	46c0      	nop			@ (mov r8, r8)

10008958 <tu_edpt_stream_init>:
10008958:	b5f0      	push	{r4, r5, r6, r7, lr}
1000895a:	46c6      	mov	lr, r8
1000895c:	b500      	push	{lr}
1000895e:	b082      	sub	sp, #8
10008960:	0015      	movs	r5, r2
10008962:	aa08      	add	r2, sp, #32
10008964:	ca40      	ldmia	r2!, {r6}
10008966:	0004      	movs	r4, r0
10008968:	8817      	ldrh	r7, [r2, #0]
1000896a:	aa0b      	add	r2, sp, #44	@ 0x2c
1000896c:	8812      	ldrh	r2, [r2, #0]
1000896e:	2001      	movs	r0, #1
10008970:	4690      	mov	r8, r2
10008972:	000a      	movs	r2, r1
10008974:	7821      	ldrb	r1, [r4, #0]
10008976:	4002      	ands	r2, r0
10008978:	4381      	bics	r1, r0
1000897a:	0020      	movs	r0, r4
1000897c:	4311      	orrs	r1, r2
1000897e:	7021      	strb	r1, [r4, #0]
10008980:	003a      	movs	r2, r7
10008982:	9300      	str	r3, [sp, #0]
10008984:	0031      	movs	r1, r6
10008986:	2301      	movs	r3, #1
10008988:	3008      	adds	r0, #8
1000898a:	f000 f8f1 	bl	10008b70 <tu_fifo_config>
1000898e:	2e00      	cmp	r6, #0
10008990:	d001      	beq.n	10008996 <tu_edpt_stream_init+0x3e>
10008992:	2f00      	cmp	r7, #0
10008994:	d108      	bne.n	100089a8 <tu_edpt_stream_init+0x50>
10008996:	9b0a      	ldr	r3, [sp, #40]	@ 0x28
10008998:	2001      	movs	r0, #1
1000899a:	6063      	str	r3, [r4, #4]
1000899c:	4643      	mov	r3, r8
1000899e:	8063      	strh	r3, [r4, #2]
100089a0:	b002      	add	sp, #8
100089a2:	bc80      	pop	{r7}
100089a4:	46b8      	mov	r8, r7
100089a6:	bdf0      	pop	{r4, r5, r6, r7, pc}
100089a8:	0026      	movs	r6, r4
100089aa:	361c      	adds	r6, #28
100089ac:	0030      	movs	r0, r6
100089ae:	f7f8 fa37 	bl	10000e20 <mutex_init>
100089b2:	2300      	movs	r3, #0
100089b4:	2d00      	cmp	r5, #0
100089b6:	d001      	beq.n	100089bc <tu_edpt_stream_init+0x64>
100089b8:	0033      	movs	r3, r6
100089ba:	2600      	movs	r6, #0
100089bc:	6163      	str	r3, [r4, #20]
100089be:	61a6      	str	r6, [r4, #24]
100089c0:	e7e9      	b.n	10008996 <tu_edpt_stream_init+0x3e>
100089c2:	46c0      	nop			@ (mov r8, r8)

100089c4 <tu_edpt_stream_deinit>:
100089c4:	2001      	movs	r0, #1
100089c6:	4770      	bx	lr

100089c8 <tu_edpt_stream_write_zlp_if_needed>:
100089c8:	b5f8      	push	{r3, r4, r5, r6, r7, lr}
100089ca:	2402      	movs	r4, #2
100089cc:	780b      	ldrb	r3, [r1, #0]
100089ce:	0007      	movs	r7, r0
100089d0:	401c      	ands	r4, r3
100089d2:	4263      	negs	r3, r4
100089d4:	415c      	adcs	r4, r3
100089d6:	4b14      	ldr	r3, [pc, #80]	@ (10008a28 <tu_edpt_stream_write_zlp_if_needed+0x60>)
100089d8:	4264      	negs	r4, r4
100089da:	401c      	ands	r4, r3
100089dc:	4b13      	ldr	r3, [pc, #76]	@ (10008a2c <tu_edpt_stream_write_zlp_if_needed+0x64>)
100089de:	0008      	movs	r0, r1
100089e0:	469c      	mov	ip, r3
100089e2:	3008      	adds	r0, #8
100089e4:	000d      	movs	r5, r1
100089e6:	0016      	movs	r6, r2
100089e8:	4464      	add	r4, ip
100089ea:	f000 f8f7 	bl	10008bdc <tu_fifo_count>
100089ee:	2800      	cmp	r0, #0
100089f0:	d107      	bne.n	10008a02 <tu_edpt_stream_write_zlp_if_needed+0x3a>
100089f2:	2e00      	cmp	r6, #0
100089f4:	d005      	beq.n	10008a02 <tu_edpt_stream_write_zlp_if_needed+0x3a>
100089f6:	4234      	tst	r4, r6
100089f8:	d103      	bne.n	10008a02 <tu_edpt_stream_write_zlp_if_needed+0x3a>
100089fa:	2401      	movs	r4, #1
100089fc:	782b      	ldrb	r3, [r5, #0]
100089fe:	421c      	tst	r4, r3
10008a00:	d001      	beq.n	10008a06 <tu_edpt_stream_write_zlp_if_needed+0x3e>
10008a02:	2000      	movs	r0, #0
10008a04:	bdf8      	pop	{r3, r4, r5, r6, r7, pc}
10008a06:	0038      	movs	r0, r7
10008a08:	7869      	ldrb	r1, [r5, #1]
10008a0a:	f7ff f9a1 	bl	10007d50 <usbd_edpt_claim>
10008a0e:	2800      	cmp	r0, #0
10008a10:	d0f7      	beq.n	10008a02 <tu_edpt_stream_write_zlp_if_needed+0x3a>
10008a12:	782b      	ldrb	r3, [r5, #0]
10008a14:	421c      	tst	r4, r3
10008a16:	d1f4      	bne.n	10008a02 <tu_edpt_stream_write_zlp_if_needed+0x3a>
10008a18:	2300      	movs	r3, #0
10008a1a:	2200      	movs	r2, #0
10008a1c:	0038      	movs	r0, r7
10008a1e:	7869      	ldrb	r1, [r5, #1]
10008a20:	f7ff f9be 	bl	10007da0 <usbd_edpt_xfer>
10008a24:	e7ee      	b.n	10008a04 <tu_edpt_stream_write_zlp_if_needed+0x3c>
10008a26:	46c0      	nop			@ (mov r8, r8)
10008a28:	fffffe40 	.word	0xfffffe40
10008a2c:	000001ff 	.word	0x000001ff

10008a30 <tu_edpt_stream_write_xfer>:
10008a30:	b5f8      	push	{r3, r4, r5, r6, r7, lr}
10008a32:	000d      	movs	r5, r1
10008a34:	3508      	adds	r5, #8
10008a36:	0006      	movs	r6, r0
10008a38:	0028      	movs	r0, r5
10008a3a:	000c      	movs	r4, r1
10008a3c:	f000 f8ce 	bl	10008bdc <tu_fifo_count>
10008a40:	2800      	cmp	r0, #0
10008a42:	d003      	beq.n	10008a4c <tu_edpt_stream_write_xfer+0x1c>
10008a44:	2701      	movs	r7, #1
10008a46:	7823      	ldrb	r3, [r4, #0]
10008a48:	421f      	tst	r7, r3
10008a4a:	d001      	beq.n	10008a50 <tu_edpt_stream_write_xfer+0x20>
10008a4c:	2000      	movs	r0, #0
10008a4e:	bdf8      	pop	{r3, r4, r5, r6, r7, pc}
10008a50:	0030      	movs	r0, r6
10008a52:	7861      	ldrb	r1, [r4, #1]
10008a54:	f7ff f97c 	bl	10007d50 <usbd_edpt_claim>
10008a58:	2800      	cmp	r0, #0
10008a5a:	d0f7      	beq.n	10008a4c <tu_edpt_stream_write_xfer+0x1c>
10008a5c:	0028      	movs	r0, r5
10008a5e:	8862      	ldrh	r2, [r4, #2]
10008a60:	6861      	ldr	r1, [r4, #4]
10008a62:	f000 f93d 	bl	10008ce0 <tu_fifo_read_n>
10008a66:	7823      	ldrb	r3, [r4, #0]
10008a68:	1e05      	subs	r5, r0, #0
10008a6a:	d00b      	beq.n	10008a84 <tu_edpt_stream_write_xfer+0x54>
10008a6c:	421f      	tst	r7, r3
10008a6e:	d1ed      	bne.n	10008a4c <tu_edpt_stream_write_xfer+0x1c>
10008a70:	0003      	movs	r3, r0
10008a72:	6862      	ldr	r2, [r4, #4]
10008a74:	0030      	movs	r0, r6
10008a76:	7861      	ldrb	r1, [r4, #1]
10008a78:	f7ff f992 	bl	10007da0 <usbd_edpt_xfer>
10008a7c:	2800      	cmp	r0, #0
10008a7e:	d0e5      	beq.n	10008a4c <tu_edpt_stream_write_xfer+0x1c>
10008a80:	0028      	movs	r0, r5
10008a82:	e7e4      	b.n	10008a4e <tu_edpt_stream_write_xfer+0x1e>
10008a84:	421f      	tst	r7, r3
10008a86:	d1e1      	bne.n	10008a4c <tu_edpt_stream_write_xfer+0x1c>
10008a88:	0030      	movs	r0, r6
10008a8a:	7861      	ldrb	r1, [r4, #1]
10008a8c:	f7ff f974 	bl	10007d78 <usbd_edpt_release>
10008a90:	e7dc      	b.n	10008a4c <tu_edpt_stream_write_xfer+0x1c>
10008a92:	46c0      	nop			@ (mov r8, r8)

10008a94 <tu_edpt_stream_read_xfer>:
10008a94:	b5f8      	push	{r3, r4, r5, r6, r7, lr}
10008a96:	46ce      	mov	lr, r9
10008a98:	4647      	mov	r7, r8
10008a9a:	b580      	push	{r7, lr}
10008a9c:	898a      	ldrh	r2, [r1, #12]
10008a9e:	0005      	movs	r5, r0
10008aa0:	000c      	movs	r4, r1
10008aa2:	780b      	ldrb	r3, [r1, #0]
10008aa4:	2a00      	cmp	r2, #0
10008aa6:	d107      	bne.n	10008ab8 <tu_edpt_stream_read_xfer+0x24>
10008aa8:	2601      	movs	r6, #1
10008aaa:	421e      	tst	r6, r3
10008aac:	d03f      	beq.n	10008b2e <tu_edpt_stream_read_xfer+0x9a>
10008aae:	2000      	movs	r0, #0
10008ab0:	bcc0      	pop	{r6, r7}
10008ab2:	46b9      	mov	r9, r7
10008ab4:	46b0      	mov	r8, r6
10008ab6:	bdf8      	pop	{r3, r4, r5, r6, r7, pc}
10008ab8:	079b      	lsls	r3, r3, #30
10008aba:	d534      	bpl.n	10008b26 <tu_edpt_stream_read_xfer+0x92>
10008abc:	23fe      	movs	r3, #254	@ 0xfe
10008abe:	2680      	movs	r6, #128	@ 0x80
10008ac0:	021b      	lsls	r3, r3, #8
10008ac2:	4699      	mov	r9, r3
10008ac4:	00b6      	lsls	r6, r6, #2
10008ac6:	0027      	movs	r7, r4
10008ac8:	3708      	adds	r7, #8
10008aca:	0038      	movs	r0, r7
10008acc:	f000 f8a4 	bl	10008c18 <tu_fifo_remaining>
10008ad0:	4286      	cmp	r6, r0
10008ad2:	d8ec      	bhi.n	10008aae <tu_edpt_stream_read_xfer+0x1a>
10008ad4:	2201      	movs	r2, #1
10008ad6:	7823      	ldrb	r3, [r4, #0]
10008ad8:	4690      	mov	r8, r2
10008ada:	421a      	tst	r2, r3
10008adc:	d1e7      	bne.n	10008aae <tu_edpt_stream_read_xfer+0x1a>
10008ade:	0028      	movs	r0, r5
10008ae0:	7861      	ldrb	r1, [r4, #1]
10008ae2:	f7ff f935 	bl	10007d50 <usbd_edpt_claim>
10008ae6:	2800      	cmp	r0, #0
10008ae8:	d0e1      	beq.n	10008aae <tu_edpt_stream_read_xfer+0x1a>
10008aea:	0038      	movs	r0, r7
10008aec:	f000 f894 	bl	10008c18 <tu_fifo_remaining>
10008af0:	4286      	cmp	r6, r0
10008af2:	d831      	bhi.n	10008b58 <tu_edpt_stream_read_xfer+0xc4>
10008af4:	4641      	mov	r1, r8
10008af6:	7823      	ldrb	r3, [r4, #0]
10008af8:	8862      	ldrh	r2, [r4, #2]
10008afa:	4219      	tst	r1, r3
10008afc:	d1d7      	bne.n	10008aae <tu_edpt_stream_read_xfer+0x1a>
10008afe:	464b      	mov	r3, r9
10008b00:	4018      	ands	r0, r3
10008b02:	1c06      	adds	r6, r0, #0
10008b04:	4290      	cmp	r0, r2
10008b06:	d900      	bls.n	10008b0a <tu_edpt_stream_read_xfer+0x76>
10008b08:	1c16      	adds	r6, r2, #0
10008b0a:	b2b6      	uxth	r6, r6
10008b0c:	2200      	movs	r2, #0
10008b0e:	7861      	ldrb	r1, [r4, #1]
10008b10:	2e00      	cmp	r6, #0
10008b12:	d000      	beq.n	10008b16 <tu_edpt_stream_read_xfer+0x82>
10008b14:	6862      	ldr	r2, [r4, #4]
10008b16:	0033      	movs	r3, r6
10008b18:	0028      	movs	r0, r5
10008b1a:	f7ff f941 	bl	10007da0 <usbd_edpt_xfer>
10008b1e:	2800      	cmp	r0, #0
10008b20:	d0c5      	beq.n	10008aae <tu_edpt_stream_read_xfer+0x1a>
10008b22:	0030      	movs	r0, r6
10008b24:	e7c4      	b.n	10008ab0 <tu_edpt_stream_read_xfer+0x1c>
10008b26:	4b11      	ldr	r3, [pc, #68]	@ (10008b6c <tu_edpt_stream_read_xfer+0xd8>)
10008b28:	2640      	movs	r6, #64	@ 0x40
10008b2a:	4699      	mov	r9, r3
10008b2c:	e7cb      	b.n	10008ac6 <tu_edpt_stream_read_xfer+0x32>
10008b2e:	7849      	ldrb	r1, [r1, #1]
10008b30:	f7ff f90e 	bl	10007d50 <usbd_edpt_claim>
10008b34:	2800      	cmp	r0, #0
10008b36:	d0ba      	beq.n	10008aae <tu_edpt_stream_read_xfer+0x1a>
10008b38:	7822      	ldrb	r2, [r4, #0]
10008b3a:	8863      	ldrh	r3, [r4, #2]
10008b3c:	4216      	tst	r6, r2
10008b3e:	d1b6      	bne.n	10008aae <tu_edpt_stream_read_xfer+0x1a>
10008b40:	2200      	movs	r2, #0
10008b42:	7861      	ldrb	r1, [r4, #1]
10008b44:	2b00      	cmp	r3, #0
10008b46:	d000      	beq.n	10008b4a <tu_edpt_stream_read_xfer+0xb6>
10008b48:	6862      	ldr	r2, [r4, #4]
10008b4a:	0028      	movs	r0, r5
10008b4c:	f7ff f928 	bl	10007da0 <usbd_edpt_xfer>
10008b50:	2800      	cmp	r0, #0
10008b52:	d0ac      	beq.n	10008aae <tu_edpt_stream_read_xfer+0x1a>
10008b54:	8860      	ldrh	r0, [r4, #2]
10008b56:	e7ab      	b.n	10008ab0 <tu_edpt_stream_read_xfer+0x1c>
10008b58:	4642      	mov	r2, r8
10008b5a:	7823      	ldrb	r3, [r4, #0]
10008b5c:	421a      	tst	r2, r3
10008b5e:	d1a6      	bne.n	10008aae <tu_edpt_stream_read_xfer+0x1a>
10008b60:	0028      	movs	r0, r5
10008b62:	7861      	ldrb	r1, [r4, #1]
10008b64:	f7ff f908 	bl	10007d78 <usbd_edpt_release>
10008b68:	e7a1      	b.n	10008aae <tu_edpt_stream_read_xfer+0x1a>
10008b6a:	46c0      	nop			@ (mov r8, r8)
10008b6c:	0000ffc0 	.word	0x0000ffc0

10008b70 <tu_fifo_config>:
10008b70:	b5f0      	push	{r4, r5, r6, r7, lr}
10008b72:	46c6      	mov	lr, r8
10008b74:	b500      	push	{lr}
10008b76:	0004      	movs	r4, r0
10008b78:	a806      	add	r0, sp, #24
10008b7a:	7805      	ldrb	r5, [r0, #0]
10008b7c:	2080      	movs	r0, #128	@ 0x80
10008b7e:	4688      	mov	r8, r1
10008b80:	0017      	movs	r7, r2
10008b82:	001e      	movs	r6, r3
10008b84:	0200      	lsls	r0, r0, #8
10008b86:	4282      	cmp	r2, r0
10008b88:	d826      	bhi.n	10008bd8 <tu_fifo_config+0x68>
10008b8a:	68e0      	ldr	r0, [r4, #12]
10008b8c:	2800      	cmp	r0, #0
10008b8e:	d003      	beq.n	10008b98 <tu_fifo_config+0x28>
10008b90:	2101      	movs	r1, #1
10008b92:	4249      	negs	r1, r1
10008b94:	f000 fb40 	bl	10009218 <__mutex_enter_timeout_ms_veneer>
10008b98:	6920      	ldr	r0, [r4, #16]
10008b9a:	2800      	cmp	r0, #0
10008b9c:	d003      	beq.n	10008ba6 <tu_fifo_config+0x36>
10008b9e:	2101      	movs	r1, #1
10008ba0:	4249      	negs	r1, r1
10008ba2:	f000 fb39 	bl	10009218 <__mutex_enter_timeout_ms_veneer>
10008ba6:	4643      	mov	r3, r8
10008ba8:	6023      	str	r3, [r4, #0]
10008baa:	0473      	lsls	r3, r6, #17
10008bac:	0c5b      	lsrs	r3, r3, #17
10008bae:	03ed      	lsls	r5, r5, #15
10008bb0:	431d      	orrs	r5, r3
10008bb2:	2300      	movs	r3, #0
10008bb4:	68e0      	ldr	r0, [r4, #12]
10008bb6:	8163      	strh	r3, [r4, #10]
10008bb8:	80a7      	strh	r7, [r4, #4]
10008bba:	80e5      	strh	r5, [r4, #6]
10008bbc:	8123      	strh	r3, [r4, #8]
10008bbe:	2800      	cmp	r0, #0
10008bc0:	d001      	beq.n	10008bc6 <tu_fifo_config+0x56>
10008bc2:	f000 fb01 	bl	100091c8 <__mutex_exit_veneer>
10008bc6:	6920      	ldr	r0, [r4, #16]
10008bc8:	2800      	cmp	r0, #0
10008bca:	d001      	beq.n	10008bd0 <tu_fifo_config+0x60>
10008bcc:	f000 fafc 	bl	100091c8 <__mutex_exit_veneer>
10008bd0:	2001      	movs	r0, #1
10008bd2:	bc80      	pop	{r7}
10008bd4:	46b8      	mov	r8, r7
10008bd6:	bdf0      	pop	{r4, r5, r6, r7, pc}
10008bd8:	2000      	movs	r0, #0
10008bda:	e7fa      	b.n	10008bd2 <tu_fifo_config+0x62>

10008bdc <tu_fifo_count>:
10008bdc:	b510      	push	{r4, lr}
10008bde:	8904      	ldrh	r4, [r0, #8]
10008be0:	8941      	ldrh	r1, [r0, #10]
10008be2:	8882      	ldrh	r2, [r0, #4]
10008be4:	b2a3      	uxth	r3, r4
10008be6:	b288      	uxth	r0, r1
10008be8:	428c      	cmp	r4, r1
10008bea:	d307      	bcc.n	10008bfc <tu_fifo_count+0x20>
10008bec:	1a1b      	subs	r3, r3, r0
10008bee:	b29b      	uxth	r3, r3
10008bf0:	1c10      	adds	r0, r2, #0
10008bf2:	429a      	cmp	r2, r3
10008bf4:	d900      	bls.n	10008bf8 <tu_fifo_count+0x1c>
10008bf6:	1c18      	adds	r0, r3, #0
10008bf8:	b280      	uxth	r0, r0
10008bfa:	bd10      	pop	{r4, pc}
10008bfc:	0051      	lsls	r1, r2, #1
10008bfe:	1a09      	subs	r1, r1, r0
10008c00:	185b      	adds	r3, r3, r1
10008c02:	b29b      	uxth	r3, r3
10008c04:	e7f4      	b.n	10008bf0 <tu_fifo_count+0x14>
10008c06:	46c0      	nop			@ (mov r8, r8)

10008c08 <tu_fifo_empty>:
10008c08:	8903      	ldrh	r3, [r0, #8]
10008c0a:	8940      	ldrh	r0, [r0, #10]
10008c0c:	1a18      	subs	r0, r3, r0
10008c0e:	4243      	negs	r3, r0
10008c10:	4158      	adcs	r0, r3
10008c12:	b2c0      	uxtb	r0, r0
10008c14:	4770      	bx	lr
10008c16:	46c0      	nop			@ (mov r8, r8)

10008c18 <tu_fifo_remaining>:
10008c18:	b510      	push	{r4, lr}
10008c1a:	8904      	ldrh	r4, [r0, #8]
10008c1c:	8941      	ldrh	r1, [r0, #10]
10008c1e:	8882      	ldrh	r2, [r0, #4]
10008c20:	b2a3      	uxth	r3, r4
10008c22:	b288      	uxth	r0, r1
10008c24:	428c      	cmp	r4, r1
10008c26:	d307      	bcc.n	10008c38 <tu_fifo_remaining+0x20>
10008c28:	1a1b      	subs	r3, r3, r0
10008c2a:	b29b      	uxth	r3, r3
10008c2c:	2000      	movs	r0, #0
10008c2e:	429a      	cmp	r2, r3
10008c30:	d901      	bls.n	10008c36 <tu_fifo_remaining+0x1e>
10008c32:	1ad2      	subs	r2, r2, r3
10008c34:	b290      	uxth	r0, r2
10008c36:	bd10      	pop	{r4, pc}
10008c38:	0051      	lsls	r1, r2, #1
10008c3a:	1a09      	subs	r1, r1, r0
10008c3c:	185b      	adds	r3, r3, r1
10008c3e:	b29b      	uxth	r3, r3
10008c40:	e7f4      	b.n	10008c2c <tu_fifo_remaining+0x14>
10008c42:	46c0      	nop			@ (mov r8, r8)

10008c44 <tu_fifo_read>:
10008c44:	b570      	push	{r4, r5, r6, lr}
10008c46:	0004      	movs	r4, r0
10008c48:	6900      	ldr	r0, [r0, #16]
10008c4a:	000e      	movs	r6, r1
10008c4c:	2800      	cmp	r0, #0
10008c4e:	d003      	beq.n	10008c58 <tu_fifo_read+0x14>
10008c50:	2101      	movs	r1, #1
10008c52:	4249      	negs	r1, r1
10008c54:	f000 fae0 	bl	10009218 <__mutex_enter_timeout_ms_veneer>
10008c58:	8925      	ldrh	r5, [r4, #8]
10008c5a:	8960      	ldrh	r0, [r4, #10]
10008c5c:	88a2      	ldrh	r2, [r4, #4]
10008c5e:	b2a9      	uxth	r1, r5
10008c60:	b283      	uxth	r3, r0
10008c62:	4285      	cmp	r5, r0
10008c64:	d32c      	bcc.n	10008cc0 <tu_fifo_read+0x7c>
10008c66:	1acd      	subs	r5, r1, r3
10008c68:	b2ad      	uxth	r5, r5
10008c6a:	2d00      	cmp	r5, #0
10008c6c:	d02e      	beq.n	10008ccc <tu_fifo_read+0x88>
10008c6e:	42aa      	cmp	r2, r5
10008c70:	d208      	bcs.n	10008c84 <tu_fifo_read+0x40>
10008c72:	4291      	cmp	r1, r2
10008c74:	d330      	bcc.n	10008cd8 <tu_fifo_read+0x94>
10008c76:	1a89      	subs	r1, r1, r2
10008c78:	b28b      	uxth	r3, r1
10008c7a:	8163      	strh	r3, [r4, #10]
10008c7c:	429a      	cmp	r2, r3
10008c7e:	d803      	bhi.n	10008c88 <tu_fifo_read+0x44>
10008c80:	1a9b      	subs	r3, r3, r2
10008c82:	b29b      	uxth	r3, r3
10008c84:	429a      	cmp	r2, r3
10008c86:	d9fb      	bls.n	10008c80 <tu_fifo_read+0x3c>
10008c88:	88e2      	ldrh	r2, [r4, #6]
10008c8a:	6821      	ldr	r1, [r4, #0]
10008c8c:	0452      	lsls	r2, r2, #17
10008c8e:	0c52      	lsrs	r2, r2, #17
10008c90:	4353      	muls	r3, r2
10008c92:	0030      	movs	r0, r6
10008c94:	18c9      	adds	r1, r1, r3
10008c96:	f7f9 fc8b 	bl	100025b0 <__wrap___aeabi_memcpy>
10008c9a:	8963      	ldrh	r3, [r4, #10]
10008c9c:	2501      	movs	r5, #1
10008c9e:	1c59      	adds	r1, r3, #1
10008ca0:	b289      	uxth	r1, r1
10008ca2:	88a2      	ldrh	r2, [r4, #4]
10008ca4:	428b      	cmp	r3, r1
10008ca6:	d913      	bls.n	10008cd0 <tu_fifo_read+0x8c>
10008ca8:	2100      	movs	r1, #0
10008caa:	0052      	lsls	r2, r2, #1
10008cac:	1a89      	subs	r1, r1, r2
10008cae:	b289      	uxth	r1, r1
10008cb0:	6920      	ldr	r0, [r4, #16]
10008cb2:	8161      	strh	r1, [r4, #10]
10008cb4:	2800      	cmp	r0, #0
10008cb6:	d001      	beq.n	10008cbc <tu_fifo_read+0x78>
10008cb8:	f000 fa86 	bl	100091c8 <__mutex_exit_veneer>
10008cbc:	0028      	movs	r0, r5
10008cbe:	bd70      	pop	{r4, r5, r6, pc}
10008cc0:	0055      	lsls	r5, r2, #1
10008cc2:	1aed      	subs	r5, r5, r3
10008cc4:	194d      	adds	r5, r1, r5
10008cc6:	b2ad      	uxth	r5, r5
10008cc8:	2d00      	cmp	r5, #0
10008cca:	d1d0      	bne.n	10008c6e <tu_fifo_read+0x2a>
10008ccc:	8961      	ldrh	r1, [r4, #10]
10008cce:	b289      	uxth	r1, r1
10008cd0:	0052      	lsls	r2, r2, #1
10008cd2:	4291      	cmp	r1, r2
10008cd4:	dbec      	blt.n	10008cb0 <tu_fifo_read+0x6c>
10008cd6:	e7e9      	b.n	10008cac <tu_fifo_read+0x68>
10008cd8:	1889      	adds	r1, r1, r2
10008cda:	b28b      	uxth	r3, r1
10008cdc:	8163      	strh	r3, [r4, #10]
10008cde:	e7cd      	b.n	10008c7c <tu_fifo_read+0x38>

10008ce0 <tu_fifo_read_n>:
10008ce0:	b5f0      	push	{r4, r5, r6, r7, lr}
10008ce2:	4646      	mov	r6, r8
10008ce4:	464f      	mov	r7, r9
10008ce6:	46d6      	mov	lr, sl
10008ce8:	b5c0      	push	{r6, r7, lr}
10008cea:	0006      	movs	r6, r0
10008cec:	6900      	ldr	r0, [r0, #16]
10008cee:	4689      	mov	r9, r1
10008cf0:	4690      	mov	r8, r2
10008cf2:	2800      	cmp	r0, #0
10008cf4:	d003      	beq.n	10008cfe <tu_fifo_read_n+0x1e>
10008cf6:	2101      	movs	r1, #1
10008cf8:	4249      	negs	r1, r1
10008cfa:	f000 fa8d 	bl	10009218 <__mutex_enter_timeout_ms_veneer>
10008cfe:	8931      	ldrh	r1, [r6, #8]
10008d00:	8972      	ldrh	r2, [r6, #10]
10008d02:	88b5      	ldrh	r5, [r6, #4]
10008d04:	b28b      	uxth	r3, r1
10008d06:	b294      	uxth	r4, r2
10008d08:	4291      	cmp	r1, r2
10008d0a:	d354      	bcc.n	10008db6 <tu_fifo_read_n+0xd6>
10008d0c:	1b1f      	subs	r7, r3, r4
10008d0e:	b2bf      	uxth	r7, r7
10008d10:	2f00      	cmp	r7, #0
10008d12:	d04a      	beq.n	10008daa <tu_fifo_read_n+0xca>
10008d14:	42bd      	cmp	r5, r7
10008d16:	d205      	bcs.n	10008d24 <tu_fifo_read_n+0x44>
10008d18:	42ab      	cmp	r3, r5
10008d1a:	d251      	bcs.n	10008dc0 <tu_fifo_read_n+0xe0>
10008d1c:	195b      	adds	r3, r3, r5
10008d1e:	b29c      	uxth	r4, r3
10008d20:	002f      	movs	r7, r5
10008d22:	8174      	strh	r4, [r6, #10]
10008d24:	4643      	mov	r3, r8
10008d26:	45b8      	cmp	r8, r7
10008d28:	d83d      	bhi.n	10008da6 <tu_fifo_read_n+0xc6>
10008d2a:	b29f      	uxth	r7, r3
10008d2c:	42a5      	cmp	r5, r4
10008d2e:	d803      	bhi.n	10008d38 <tu_fifo_read_n+0x58>
10008d30:	1b64      	subs	r4, r4, r5
10008d32:	b2a4      	uxth	r4, r4
10008d34:	42a5      	cmp	r5, r4
10008d36:	d9fb      	bls.n	10008d30 <tu_fifo_read_n+0x50>
10008d38:	88f2      	ldrh	r2, [r6, #6]
10008d3a:	6831      	ldr	r1, [r6, #0]
10008d3c:	0452      	lsls	r2, r2, #17
10008d3e:	0c52      	lsrs	r2, r2, #17
10008d40:	4690      	mov	r8, r2
10008d42:	4362      	muls	r2, r4
10008d44:	1b2b      	subs	r3, r5, r4
10008d46:	b29b      	uxth	r3, r3
10008d48:	1889      	adds	r1, r1, r2
10008d4a:	4642      	mov	r2, r8
10008d4c:	429f      	cmp	r7, r3
10008d4e:	d925      	bls.n	10008d9c <tu_fifo_read_n+0xbc>
10008d50:	4353      	muls	r3, r2
10008d52:	b29b      	uxth	r3, r3
10008d54:	001a      	movs	r2, r3
10008d56:	4648      	mov	r0, r9
10008d58:	469a      	mov	sl, r3
10008d5a:	f7f9 fc29 	bl	100025b0 <__wrap___aeabi_memcpy>
10008d5e:	4643      	mov	r3, r8
10008d60:	4648      	mov	r0, r9
10008d62:	1b7d      	subs	r5, r7, r5
10008d64:	1964      	adds	r4, r4, r5
10008d66:	435c      	muls	r4, r3
10008d68:	6831      	ldr	r1, [r6, #0]
10008d6a:	4450      	add	r0, sl
10008d6c:	b2a2      	uxth	r2, r4
10008d6e:	f7f9 fc1f 	bl	100025b0 <__wrap___aeabi_memcpy>
10008d72:	8971      	ldrh	r1, [r6, #10]
10008d74:	88b5      	ldrh	r5, [r6, #4]
10008d76:	19cb      	adds	r3, r1, r7
10008d78:	b29b      	uxth	r3, r3
10008d7a:	006a      	lsls	r2, r5, #1
10008d7c:	4299      	cmp	r1, r3
10008d7e:	d916      	bls.n	10008dae <tu_fifo_read_n+0xce>
10008d80:	1a9b      	subs	r3, r3, r2
10008d82:	b29b      	uxth	r3, r3
10008d84:	6930      	ldr	r0, [r6, #16]
10008d86:	8173      	strh	r3, [r6, #10]
10008d88:	2800      	cmp	r0, #0
10008d8a:	d001      	beq.n	10008d90 <tu_fifo_read_n+0xb0>
10008d8c:	f000 fa1c 	bl	100091c8 <__mutex_exit_veneer>
10008d90:	0038      	movs	r0, r7
10008d92:	bce0      	pop	{r5, r6, r7}
10008d94:	46ba      	mov	sl, r7
10008d96:	46b1      	mov	r9, r6
10008d98:	46a8      	mov	r8, r5
10008d9a:	bdf0      	pop	{r4, r5, r6, r7, pc}
10008d9c:	4648      	mov	r0, r9
10008d9e:	437a      	muls	r2, r7
10008da0:	f7f9 fc06 	bl	100025b0 <__wrap___aeabi_memcpy>
10008da4:	e7e5      	b.n	10008d72 <tu_fifo_read_n+0x92>
10008da6:	1c3b      	adds	r3, r7, #0
10008da8:	e7bf      	b.n	10008d2a <tu_fifo_read_n+0x4a>
10008daa:	8973      	ldrh	r3, [r6, #10]
10008dac:	b29b      	uxth	r3, r3
10008dae:	006a      	lsls	r2, r5, #1
10008db0:	4293      	cmp	r3, r2
10008db2:	dbe7      	blt.n	10008d84 <tu_fifo_read_n+0xa4>
10008db4:	e7e4      	b.n	10008d80 <tu_fifo_read_n+0xa0>
10008db6:	006f      	lsls	r7, r5, #1
10008db8:	1b3f      	subs	r7, r7, r4
10008dba:	19df      	adds	r7, r3, r7
10008dbc:	b2bf      	uxth	r7, r7
10008dbe:	e7a7      	b.n	10008d10 <tu_fifo_read_n+0x30>
10008dc0:	1b5b      	subs	r3, r3, r5
10008dc2:	b29c      	uxth	r4, r3
10008dc4:	e7ac      	b.n	10008d20 <tu_fifo_read_n+0x40>
10008dc6:	46c0      	nop			@ (mov r8, r8)

10008dc8 <tu_fifo_write>:
10008dc8:	b5f8      	push	{r3, r4, r5, r6, r7, lr}
10008dca:	0004      	movs	r4, r0
10008dcc:	68c0      	ldr	r0, [r0, #12]
10008dce:	000e      	movs	r6, r1
10008dd0:	2800      	cmp	r0, #0
10008dd2:	d003      	beq.n	10008ddc <tu_fifo_write+0x14>
10008dd4:	2101      	movs	r1, #1
10008dd6:	4249      	negs	r1, r1
10008dd8:	f000 fa1e 	bl	10009218 <__mutex_enter_timeout_ms_veneer>
10008ddc:	8925      	ldrh	r5, [r4, #8]
10008dde:	8920      	ldrh	r0, [r4, #8]
10008de0:	8961      	ldrh	r1, [r4, #10]
10008de2:	88a2      	ldrh	r2, [r4, #4]
10008de4:	b2ad      	uxth	r5, r5
10008de6:	b283      	uxth	r3, r0
10008de8:	b28f      	uxth	r7, r1
10008dea:	4288      	cmp	r0, r1
10008dec:	d329      	bcc.n	10008e42 <tu_fifo_write+0x7a>
10008dee:	1bdb      	subs	r3, r3, r7
10008df0:	b29b      	uxth	r3, r3
10008df2:	429a      	cmp	r2, r3
10008df4:	d809      	bhi.n	10008e0a <tu_fifo_write+0x42>
10008df6:	79e7      	ldrb	r7, [r4, #7]
10008df8:	09ff      	lsrs	r7, r7, #7
10008dfa:	d106      	bne.n	10008e0a <tu_fifo_write+0x42>
10008dfc:	68e0      	ldr	r0, [r4, #12]
10008dfe:	2800      	cmp	r0, #0
10008e00:	d001      	beq.n	10008e06 <tu_fifo_write+0x3e>
10008e02:	f000 f9e1 	bl	100091c8 <__mutex_exit_veneer>
10008e06:	0038      	movs	r0, r7
10008e08:	bdf8      	pop	{r3, r4, r5, r6, r7, pc}
10008e0a:	4295      	cmp	r5, r2
10008e0c:	d31e      	bcc.n	10008e4c <tu_fifo_write+0x84>
10008e0e:	002b      	movs	r3, r5
10008e10:	1a9b      	subs	r3, r3, r2
10008e12:	b29b      	uxth	r3, r3
10008e14:	4293      	cmp	r3, r2
10008e16:	d2fb      	bcs.n	10008e10 <tu_fifo_write+0x48>
10008e18:	88e2      	ldrh	r2, [r4, #6]
10008e1a:	6820      	ldr	r0, [r4, #0]
10008e1c:	0452      	lsls	r2, r2, #17
10008e1e:	0c52      	lsrs	r2, r2, #17
10008e20:	4353      	muls	r3, r2
10008e22:	0031      	movs	r1, r6
10008e24:	18c0      	adds	r0, r0, r3
10008e26:	f7f9 fbc3 	bl	100025b0 <__wrap___aeabi_memcpy>
10008e2a:	1c6b      	adds	r3, r5, #1
10008e2c:	b29b      	uxth	r3, r3
10008e2e:	88a2      	ldrh	r2, [r4, #4]
10008e30:	429d      	cmp	r5, r3
10008e32:	d918      	bls.n	10008e66 <tu_fifo_write+0x9e>
10008e34:	2300      	movs	r3, #0
10008e36:	0052      	lsls	r2, r2, #1
10008e38:	1a9b      	subs	r3, r3, r2
10008e3a:	b29b      	uxth	r3, r3
10008e3c:	2701      	movs	r7, #1
10008e3e:	8123      	strh	r3, [r4, #8]
10008e40:	e7dc      	b.n	10008dfc <tu_fifo_write+0x34>
10008e42:	0051      	lsls	r1, r2, #1
10008e44:	1bc9      	subs	r1, r1, r7
10008e46:	185b      	adds	r3, r3, r1
10008e48:	b29b      	uxth	r3, r3
10008e4a:	e7d2      	b.n	10008df2 <tu_fifo_write+0x2a>
10008e4c:	002b      	movs	r3, r5
10008e4e:	88e2      	ldrh	r2, [r4, #6]
10008e50:	6820      	ldr	r0, [r4, #0]
10008e52:	0452      	lsls	r2, r2, #17
10008e54:	0c52      	lsrs	r2, r2, #17
10008e56:	4353      	muls	r3, r2
10008e58:	0031      	movs	r1, r6
10008e5a:	18c0      	adds	r0, r0, r3
10008e5c:	f7f9 fba8 	bl	100025b0 <__wrap___aeabi_memcpy>
10008e60:	3501      	adds	r5, #1
10008e62:	88a2      	ldrh	r2, [r4, #4]
10008e64:	b2ab      	uxth	r3, r5
10008e66:	0052      	lsls	r2, r2, #1
10008e68:	4293      	cmp	r3, r2
10008e6a:	dbe7      	blt.n	10008e3c <tu_fifo_write+0x74>
10008e6c:	e7e4      	b.n	10008e38 <tu_fifo_write+0x70>
10008e6e:	46c0      	nop			@ (mov r8, r8)

10008e70 <tu_fifo_write_n>:
10008e70:	b5f0      	push	{r4, r5, r6, r7, lr}
10008e72:	4657      	mov	r7, sl
10008e74:	4645      	mov	r5, r8
10008e76:	46de      	mov	lr, fp
10008e78:	464e      	mov	r6, r9
10008e7a:	b5e0      	push	{r5, r6, r7, lr}
10008e7c:	0014      	movs	r4, r2
10008e7e:	0005      	movs	r5, r0
10008e80:	000f      	movs	r7, r1
10008e82:	b083      	sub	sp, #12
10008e84:	2a00      	cmp	r2, #0
10008e86:	d075      	beq.n	10008f74 <tu_fifo_write_n+0x104>
10008e88:	68c0      	ldr	r0, [r0, #12]
10008e8a:	2800      	cmp	r0, #0
10008e8c:	d003      	beq.n	10008e96 <tu_fifo_write_n+0x26>
10008e8e:	2101      	movs	r1, #1
10008e90:	4249      	negs	r1, r1
10008e92:	f000 f9c1 	bl	10009218 <__mutex_enter_timeout_ms_veneer>
10008e96:	892e      	ldrh	r6, [r5, #8]
10008e98:	79e9      	ldrb	r1, [r5, #7]
10008e9a:	896a      	ldrh	r2, [r5, #10]
10008e9c:	88ab      	ldrh	r3, [r5, #4]
10008e9e:	b2b6      	uxth	r6, r6
10008ea0:	b292      	uxth	r2, r2
10008ea2:	09c9      	lsrs	r1, r1, #7
10008ea4:	d145      	bne.n	10008f32 <tu_fifo_write_n+0xc2>
10008ea6:	4296      	cmp	r6, r2
10008ea8:	d300      	bcc.n	10008eac <tu_fifo_write_n+0x3c>
10008eaa:	e06d      	b.n	10008f88 <tu_fifo_write_n+0x118>
10008eac:	0059      	lsls	r1, r3, #1
10008eae:	1a8a      	subs	r2, r1, r2
10008eb0:	18b2      	adds	r2, r6, r2
10008eb2:	b292      	uxth	r2, r2
10008eb4:	2100      	movs	r1, #0
10008eb6:	4689      	mov	r9, r1
10008eb8:	429a      	cmp	r2, r3
10008eba:	d234      	bcs.n	10008f26 <tu_fifo_write_n+0xb6>
10008ebc:	1a9a      	subs	r2, r3, r2
10008ebe:	1c11      	adds	r1, r2, #0
10008ec0:	b292      	uxth	r2, r2
10008ec2:	42a2      	cmp	r2, r4
10008ec4:	d900      	bls.n	10008ec8 <tu_fifo_write_n+0x58>
10008ec6:	1c21      	adds	r1, r4, #0
10008ec8:	b28a      	uxth	r2, r1
10008eca:	4691      	mov	r9, r2
10008ecc:	88ea      	ldrh	r2, [r5, #6]
10008ece:	0452      	lsls	r2, r2, #17
10008ed0:	0c52      	lsrs	r2, r2, #17
10008ed2:	4690      	mov	r8, r2
10008ed4:	464a      	mov	r2, r9
10008ed6:	18b2      	adds	r2, r6, r2
10008ed8:	b292      	uxth	r2, r2
10008eda:	4692      	mov	sl, r2
10008edc:	464a      	mov	r2, r9
10008ede:	1ad2      	subs	r2, r2, r3
10008ee0:	b292      	uxth	r2, r2
10008ee2:	4693      	mov	fp, r2
10008ee4:	0034      	movs	r4, r6
10008ee6:	429e      	cmp	r6, r3
10008ee8:	d303      	bcc.n	10008ef2 <tu_fifo_write_n+0x82>
10008eea:	1ae4      	subs	r4, r4, r3
10008eec:	b2a4      	uxth	r4, r4
10008eee:	429c      	cmp	r4, r3
10008ef0:	d2fb      	bcs.n	10008eea <tu_fifo_write_n+0x7a>
10008ef2:	4642      	mov	r2, r8
10008ef4:	4362      	muls	r2, r4
10008ef6:	6828      	ldr	r0, [r5, #0]
10008ef8:	1b1b      	subs	r3, r3, r4
10008efa:	b29b      	uxth	r3, r3
10008efc:	1880      	adds	r0, r0, r2
10008efe:	4642      	mov	r2, r8
10008f00:	454b      	cmp	r3, r9
10008f02:	d354      	bcc.n	10008fae <tu_fifo_write_n+0x13e>
10008f04:	464b      	mov	r3, r9
10008f06:	0039      	movs	r1, r7
10008f08:	435a      	muls	r2, r3
10008f0a:	f7f9 fb51 	bl	100025b0 <__wrap___aeabi_memcpy>
10008f0e:	88ab      	ldrh	r3, [r5, #4]
10008f10:	005b      	lsls	r3, r3, #1
10008f12:	4556      	cmp	r6, sl
10008f14:	d801      	bhi.n	10008f1a <tu_fifo_write_n+0xaa>
10008f16:	459a      	cmp	sl, r3
10008f18:	db03      	blt.n	10008f22 <tu_fifo_write_n+0xb2>
10008f1a:	4652      	mov	r2, sl
10008f1c:	1ad3      	subs	r3, r2, r3
10008f1e:	b29b      	uxth	r3, r3
10008f20:	469a      	mov	sl, r3
10008f22:	4653      	mov	r3, sl
10008f24:	812b      	strh	r3, [r5, #8]
10008f26:	68e8      	ldr	r0, [r5, #12]
10008f28:	2800      	cmp	r0, #0
10008f2a:	d025      	beq.n	10008f78 <tu_fifo_write_n+0x108>
10008f2c:	f000 f94c 	bl	100091c8 <__mutex_exit_veneer>
10008f30:	e022      	b.n	10008f78 <tu_fifo_write_n+0x108>
10008f32:	88e9      	ldrh	r1, [r5, #6]
10008f34:	0449      	lsls	r1, r1, #17
10008f36:	0c49      	lsrs	r1, r1, #17
10008f38:	4688      	mov	r8, r1
10008f3a:	429c      	cmp	r4, r3
10008f3c:	d227      	bcs.n	10008f8e <tu_fifo_write_n+0x11e>
10008f3e:	4296      	cmp	r6, r2
10008f40:	d347      	bcc.n	10008fd2 <tu_fifo_write_n+0x162>
10008f42:	1ab1      	subs	r1, r6, r2
10008f44:	b289      	uxth	r1, r1
10008f46:	468c      	mov	ip, r1
10008f48:	0058      	lsls	r0, r3, #1
10008f4a:	1ae1      	subs	r1, r4, r3
10008f4c:	b289      	uxth	r1, r1
10008f4e:	468b      	mov	fp, r1
10008f50:	4661      	mov	r1, ip
10008f52:	1909      	adds	r1, r1, r4
10008f54:	4281      	cmp	r1, r0
10008f56:	db08      	blt.n	10008f6a <tu_fifo_write_n+0xfa>
10008f58:	18d1      	adds	r1, r2, r3
10008f5a:	b289      	uxth	r1, r1
10008f5c:	1b0e      	subs	r6, r1, r4
10008f5e:	b2b6      	uxth	r6, r6
10008f60:	468a      	mov	sl, r1
10008f62:	42b2      	cmp	r2, r6
10008f64:	d93b      	bls.n	10008fde <tu_fifo_write_n+0x16e>
10008f66:	1a36      	subs	r6, r6, r0
10008f68:	b2b6      	uxth	r6, r6
10008f6a:	19a2      	adds	r2, r4, r6
10008f6c:	b292      	uxth	r2, r2
10008f6e:	4692      	mov	sl, r2
10008f70:	46a1      	mov	r9, r4
10008f72:	e7b7      	b.n	10008ee4 <tu_fifo_write_n+0x74>
10008f74:	2300      	movs	r3, #0
10008f76:	4699      	mov	r9, r3
10008f78:	4648      	mov	r0, r9
10008f7a:	b003      	add	sp, #12
10008f7c:	bcf0      	pop	{r4, r5, r6, r7}
10008f7e:	46bb      	mov	fp, r7
10008f80:	46b2      	mov	sl, r6
10008f82:	46a9      	mov	r9, r5
10008f84:	46a0      	mov	r8, r4
10008f86:	bdf0      	pop	{r4, r5, r6, r7, pc}
10008f88:	1ab2      	subs	r2, r6, r2
10008f8a:	b292      	uxth	r2, r2
10008f8c:	e792      	b.n	10008eb4 <tu_fifo_write_n+0x44>
10008f8e:	2100      	movs	r1, #0
10008f90:	4689      	mov	r9, r1
10008f92:	2b00      	cmp	r3, #0
10008f94:	d0c7      	beq.n	10008f26 <tu_fifo_write_n+0xb6>
10008f96:	4641      	mov	r1, r8
10008f98:	1ae4      	subs	r4, r4, r3
10008f9a:	434c      	muls	r4, r1
10008f9c:	0016      	movs	r6, r2
10008f9e:	18d1      	adds	r1, r2, r3
10008fa0:	2200      	movs	r2, #0
10008fa2:	b289      	uxth	r1, r1
10008fa4:	468a      	mov	sl, r1
10008fa6:	4699      	mov	r9, r3
10008fa8:	4693      	mov	fp, r2
10008faa:	193f      	adds	r7, r7, r4
10008fac:	e79a      	b.n	10008ee4 <tu_fifo_write_n+0x74>
10008fae:	4353      	muls	r3, r2
10008fb0:	b29b      	uxth	r3, r3
10008fb2:	001a      	movs	r2, r3
10008fb4:	0039      	movs	r1, r7
10008fb6:	445c      	add	r4, fp
10008fb8:	9301      	str	r3, [sp, #4]
10008fba:	f7f9 faf9 	bl	100025b0 <__wrap___aeabi_memcpy>
10008fbe:	4641      	mov	r1, r8
10008fc0:	0022      	movs	r2, r4
10008fc2:	434a      	muls	r2, r1
10008fc4:	9b01      	ldr	r3, [sp, #4]
10008fc6:	6828      	ldr	r0, [r5, #0]
10008fc8:	b292      	uxth	r2, r2
10008fca:	18f9      	adds	r1, r7, r3
10008fcc:	f7f9 faf0 	bl	100025b0 <__wrap___aeabi_memcpy>
10008fd0:	e79d      	b.n	10008f0e <tu_fifo_write_n+0x9e>
10008fd2:	0058      	lsls	r0, r3, #1
10008fd4:	1a81      	subs	r1, r0, r2
10008fd6:	1871      	adds	r1, r6, r1
10008fd8:	b289      	uxth	r1, r1
10008fda:	468c      	mov	ip, r1
10008fdc:	e7b5      	b.n	10008f4a <tu_fifo_write_n+0xda>
10008fde:	46a1      	mov	r9, r4
10008fe0:	42b0      	cmp	r0, r6
10008fe2:	dd00      	ble.n	10008fe6 <tu_fifo_write_n+0x176>
10008fe4:	e77e      	b.n	10008ee4 <tu_fifo_write_n+0x74>
10008fe6:	e7be      	b.n	10008f66 <tu_fifo_write_n+0xf6>

10008fe8 <tu_fifo_clear>:
10008fe8:	b510      	push	{r4, lr}
10008fea:	0004      	movs	r4, r0
10008fec:	68c0      	ldr	r0, [r0, #12]
10008fee:	2800      	cmp	r0, #0
10008ff0:	d003      	beq.n	10008ffa <tu_fifo_clear+0x12>
10008ff2:	2101      	movs	r1, #1
10008ff4:	4249      	negs	r1, r1
10008ff6:	f000 f90f 	bl	10009218 <__mutex_enter_timeout_ms_veneer>
10008ffa:	6920      	ldr	r0, [r4, #16]
10008ffc:	2800      	cmp	r0, #0
10008ffe:	d003      	beq.n	10009008 <tu_fifo_clear+0x20>
10009000:	2101      	movs	r1, #1
10009002:	4249      	negs	r1, r1
10009004:	f000 f908 	bl	10009218 <__mutex_enter_timeout_ms_veneer>
10009008:	2300      	movs	r3, #0
1000900a:	68e0      	ldr	r0, [r4, #12]
1000900c:	8163      	strh	r3, [r4, #10]
1000900e:	8123      	strh	r3, [r4, #8]
10009010:	2800      	cmp	r0, #0
10009012:	d001      	beq.n	10009018 <tu_fifo_clear+0x30>
10009014:	f000 f8d8 	bl	100091c8 <__mutex_exit_veneer>
10009018:	6920      	ldr	r0, [r4, #16]
1000901a:	2800      	cmp	r0, #0
1000901c:	d001      	beq.n	10009022 <tu_fifo_clear+0x3a>
1000901e:	f000 f8d3 	bl	100091c8 <__mutex_exit_veneer>
10009022:	2001      	movs	r0, #1
10009024:	bd10      	pop	{r4, pc}
10009026:	46c0      	nop			@ (mov r8, r8)

10009028 <tu_fifo_set_overwritable>:
10009028:	b570      	push	{r4, r5, r6, lr}
1000902a:	0004      	movs	r4, r0
1000902c:	68c0      	ldr	r0, [r0, #12]
1000902e:	000d      	movs	r5, r1
10009030:	2800      	cmp	r0, #0
10009032:	d003      	beq.n	1000903c <tu_fifo_set_overwritable+0x14>
10009034:	2101      	movs	r1, #1
10009036:	4249      	negs	r1, r1
10009038:	f000 f8ee 	bl	10009218 <__mutex_enter_timeout_ms_veneer>
1000903c:	6920      	ldr	r0, [r4, #16]
1000903e:	2800      	cmp	r0, #0
10009040:	d003      	beq.n	1000904a <tu_fifo_set_overwritable+0x22>
10009042:	2101      	movs	r1, #1
10009044:	4249      	negs	r1, r1
10009046:	f000 f8e7 	bl	10009218 <__mutex_enter_timeout_ms_veneer>
1000904a:	217f      	movs	r1, #127	@ 0x7f
1000904c:	79e3      	ldrb	r3, [r4, #7]
1000904e:	01ed      	lsls	r5, r5, #7
10009050:	4019      	ands	r1, r3
10009052:	68e0      	ldr	r0, [r4, #12]
10009054:	4329      	orrs	r1, r5
10009056:	71e1      	strb	r1, [r4, #7]
10009058:	2800      	cmp	r0, #0
1000905a:	d001      	beq.n	10009060 <tu_fifo_set_overwritable+0x38>
1000905c:	f000 f8b4 	bl	100091c8 <__mutex_exit_veneer>
10009060:	6920      	ldr	r0, [r4, #16]
10009062:	2800      	cmp	r0, #0
10009064:	d001      	beq.n	1000906a <tu_fifo_set_overwritable+0x42>
10009066:	f000 f8af 	bl	100091c8 <__mutex_exit_veneer>
1000906a:	2001      	movs	r0, #1
1000906c:	bd70      	pop	{r4, r5, r6, pc}
1000906e:	46c0      	nop			@ (mov r8, r8)

10009070 <atexit>:
10009070:	b510      	push	{r4, lr}
10009072:	0001      	movs	r1, r0
10009074:	2300      	movs	r3, #0
10009076:	2200      	movs	r2, #0
10009078:	2000      	movs	r0, #0
1000907a:	f000 f843 	bl	10009104 <__register_exitproc>
1000907e:	bd10      	pop	{r4, pc}

10009080 <strlen>:
10009080:	b510      	push	{r4, lr}
10009082:	0783      	lsls	r3, r0, #30
10009084:	d00a      	beq.n	1000909c <strlen+0x1c>
10009086:	0003      	movs	r3, r0
10009088:	2103      	movs	r1, #3
1000908a:	e002      	b.n	10009092 <strlen+0x12>
1000908c:	3301      	adds	r3, #1
1000908e:	420b      	tst	r3, r1
10009090:	d005      	beq.n	1000909e <strlen+0x1e>
10009092:	781a      	ldrb	r2, [r3, #0]
10009094:	2a00      	cmp	r2, #0
10009096:	d1f9      	bne.n	1000908c <strlen+0xc>
10009098:	1a18      	subs	r0, r3, r0
1000909a:	bd10      	pop	{r4, pc}
1000909c:	0003      	movs	r3, r0
1000909e:	6819      	ldr	r1, [r3, #0]
100090a0:	4a0c      	ldr	r2, [pc, #48]	@ (100090d4 <strlen+0x54>)
100090a2:	4c0d      	ldr	r4, [pc, #52]	@ (100090d8 <strlen+0x58>)
100090a4:	188a      	adds	r2, r1, r2
100090a6:	438a      	bics	r2, r1
100090a8:	4222      	tst	r2, r4
100090aa:	d10f      	bne.n	100090cc <strlen+0x4c>
100090ac:	6859      	ldr	r1, [r3, #4]
100090ae:	4a09      	ldr	r2, [pc, #36]	@ (100090d4 <strlen+0x54>)
100090b0:	3304      	adds	r3, #4
100090b2:	188a      	adds	r2, r1, r2
100090b4:	438a      	bics	r2, r1
100090b6:	4222      	tst	r2, r4
100090b8:	d108      	bne.n	100090cc <strlen+0x4c>
100090ba:	6859      	ldr	r1, [r3, #4]
100090bc:	4a05      	ldr	r2, [pc, #20]	@ (100090d4 <strlen+0x54>)
100090be:	3304      	adds	r3, #4
100090c0:	188a      	adds	r2, r1, r2
100090c2:	438a      	bics	r2, r1
100090c4:	4222      	tst	r2, r4
100090c6:	d0f1      	beq.n	100090ac <strlen+0x2c>
100090c8:	e000      	b.n	100090cc <strlen+0x4c>
100090ca:	3301      	adds	r3, #1
100090cc:	781a      	ldrb	r2, [r3, #0]
100090ce:	2a00      	cmp	r2, #0
100090d0:	d1fb      	bne.n	100090ca <strlen+0x4a>
100090d2:	e7e1      	b.n	10009098 <strlen+0x18>
100090d4:	fefefeff 	.word	0xfefefeff
100090d8:	80808080 	.word	0x80808080

100090dc <__libc_fini_array>:
100090dc:	b570      	push	{r4, r5, r6, lr}
100090de:	4c07      	ldr	r4, [pc, #28]	@ (100090fc <__libc_fini_array+0x20>)
100090e0:	4d07      	ldr	r5, [pc, #28]	@ (10009100 <__libc_fini_array+0x24>)
100090e2:	1b64      	subs	r4, r4, r5
100090e4:	10a4      	asrs	r4, r4, #2
100090e6:	d005      	beq.n	100090f4 <__libc_fini_array+0x18>
100090e8:	3c01      	subs	r4, #1
100090ea:	00a3      	lsls	r3, r4, #2
100090ec:	58eb      	ldr	r3, [r5, r3]
100090ee:	4798      	blx	r3
100090f0:	2c00      	cmp	r4, #0
100090f2:	d1f9      	bne.n	100090e8 <__libc_fini_array+0xc>
100090f4:	f000 f84e 	bl	10009194 <_fini>
100090f8:	bd70      	pop	{r4, r5, r6, pc}
100090fa:	46c0      	nop			@ (mov r8, r8)
100090fc:	100092a4 	.word	0x100092a4
10009100:	100092a4 	.word	0x100092a4

10009104 <__register_exitproc>:
10009104:	b5f0      	push	{r4, r5, r6, r7, lr}
10009106:	46c6      	mov	lr, r8
10009108:	4c1a      	ldr	r4, [pc, #104]	@ (10009174 <__register_exitproc+0x70>)
1000910a:	b500      	push	{lr}
1000910c:	6825      	ldr	r5, [r4, #0]
1000910e:	2d00      	cmp	r5, #0
10009110:	d02a      	beq.n	10009168 <__register_exitproc+0x64>
10009112:	686c      	ldr	r4, [r5, #4]
10009114:	2c1f      	cmp	r4, #31
10009116:	dc2a      	bgt.n	1000916e <__register_exitproc+0x6a>
10009118:	2800      	cmp	r0, #0
1000911a:	d108      	bne.n	1000912e <__register_exitproc+0x2a>
1000911c:	2000      	movs	r0, #0
1000911e:	1c63      	adds	r3, r4, #1
10009120:	3402      	adds	r4, #2
10009122:	00a4      	lsls	r4, r4, #2
10009124:	606b      	str	r3, [r5, #4]
10009126:	5161      	str	r1, [r4, r5]
10009128:	bc80      	pop	{r7}
1000912a:	46b8      	mov	r8, r7
1000912c:	bdf0      	pop	{r4, r5, r6, r7, pc}
1000912e:	2788      	movs	r7, #136	@ 0x88
10009130:	00a6      	lsls	r6, r4, #2
10009132:	19ae      	adds	r6, r5, r6
10009134:	51f2      	str	r2, [r6, r7]
10009136:	3701      	adds	r7, #1
10009138:	37ff      	adds	r7, #255	@ 0xff
1000913a:	46bc      	mov	ip, r7
1000913c:	2201      	movs	r2, #1
1000913e:	44ac      	add	ip, r5
10009140:	4667      	mov	r7, ip
10009142:	40a2      	lsls	r2, r4
10009144:	683f      	ldr	r7, [r7, #0]
10009146:	4690      	mov	r8, r2
10009148:	4317      	orrs	r7, r2
1000914a:	4662      	mov	r2, ip
1000914c:	6017      	str	r7, [r2, #0]
1000914e:	2784      	movs	r7, #132	@ 0x84
10009150:	007f      	lsls	r7, r7, #1
10009152:	51f3      	str	r3, [r6, r7]
10009154:	2802      	cmp	r0, #2
10009156:	d1e1      	bne.n	1000911c <__register_exitproc+0x18>
10009158:	0028      	movs	r0, r5
1000915a:	4642      	mov	r2, r8
1000915c:	308d      	adds	r0, #141	@ 0x8d
1000915e:	30ff      	adds	r0, #255	@ 0xff
10009160:	6803      	ldr	r3, [r0, #0]
10009162:	4313      	orrs	r3, r2
10009164:	6003      	str	r3, [r0, #0]
10009166:	e7d9      	b.n	1000911c <__register_exitproc+0x18>
10009168:	4d03      	ldr	r5, [pc, #12]	@ (10009178 <__register_exitproc+0x74>)
1000916a:	6025      	str	r5, [r4, #0]
1000916c:	e7d1      	b.n	10009112 <__register_exitproc+0xe>
1000916e:	2001      	movs	r0, #1
10009170:	4240      	negs	r0, r0
10009172:	e7d9      	b.n	10009128 <__register_exitproc+0x24>
10009174:	200014bc 	.word	0x200014bc
10009178:	2000132c 	.word	0x2000132c

1000917c <register_fini>:
1000917c:	4b03      	ldr	r3, [pc, #12]	@ (1000918c <register_fini+0x10>)
1000917e:	b510      	push	{r4, lr}
10009180:	2b00      	cmp	r3, #0
10009182:	d002      	beq.n	1000918a <register_fini+0xe>
10009184:	4802      	ldr	r0, [pc, #8]	@ (10009190 <register_fini+0x14>)
10009186:	f7ff ff73 	bl	10009070 <atexit>
1000918a:	bd10      	pop	{r4, pc}
1000918c:	00000000 	.word	0x00000000
10009190:	100090dd 	.word	0x100090dd

10009194 <_fini>:
10009194:	b5f8      	push	{r3, r4, r5, r6, r7, lr}
10009196:	46c0      	nop			@ (mov r8, r8)

10009198 <__e15_is_critical_frame_period_veneer>:
10009198:	b401      	push	{r0}
1000919a:	4802      	ldr	r0, [pc, #8]	@ (100091a4 <__e15_is_critical_frame_period_veneer+0xc>)
1000919c:	4684      	mov	ip, r0
1000919e:	bc01      	pop	{r0}
100091a0:	4760      	bx	ip
100091a2:	bf00      	nop
100091a4:	20000b91 	.word	0x20000b91

100091a8 <__reset_non_control_endpoints_veneer>:
100091a8:	b401      	push	{r0}
100091aa:	4802      	ldr	r0, [pc, #8]	@ (100091b4 <__reset_non_control_endpoints_veneer+0xc>)
100091ac:	4684      	mov	ip, r0
100091ae:	bc01      	pop	{r0}
100091b0:	4760      	bx	ip
100091b2:	bf00      	nop
100091b4:	2000036d 	.word	0x2000036d

100091b8 <__flash_do_cmd_veneer>:
100091b8:	b401      	push	{r0}
100091ba:	4802      	ldr	r0, [pc, #8]	@ (100091c4 <__flash_do_cmd_veneer+0xc>)
100091bc:	4684      	mov	ip, r0
100091be:	bc01      	pop	{r0}
100091c0:	4760      	bx	ip
100091c2:	bf00      	nop
100091c4:	200002ad 	.word	0x200002ad

100091c8 <__mutex_exit_veneer>:
100091c8:	b401      	push	{r0}
100091ca:	4802      	ldr	r0, [pc, #8]	@ (100091d4 <__mutex_exit_veneer+0xc>)
100091cc:	4684      	mov	ip, r0
100091ce:	bc01      	pop	{r0}
100091d0:	4760      	bx	ip
100091d2:	bf00      	nop
100091d4:	20000219 	.word	0x20000219

100091d8 <__e15_is_bulkin_ep_veneer>:
100091d8:	b401      	push	{r0}
100091da:	4802      	ldr	r0, [pc, #8]	@ (100091e4 <__e15_is_bulkin_ep_veneer+0xc>)
100091dc:	4684      	mov	ip, r0
100091de:	bc01      	pop	{r0}
100091e0:	4760      	bx	ip
100091e2:	bf00      	nop
100091e4:	20000b69 	.word	0x20000b69

100091e8 <____aeabi_ldiv0_veneer>:
100091e8:	b401      	push	{r0}
100091ea:	4802      	ldr	r0, [pc, #8]	@ (100091f4 <____aeabi_ldiv0_veneer+0xc>)
100091ec:	4684      	mov	ip, r0
100091ee:	bc01      	pop	{r0}
100091f0:	4760      	bx	ip
100091f2:	bf00      	nop
100091f4:	20000eb1 	.word	0x20000eb1

100091f8 <____aeabi_idiv0_veneer>:
100091f8:	b401      	push	{r0}
100091fa:	4802      	ldr	r0, [pc, #8]	@ (10009204 <____aeabi_idiv0_veneer+0xc>)
100091fc:	4684      	mov	ip, r0
100091fe:	bc01      	pop	{r0}
10009200:	4760      	bx	ip
10009202:	bf00      	nop
10009204:	20000eb1 	.word	0x20000eb1

10009208 <__mutex_try_enter_veneer>:
10009208:	b401      	push	{r0}
1000920a:	4802      	ldr	r0, [pc, #8]	@ (10009214 <__mutex_try_enter_veneer+0xc>)
1000920c:	4684      	mov	ip, r0
1000920e:	bc01      	pop	{r0}
10009210:	4760      	bx	ip
10009212:	bf00      	nop
10009214:	200000c1 	.word	0x200000c1

10009218 <__mutex_enter_timeout_ms_veneer>:
10009218:	b401      	push	{r0}
1000921a:	4802      	ldr	r0, [pc, #8]	@ (10009224 <__mutex_enter_timeout_ms_veneer+0xc>)
1000921c:	4684      	mov	ip, r0
1000921e:	bc01      	pop	{r0}
10009220:	4760      	bx	ip
10009222:	bf00      	nop
10009224:	200001a1 	.word	0x200001a1

10009228 <__mutex_try_enter_block_until_veneer>:
10009228:	b401      	push	{r0}
1000922a:	4802      	ldr	r0, [pc, #8]	@ (10009234 <__mutex_try_enter_block_until_veneer+0xc>)
1000922c:	4684      	mov	ip, r0
1000922e:	bc01      	pop	{r0}
10009230:	4760      	bx	ip
10009232:	bf00      	nop
10009234:	20000101 	.word	0x20000101

10009238 <__hw_endpoint_start_next_buffer_veneer>:
10009238:	b401      	push	{r0}
1000923a:	4802      	ldr	r0, [pc, #8]	@ (10009244 <__hw_endpoint_start_next_buffer_veneer+0xc>)
1000923c:	4684      	mov	ip, r0
1000923e:	bc01      	pop	{r0}
10009240:	4760      	bx	ip
10009242:	bf00      	nop
10009244:	20000c21 	.word	0x20000c21

10009248 <___hw_endpoint_buffer_control_update32_veneer>:
10009248:	b401      	push	{r0}
1000924a:	4802      	ldr	r0, [pc, #8]	@ (10009254 <___hw_endpoint_buffer_control_update32_veneer+0xc>)
1000924c:	4684      	mov	ip, r0
1000924e:	bc01      	pop	{r0}
10009250:	4760      	bx	ip
10009252:	bf00      	nop
10009254:	20000bd1 	.word	0x20000bd1

10009258 <__pre_init_runtime_init_early_resets>:
10009258:	10001b49                                I...

1000925c <__pre_init_runtime_init_usb_power_down>:
1000925c:	10001b75 10001cc1 10002595 10002339     u........%..9#..
1000926c:	10002539                                9%..

10009270 <__pre_init_runtime_init_clocks>:
10009270:	10001be9                                ....

10009274 <__pre_init_runtime_init_post_clock_resets>:
10009274:	10001b91                                ....

10009278 <__pre_init_runtime_init_rp2040_gpio_ie_disable>:
10009278:	10001bb1                                ....

1000927c <__pre_init_runtime_init_spin_locks_reset>:
1000927c:	10001bc5                                ....

10009280 <__pre_init_runtime_init_mutex>:
10009280:	10000dcd                                ....

10009284 <__pre_init_runtime_init_install_ram_vector_table>:
10009284:	10001bcd                                ....

10009288 <__pre_init_runtime_init_default_alarm_pool>:
10009288:	1000118d                                ....

1000928c <__pre_init_first_per_core_initializer>:
1000928c:	10001b11                                ....

10009290 <__pre_init_runtime_init_per_core_irq_priorities>:
10009290:	10000805                                ....

10009294 <__init_array_start>:
10009294:	1000917d 	.word	0x1000917d

10009298 <__frame_dummy_init_array_entry>:
10009298:	100002fd 100047d5 1000688d              .....G...h..

Disassembly of section .data:

200000c0 <mutex_try_enter>:
200000c0:	b570      	push	{r4, r5, r6, lr}
200000c2:	6802      	ldr	r2, [r0, #0]
200000c4:	0004      	movs	r4, r0
200000c6:	f3ef 8510 	mrs	r5, PRIMASK
200000ca:	b672      	cpsid	i
200000cc:	6813      	ldr	r3, [r2, #0]
200000ce:	2b00      	cmp	r3, #0
200000d0:	d0fc      	beq.n	200000cc <mutex_try_enter+0xc>
200000d2:	f3bf 8f5f 	dmb	sy
200000d6:	6863      	ldr	r3, [r4, #4]
200000d8:	1c5a      	adds	r2, r3, #1
200000da:	d00b      	beq.n	200000f4 <mutex_try_enter+0x34>
200000dc:	2900      	cmp	r1, #0
200000de:	d000      	beq.n	200000e2 <mutex_try_enter+0x22>
200000e0:	600b      	str	r3, [r1, #0]
200000e2:	2000      	movs	r0, #0
200000e4:	6823      	ldr	r3, [r4, #0]
200000e6:	f3bf 8f5f 	dmb	sy
200000ea:	2200      	movs	r2, #0
200000ec:	601a      	str	r2, [r3, #0]
200000ee:	f385 8810 	msr	PRIMASK, r5
200000f2:	bd70      	pop	{r4, r5, r6, pc}
200000f4:	f000 fee8 	bl	20000ec8 <__ulPortLockGetCurrentOwnerId_veneer>
200000f8:	6060      	str	r0, [r4, #4]
200000fa:	2001      	movs	r0, #1
200000fc:	e7f2      	b.n	200000e4 <mutex_try_enter+0x24>
200000fe:	46c0      	nop			@ (mov r8, r8)

20000100 <mutex_try_enter_block_until>:
20000100:	b5f0      	push	{r4, r5, r6, r7, lr}
20000102:	46c6      	mov	lr, r8
20000104:	0016      	movs	r6, r2
20000106:	b500      	push	{lr}
20000108:	0004      	movs	r4, r0
2000010a:	001f      	movs	r7, r3
2000010c:	6802      	ldr	r2, [r0, #0]
2000010e:	f3ef 8810 	mrs	r8, PRIMASK
20000112:	b672      	cpsid	i
20000114:	6813      	ldr	r3, [r2, #0]
20000116:	2b00      	cmp	r3, #0
20000118:	d0fc      	beq.n	20000114 <mutex_try_enter_block_until+0x14>
2000011a:	f3bf 8f5f 	dmb	sy
2000011e:	6865      	ldr	r5, [r4, #4]
20000120:	1c6b      	adds	r3, r5, #1
20000122:	d00e      	beq.n	20000142 <mutex_try_enter_block_until+0x42>
20000124:	6823      	ldr	r3, [r4, #0]
20000126:	f3bf 8f5f 	dmb	sy
2000012a:	2200      	movs	r2, #0
2000012c:	601a      	str	r2, [r3, #0]
2000012e:	f388 8810 	msr	PRIMASK, r8
20000132:	f000 fec9 	bl	20000ec8 <__ulPortLockGetCurrentOwnerId_veneer>
20000136:	42a8      	cmp	r0, r5
20000138:	d10f      	bne.n	2000015a <mutex_try_enter_block_until+0x5a>
2000013a:	2000      	movs	r0, #0
2000013c:	bc80      	pop	{r7}
2000013e:	46b8      	mov	r8, r7
20000140:	bdf0      	pop	{r4, r5, r6, r7, pc}
20000142:	f000 fec1 	bl	20000ec8 <__ulPortLockGetCurrentOwnerId_veneer>
20000146:	6823      	ldr	r3, [r4, #0]
20000148:	6060      	str	r0, [r4, #4]
2000014a:	f3bf 8f5f 	dmb	sy
2000014e:	2200      	movs	r2, #0
20000150:	601a      	str	r2, [r3, #0]
20000152:	f388 8810 	msr	PRIMASK, r8
20000156:	2001      	movs	r0, #1
20000158:	e7f0      	b.n	2000013c <mutex_try_enter_block_until+0x3c>
2000015a:	f000 feb5 	bl	20000ec8 <__ulPortLockGetCurrentOwnerId_veneer>
2000015e:	4680      	mov	r8, r0
20000160:	e006      	b.n	20000170 <mutex_try_enter_block_until+0x70>
20000162:	0032      	movs	r2, r6
20000164:	003b      	movs	r3, r7
20000166:	0020      	movs	r0, r4
20000168:	f000 febe 	bl	20000ee8 <__xPortLockInternalSpinUnlockWithBestEffortWaitOrTimeout_veneer>
2000016c:	2800      	cmp	r0, #0
2000016e:	d1e4      	bne.n	2000013a <mutex_try_enter_block_until+0x3a>
20000170:	6822      	ldr	r2, [r4, #0]
20000172:	f3ef 8110 	mrs	r1, PRIMASK
20000176:	b672      	cpsid	i
20000178:	6813      	ldr	r3, [r2, #0]
2000017a:	2b00      	cmp	r3, #0
2000017c:	d0fc      	beq.n	20000178 <mutex_try_enter_block_until+0x78>
2000017e:	f3bf 8f5f 	dmb	sy
20000182:	6865      	ldr	r5, [r4, #4]
20000184:	3501      	adds	r5, #1
20000186:	d1ec      	bne.n	20000162 <mutex_try_enter_block_until+0x62>
20000188:	4643      	mov	r3, r8
2000018a:	6063      	str	r3, [r4, #4]
2000018c:	6823      	ldr	r3, [r4, #0]
2000018e:	f3bf 8f5f 	dmb	sy
20000192:	2200      	movs	r2, #0
20000194:	601a      	str	r2, [r3, #0]
20000196:	f381 8810 	msr	PRIMASK, r1
2000019a:	2001      	movs	r0, #1
2000019c:	e7ce      	b.n	2000013c <mutex_try_enter_block_until+0x3c>
2000019e:	46c0      	nop			@ (mov r8, r8)

200001a0 <mutex_enter_timeout_ms>:
200001a0:	b5f8      	push	{r3, r4, r5, r6, r7, lr}
200001a2:	000d      	movs	r5, r1
200001a4:	0004      	movs	r4, r0
200001a6:	f000 febf 	bl	20000f28 <__time_us_64_veneer>
200001aa:	22fa      	movs	r2, #250	@ 0xfa
200001ac:	0006      	movs	r6, r0
200001ae:	000f      	movs	r7, r1
200001b0:	2300      	movs	r3, #0
200001b2:	0028      	movs	r0, r5
200001b4:	2100      	movs	r1, #0
200001b6:	0092      	lsls	r2, r2, #2
200001b8:	f000 fe7e 	bl	20000eb8 <____wrap___aeabi_lmul_veneer>
200001bc:	2380      	movs	r3, #128	@ 0x80
200001be:	1836      	adds	r6, r6, r0
200001c0:	414f      	adcs	r7, r1
200001c2:	061b      	lsls	r3, r3, #24
200001c4:	429f      	cmp	r7, r3
200001c6:	d302      	bcc.n	200001ce <mutex_enter_timeout_ms+0x2e>
200001c8:	2601      	movs	r6, #1
200001ca:	4f12      	ldr	r7, [pc, #72]	@ (20000214 <mutex_enter_timeout_ms+0x74>)
200001cc:	4276      	negs	r6, r6
200001ce:	f000 fe7b 	bl	20000ec8 <__ulPortLockGetCurrentOwnerId_veneer>
200001d2:	0005      	movs	r5, r0
200001d4:	e006      	b.n	200001e4 <mutex_enter_timeout_ms+0x44>
200001d6:	0032      	movs	r2, r6
200001d8:	003b      	movs	r3, r7
200001da:	0020      	movs	r0, r4
200001dc:	f000 fe84 	bl	20000ee8 <__xPortLockInternalSpinUnlockWithBestEffortWaitOrTimeout_veneer>
200001e0:	2800      	cmp	r0, #0
200001e2:	d115      	bne.n	20000210 <mutex_enter_timeout_ms+0x70>
200001e4:	6822      	ldr	r2, [r4, #0]
200001e6:	f3ef 8110 	mrs	r1, PRIMASK
200001ea:	b672      	cpsid	i
200001ec:	6813      	ldr	r3, [r2, #0]
200001ee:	2b00      	cmp	r3, #0
200001f0:	d0fc      	beq.n	200001ec <mutex_enter_timeout_ms+0x4c>
200001f2:	f3bf 8f5f 	dmb	sy
200001f6:	6863      	ldr	r3, [r4, #4]
200001f8:	3301      	adds	r3, #1
200001fa:	d1ec      	bne.n	200001d6 <mutex_enter_timeout_ms+0x36>
200001fc:	6065      	str	r5, [r4, #4]
200001fe:	6823      	ldr	r3, [r4, #0]
20000200:	f3bf 8f5f 	dmb	sy
20000204:	2200      	movs	r2, #0
20000206:	601a      	str	r2, [r3, #0]
20000208:	f381 8810 	msr	PRIMASK, r1
2000020c:	2001      	movs	r0, #1
2000020e:	bdf8      	pop	{r3, r4, r5, r6, r7, pc}
20000210:	2000      	movs	r0, #0
20000212:	e7fc      	b.n	2000020e <mutex_enter_timeout_ms+0x6e>
20000214:	7fffffff 	.word	0x7fffffff

20000218 <mutex_exit>:
20000218:	b510      	push	{r4, lr}
2000021a:	6802      	ldr	r2, [r0, #0]
2000021c:	f3ef 8110 	mrs	r1, PRIMASK
20000220:	b672      	cpsid	i
20000222:	6813      	ldr	r3, [r2, #0]
20000224:	2b00      	cmp	r3, #0
20000226:	d0fc      	beq.n	20000222 <mutex_exit+0xa>
20000228:	f3bf 8f5f 	dmb	sy
2000022c:	2301      	movs	r3, #1
2000022e:	425b      	negs	r3, r3
20000230:	6043      	str	r3, [r0, #4]
20000232:	f000 fe81 	bl	20000f38 <__vPortLockInternalSpinUnlockWithNotify_veneer>
20000236:	bd10      	pop	{r4, pc}

20000238 <flash_init_boot2_copyout>:
20000238:	b510      	push	{r4, lr}
2000023a:	4c08      	ldr	r4, [pc, #32]	@ (2000025c <flash_init_boot2_copyout+0x24>)
2000023c:	7823      	ldrb	r3, [r4, #0]
2000023e:	2b00      	cmp	r3, #0
20000240:	d10a      	bne.n	20000258 <flash_init_boot2_copyout+0x20>
20000242:	2380      	movs	r3, #128	@ 0x80
20000244:	4806      	ldr	r0, [pc, #24]	@ (20000260 <flash_init_boot2_copyout+0x28>)
20000246:	4907      	ldr	r1, [pc, #28]	@ (20000264 <flash_init_boot2_copyout+0x2c>)
20000248:	055b      	lsls	r3, r3, #21
2000024a:	681a      	ldr	r2, [r3, #0]
2000024c:	50c2      	str	r2, [r0, r3]
2000024e:	3304      	adds	r3, #4
20000250:	428b      	cmp	r3, r1
20000252:	d1fa      	bne.n	2000024a <flash_init_boot2_copyout+0x12>
20000254:	2301      	movs	r3, #1
20000256:	7023      	strb	r3, [r4, #0]
20000258:	bd10      	pop	{r4, pc}
2000025a:	46c0      	nop			@ (mov r8, r8)
2000025c:	200224b7 	.word	0x200224b7
20000260:	10001a58 	.word	0x10001a58
20000264:	10000100 	.word	0x10000100

20000268 <flash_enable_xip_via_boot2>:
20000268:	b510      	push	{r4, lr}
2000026a:	4b01      	ldr	r3, [pc, #4]	@ (20000270 <flash_enable_xip_via_boot2+0x8>)
2000026c:	4798      	blx	r3
2000026e:	bd10      	pop	{r4, pc}
20000270:	20001a59 	.word	0x20001a59

20000274 <flash_cs_force.constprop.0>:
20000274:	4b03      	ldr	r3, [pc, #12]	@ (20000284 <flash_cs_force.constprop.0+0x10>)
20000276:	681a      	ldr	r2, [r3, #0]
20000278:	23c0      	movs	r3, #192	@ 0xc0
2000027a:	009b      	lsls	r3, r3, #2
2000027c:	4393      	bics	r3, r2
2000027e:	4a02      	ldr	r2, [pc, #8]	@ (20000288 <flash_cs_force.constprop.0+0x14>)
20000280:	6013      	str	r3, [r2, #0]
20000282:	4770      	bx	lr
20000284:	4001800c 	.word	0x4001800c
20000288:	4001900c 	.word	0x4001900c

2000028c <flash_cs_force.constprop.1>:
2000028c:	4b05      	ldr	r3, [pc, #20]	@ (200002a4 <flash_cs_force.constprop.1+0x18>)
2000028e:	681a      	ldr	r2, [r3, #0]
20000290:	2380      	movs	r3, #128	@ 0x80
20000292:	009b      	lsls	r3, r3, #2
20000294:	4053      	eors	r3, r2
20000296:	22c0      	movs	r2, #192	@ 0xc0
20000298:	0092      	lsls	r2, r2, #2
2000029a:	4013      	ands	r3, r2
2000029c:	4a02      	ldr	r2, [pc, #8]	@ (200002a8 <flash_cs_force.constprop.1+0x1c>)
2000029e:	6013      	str	r3, [r2, #0]
200002a0:	4770      	bx	lr
200002a2:	46c0      	nop			@ (mov r8, r8)
200002a4:	4001800c 	.word	0x4001800c
200002a8:	4001900c 	.word	0x4001900c

200002ac <flash_do_cmd>:
200002ac:	2314      	movs	r3, #20
200002ae:	b5f0      	push	{r4, r5, r6, r7, lr}
200002b0:	46d6      	mov	lr, sl
200002b2:	464f      	mov	r7, r9
200002b4:	4646      	mov	r6, r8
200002b6:	469a      	mov	sl, r3
200002b8:	4681      	mov	r9, r0
200002ba:	8818      	ldrh	r0, [r3, #0]
200002bc:	3304      	adds	r3, #4
200002be:	b5c0      	push	{r6, r7, lr}
200002c0:	4698      	mov	r8, r3
200002c2:	000e      	movs	r6, r1
200002c4:	881b      	ldrh	r3, [r3, #0]
200002c6:	4926      	ldr	r1, [pc, #152]	@ (20000360 <flash_do_cmd+0xb4>)
200002c8:	0014      	movs	r4, r2
200002ca:	4798      	blx	r3
200002cc:	4653      	mov	r3, sl
200002ce:	0007      	movs	r7, r0
200002d0:	8818      	ldrh	r0, [r3, #0]
200002d2:	4643      	mov	r3, r8
200002d4:	4923      	ldr	r1, [pc, #140]	@ (20000364 <flash_do_cmd+0xb8>)
200002d6:	881b      	ldrh	r3, [r3, #0]
200002d8:	4798      	blx	r3
200002da:	4653      	mov	r3, sl
200002dc:	0005      	movs	r5, r0
200002de:	8818      	ldrh	r0, [r3, #0]
200002e0:	4643      	mov	r3, r8
200002e2:	4921      	ldr	r1, [pc, #132]	@ (20000368 <flash_do_cmd+0xbc>)
200002e4:	881b      	ldrh	r3, [r3, #0]
200002e6:	4798      	blx	r3
200002e8:	4680      	mov	r8, r0
200002ea:	f7ff ffa5 	bl	20000238 <flash_init_boot2_copyout>
200002ee:	47b8      	blx	r7
200002f0:	47a8      	blx	r5
200002f2:	f7ff ffcb 	bl	2000028c <flash_cs_force.constprop.1>
200002f6:	1e22      	subs	r2, r4, #0
200002f8:	d020      	beq.n	2000033c <flash_do_cmd+0x90>
200002fa:	21c0      	movs	r1, #192	@ 0xc0
200002fc:	2708      	movs	r7, #8
200002fe:	2002      	movs	r0, #2
20000300:	0549      	lsls	r1, r1, #21
20000302:	e011      	b.n	20000328 <flash_do_cmd+0x7c>
20000304:	2c00      	cmp	r4, #0
20000306:	d014      	beq.n	20000332 <flash_do_cmd+0x86>
20000308:	1b13      	subs	r3, r2, r4
2000030a:	2b0d      	cmp	r3, #13
2000030c:	d920      	bls.n	20000350 <flash_do_cmd+0xa4>
2000030e:	2d00      	cmp	r5, #0
20000310:	d00a      	beq.n	20000328 <flash_do_cmd+0x7c>
20000312:	0023      	movs	r3, r4
20000314:	2a00      	cmp	r2, #0
20000316:	d005      	beq.n	20000324 <flash_do_cmd+0x78>
20000318:	6e0b      	ldr	r3, [r1, #96]	@ 0x60
2000031a:	3a01      	subs	r2, #1
2000031c:	7033      	strb	r3, [r6, #0]
2000031e:	0013      	movs	r3, r2
20000320:	3601      	adds	r6, #1
20000322:	4323      	orrs	r3, r4
20000324:	2b00      	cmp	r3, #0
20000326:	d009      	beq.n	2000033c <flash_do_cmd+0x90>
20000328:	003d      	movs	r5, r7
2000032a:	6a8b      	ldr	r3, [r1, #40]	@ 0x28
2000032c:	401d      	ands	r5, r3
2000032e:	4218      	tst	r0, r3
20000330:	d1e8      	bne.n	20000304 <flash_do_cmd+0x58>
20000332:	2d00      	cmp	r5, #0
20000334:	d1ed      	bne.n	20000312 <flash_do_cmd+0x66>
20000336:	0023      	movs	r3, r4
20000338:	4313      	orrs	r3, r2
2000033a:	d1f5      	bne.n	20000328 <flash_do_cmd+0x7c>
2000033c:	f7ff ff9a 	bl	20000274 <flash_cs_force.constprop.0>
20000340:	47c0      	blx	r8
20000342:	f7ff ff91 	bl	20000268 <flash_enable_xip_via_boot2>
20000346:	bce0      	pop	{r5, r6, r7}
20000348:	46ba      	mov	sl, r7
2000034a:	46b1      	mov	r9, r6
2000034c:	46a8      	mov	r8, r5
2000034e:	bdf0      	pop	{r4, r5, r6, r7, pc}
20000350:	464b      	mov	r3, r9
20000352:	781b      	ldrb	r3, [r3, #0]
20000354:	3c01      	subs	r4, #1
20000356:	660b      	str	r3, [r1, #96]	@ 0x60
20000358:	2301      	movs	r3, #1
2000035a:	469c      	mov	ip, r3
2000035c:	44e1      	add	r9, ip
2000035e:	e7e8      	b.n	20000332 <flash_do_cmd+0x86>
20000360:	00004649 	.word	0x00004649
20000364:	00005845 	.word	0x00005845
20000368:	00004346 	.word	0x00004346

2000036c <reset_non_control_endpoints>:
2000036c:	2200      	movs	r2, #0
2000036e:	4b15      	ldr	r3, [pc, #84]	@ (200003c4 <reset_non_control_endpoints+0x58>)
20000370:	b510      	push	{r4, lr}
20000372:	609a      	str	r2, [r3, #8]
20000374:	60da      	str	r2, [r3, #12]
20000376:	611a      	str	r2, [r3, #16]
20000378:	615a      	str	r2, [r3, #20]
2000037a:	619a      	str	r2, [r3, #24]
2000037c:	61da      	str	r2, [r3, #28]
2000037e:	621a      	str	r2, [r3, #32]
20000380:	625a      	str	r2, [r3, #36]	@ 0x24
20000382:	629a      	str	r2, [r3, #40]	@ 0x28
20000384:	62da      	str	r2, [r3, #44]	@ 0x2c
20000386:	631a      	str	r2, [r3, #48]	@ 0x30
20000388:	635a      	str	r2, [r3, #52]	@ 0x34
2000038a:	639a      	str	r2, [r3, #56]	@ 0x38
2000038c:	63da      	str	r2, [r3, #60]	@ 0x3c
2000038e:	641a      	str	r2, [r3, #64]	@ 0x40
20000390:	645a      	str	r2, [r3, #68]	@ 0x44
20000392:	649a      	str	r2, [r3, #72]	@ 0x48
20000394:	64da      	str	r2, [r3, #76]	@ 0x4c
20000396:	651a      	str	r2, [r3, #80]	@ 0x50
20000398:	655a      	str	r2, [r3, #84]	@ 0x54
2000039a:	659a      	str	r2, [r3, #88]	@ 0x58
2000039c:	65da      	str	r2, [r3, #92]	@ 0x5c
2000039e:	661a      	str	r2, [r3, #96]	@ 0x60
200003a0:	665a      	str	r2, [r3, #100]	@ 0x64
200003a2:	669a      	str	r2, [r3, #104]	@ 0x68
200003a4:	66da      	str	r2, [r3, #108]	@ 0x6c
200003a6:	671a      	str	r2, [r3, #112]	@ 0x70
200003a8:	675a      	str	r2, [r3, #116]	@ 0x74
200003aa:	679a      	str	r2, [r3, #120]	@ 0x78
200003ac:	67da      	str	r2, [r3, #124]	@ 0x7c
200003ae:	32f0      	adds	r2, #240	@ 0xf0
200003b0:	0092      	lsls	r2, r2, #2
200003b2:	2100      	movs	r1, #0
200003b4:	4804      	ldr	r0, [pc, #16]	@ (200003c8 <reset_non_control_endpoints+0x5c>)
200003b6:	f000 fd8f 	bl	20000ed8 <____wrap_memset_veneer>
200003ba:	4b04      	ldr	r3, [pc, #16]	@ (200003cc <reset_non_control_endpoints+0x60>)
200003bc:	4a04      	ldr	r2, [pc, #16]	@ (200003d0 <reset_non_control_endpoints+0x64>)
200003be:	601a      	str	r2, [r3, #0]
200003c0:	bd10      	pop	{r4, pc}
200003c2:	46c0      	nop			@ (mov r8, r8)
200003c4:	50100000 	.word	0x50100000
200003c8:	20001c0c 	.word	0x20001c0c
200003cc:	20001fd4 	.word	0x20001fd4
200003d0:	50100180 	.word	0x50100180

200003d4 <hw_handle_buff_status>:
200003d4:	b5f0      	push	{r4, r5, r6, r7, lr}
200003d6:	464e      	mov	r6, r9
200003d8:	4645      	mov	r5, r8
200003da:	46de      	mov	lr, fp
200003dc:	4657      	mov	r7, sl
200003de:	b5e0      	push	{r5, r6, r7, lr}
200003e0:	4b21      	ldr	r3, [pc, #132]	@ (20000468 <hw_handle_buff_status+0x94>)
200003e2:	2400      	movs	r4, #0
200003e4:	6d9e      	ldr	r6, [r3, #88]	@ 0x58
200003e6:	2501      	movs	r5, #1
200003e8:	b085      	sub	sp, #20
200003ea:	2e00      	cmp	r6, #0
200003ec:	d022      	beq.n	20000434 <hw_handle_buff_status+0x60>
200003ee:	4b1f      	ldr	r3, [pc, #124]	@ (2000046c <hw_handle_buff_status+0x98>)
200003f0:	469a      	mov	sl, r3
200003f2:	2301      	movs	r3, #1
200003f4:	4699      	mov	r9, r3
200003f6:	4b1e      	ldr	r3, [pc, #120]	@ (20000470 <hw_handle_buff_status+0x9c>)
200003f8:	4698      	mov	r8, r3
200003fa:	e001      	b.n	20000400 <hw_handle_buff_status+0x2c>
200003fc:	2c20      	cmp	r4, #32
200003fe:	d019      	beq.n	20000434 <hw_handle_buff_status+0x60>
20000400:	002a      	movs	r2, r5
20000402:	0023      	movs	r3, r4
20000404:	3401      	adds	r4, #1
20000406:	002f      	movs	r7, r5
20000408:	4032      	ands	r2, r6
2000040a:	b2e4      	uxtb	r4, r4
2000040c:	006d      	lsls	r5, r5, #1
2000040e:	2a00      	cmp	r2, #0
20000410:	d0f4      	beq.n	200003fc <hw_handle_buff_status+0x28>
20000412:	4652      	mov	r2, sl
20000414:	6597      	str	r7, [r2, #88]	@ 0x58
20000416:	464a      	mov	r2, r9
20000418:	085b      	lsrs	r3, r3, #1
2000041a:	005b      	lsls	r3, r3, #1
2000041c:	4022      	ands	r2, r4
2000041e:	189b      	adds	r3, r3, r2
20000420:	015b      	lsls	r3, r3, #5
20000422:	4443      	add	r3, r8
20000424:	0018      	movs	r0, r3
20000426:	469b      	mov	fp, r3
20000428:	f000 fc30 	bl	20000c8c <hw_endpoint_xfer_continue>
2000042c:	2800      	cmp	r0, #0
2000042e:	d108      	bne.n	20000442 <hw_handle_buff_status+0x6e>
20000430:	43be      	bics	r6, r7
20000432:	d1e3      	bne.n	200003fc <hw_handle_buff_status+0x28>
20000434:	b005      	add	sp, #20
20000436:	bcf0      	pop	{r4, r5, r6, r7}
20000438:	46bb      	mov	fp, r7
2000043a:	46b2      	mov	sl, r6
2000043c:	46a9      	mov	r9, r5
2000043e:	46a0      	mov	r8, r4
20000440:	bdf0      	pop	{r4, r5, r6, r7, pc}
20000442:	465b      	mov	r3, fp
20000444:	21e0      	movs	r1, #224	@ 0xe0
20000446:	789a      	ldrb	r2, [r3, #2]
20000448:	8adb      	ldrh	r3, [r3, #22]
2000044a:	a801      	add	r0, sp, #4
2000044c:	6083      	str	r3, [r0, #8]
2000044e:	2300      	movs	r3, #0
20000450:	00c9      	lsls	r1, r1, #3
20000452:	8001      	strh	r1, [r0, #0]
20000454:	2101      	movs	r1, #1
20000456:	7102      	strb	r2, [r0, #4]
20000458:	7143      	strb	r3, [r0, #5]
2000045a:	f000 fc37 	bl	20000ccc <dcd_event_handler>
2000045e:	4658      	mov	r0, fp
20000460:	f000 fbb0 	bl	20000bc4 <hw_endpoint_reset_transfer>
20000464:	e7e4      	b.n	20000430 <hw_handle_buff_status+0x5c>
20000466:	46c0      	nop			@ (mov r8, r8)
20000468:	50110000 	.word	0x50110000
2000046c:	50113000 	.word	0x50113000
20000470:	20001bcc 	.word	0x20001bcc

20000474 <dcd_rp2040_irq>:
20000474:	2398      	movs	r3, #152	@ 0x98
20000476:	b5f0      	push	{r4, r5, r6, r7, lr}
20000478:	46c6      	mov	lr, r8
2000047a:	4ac6      	ldr	r2, [pc, #792]	@ (20000794 <dcd_rp2040_irq+0x320>)
2000047c:	b500      	push	{lr}
2000047e:	58d5      	ldr	r5, [r2, r3]
20000480:	2380      	movs	r3, #128	@ 0x80
20000482:	002e      	movs	r6, r5
20000484:	029b      	lsls	r3, r3, #10
20000486:	2410      	movs	r4, #16
20000488:	b084      	sub	sp, #16
2000048a:	401e      	ands	r6, r3
2000048c:	421d      	tst	r5, r3
2000048e:	d073      	beq.n	20000578 <dcd_rp2040_irq+0x104>
20000490:	4bc1      	ldr	r3, [pc, #772]	@ (20000798 <dcd_rp2040_irq+0x324>)
20000492:	4cc2      	ldr	r4, [pc, #776]	@ (2000079c <dcd_rp2040_irq+0x328>)
20000494:	6a9a      	ldr	r2, [r3, #40]	@ 0x28
20000496:	4bc2      	ldr	r3, [pc, #776]	@ (200007a0 <dcd_rp2040_irq+0x32c>)
20000498:	2600      	movs	r6, #0
2000049a:	601a      	str	r2, [r3, #0]
2000049c:	233b      	movs	r3, #59	@ 0x3b
2000049e:	5ce3      	ldrb	r3, [r4, r3]
200004a0:	2b02      	cmp	r3, #2
200004a2:	d100      	bne.n	200004a6 <dcd_rp2040_irq+0x32>
200004a4:	e0f4      	b.n	20000690 <dcd_rp2040_irq+0x21c>
200004a6:	237b      	movs	r3, #123	@ 0x7b
200004a8:	5ce3      	ldrb	r3, [r4, r3]
200004aa:	2b02      	cmp	r3, #2
200004ac:	d100      	bne.n	200004b0 <dcd_rp2040_irq+0x3c>
200004ae:	e10c      	b.n	200006ca <dcd_rp2040_irq+0x256>
200004b0:	23bb      	movs	r3, #187	@ 0xbb
200004b2:	5ce3      	ldrb	r3, [r4, r3]
200004b4:	2b02      	cmp	r3, #2
200004b6:	d100      	bne.n	200004ba <dcd_rp2040_irq+0x46>
200004b8:	e0fb      	b.n	200006b2 <dcd_rp2040_irq+0x23e>
200004ba:	23fb      	movs	r3, #251	@ 0xfb
200004bc:	5ce3      	ldrb	r3, [r4, r3]
200004be:	2b02      	cmp	r3, #2
200004c0:	d100      	bne.n	200004c4 <dcd_rp2040_irq+0x50>
200004c2:	e135      	b.n	20000730 <dcd_rp2040_irq+0x2bc>
200004c4:	233c      	movs	r3, #60	@ 0x3c
200004c6:	33ff      	adds	r3, #255	@ 0xff
200004c8:	5ce3      	ldrb	r3, [r4, r3]
200004ca:	2b02      	cmp	r3, #2
200004cc:	d100      	bne.n	200004d0 <dcd_rp2040_irq+0x5c>
200004ce:	e122      	b.n	20000716 <dcd_rp2040_irq+0x2a2>
200004d0:	237c      	movs	r3, #124	@ 0x7c
200004d2:	33ff      	adds	r3, #255	@ 0xff
200004d4:	5ce3      	ldrb	r3, [r4, r3]
200004d6:	2b02      	cmp	r3, #2
200004d8:	d100      	bne.n	200004dc <dcd_rp2040_irq+0x68>
200004da:	e10f      	b.n	200006fc <dcd_rp2040_irq+0x288>
200004dc:	23bc      	movs	r3, #188	@ 0xbc
200004de:	33ff      	adds	r3, #255	@ 0xff
200004e0:	5ce3      	ldrb	r3, [r4, r3]
200004e2:	2b02      	cmp	r3, #2
200004e4:	d100      	bne.n	200004e8 <dcd_rp2040_irq+0x74>
200004e6:	e0fc      	b.n	200006e2 <dcd_rp2040_irq+0x26e>
200004e8:	23fc      	movs	r3, #252	@ 0xfc
200004ea:	33ff      	adds	r3, #255	@ 0xff
200004ec:	5ce3      	ldrb	r3, [r4, r3]
200004ee:	2b02      	cmp	r3, #2
200004f0:	d100      	bne.n	200004f4 <dcd_rp2040_irq+0x80>
200004f2:	e1a6      	b.n	20000842 <dcd_rp2040_irq+0x3ce>
200004f4:	4bab      	ldr	r3, [pc, #684]	@ (200007a4 <dcd_rp2040_irq+0x330>)
200004f6:	5ce3      	ldrb	r3, [r4, r3]
200004f8:	2b02      	cmp	r3, #2
200004fa:	d100      	bne.n	200004fe <dcd_rp2040_irq+0x8a>
200004fc:	e196      	b.n	2000082c <dcd_rp2040_irq+0x3b8>
200004fe:	4baa      	ldr	r3, [pc, #680]	@ (200007a8 <dcd_rp2040_irq+0x334>)
20000500:	5ce3      	ldrb	r3, [r4, r3]
20000502:	2b02      	cmp	r3, #2
20000504:	d100      	bne.n	20000508 <dcd_rp2040_irq+0x94>
20000506:	e185      	b.n	20000814 <dcd_rp2040_irq+0x3a0>
20000508:	4ba8      	ldr	r3, [pc, #672]	@ (200007ac <dcd_rp2040_irq+0x338>)
2000050a:	5ce3      	ldrb	r3, [r4, r3]
2000050c:	2b02      	cmp	r3, #2
2000050e:	d100      	bne.n	20000512 <dcd_rp2040_irq+0x9e>
20000510:	e174      	b.n	200007fc <dcd_rp2040_irq+0x388>
20000512:	4ba7      	ldr	r3, [pc, #668]	@ (200007b0 <dcd_rp2040_irq+0x33c>)
20000514:	5ce3      	ldrb	r3, [r4, r3]
20000516:	2b02      	cmp	r3, #2
20000518:	d100      	bne.n	2000051c <dcd_rp2040_irq+0xa8>
2000051a:	e163      	b.n	200007e4 <dcd_rp2040_irq+0x370>
2000051c:	4ba5      	ldr	r3, [pc, #660]	@ (200007b4 <dcd_rp2040_irq+0x340>)
2000051e:	5ce3      	ldrb	r3, [r4, r3]
20000520:	2b02      	cmp	r3, #2
20000522:	d100      	bne.n	20000526 <dcd_rp2040_irq+0xb2>
20000524:	e12a      	b.n	2000077c <dcd_rp2040_irq+0x308>
20000526:	4ba4      	ldr	r3, [pc, #656]	@ (200007b8 <dcd_rp2040_irq+0x344>)
20000528:	5ce3      	ldrb	r3, [r4, r3]
2000052a:	2b02      	cmp	r3, #2
2000052c:	d100      	bne.n	20000530 <dcd_rp2040_irq+0xbc>
2000052e:	e10b      	b.n	20000748 <dcd_rp2040_irq+0x2d4>
20000530:	4ba2      	ldr	r3, [pc, #648]	@ (200007bc <dcd_rp2040_irq+0x348>)
20000532:	5ce3      	ldrb	r3, [r4, r3]
20000534:	2b02      	cmp	r3, #2
20000536:	d100      	bne.n	2000053a <dcd_rp2040_irq+0xc6>
20000538:	e18f      	b.n	2000085a <dcd_rp2040_irq+0x3e6>
2000053a:	4ba1      	ldr	r3, [pc, #644]	@ (200007c0 <dcd_rp2040_irq+0x34c>)
2000053c:	5ce3      	ldrb	r3, [r4, r3]
2000053e:	2b02      	cmp	r3, #2
20000540:	d100      	bne.n	20000544 <dcd_rp2040_irq+0xd0>
20000542:	e1a6      	b.n	20000892 <dcd_rp2040_irq+0x41e>
20000544:	2e00      	cmp	r6, #0
20000546:	d108      	bne.n	2000055a <dcd_rp2040_irq+0xe6>
20000548:	4b9e      	ldr	r3, [pc, #632]	@ (200007c4 <dcd_rp2040_irq+0x350>)
2000054a:	781b      	ldrb	r3, [r3, #0]
2000054c:	2b00      	cmp	r3, #0
2000054e:	d104      	bne.n	2000055a <dcd_rp2040_irq+0xe6>
20000550:	2180      	movs	r1, #128	@ 0x80
20000552:	4a9d      	ldr	r2, [pc, #628]	@ (200007c8 <dcd_rp2040_irq+0x354>)
20000554:	3390      	adds	r3, #144	@ 0x90
20000556:	0289      	lsls	r1, r1, #10
20000558:	50d1      	str	r1, [r2, r3]
2000055a:	22c0      	movs	r2, #192	@ 0xc0
2000055c:	4b8d      	ldr	r3, [pc, #564]	@ (20000794 <dcd_rp2040_irq+0x320>)
2000055e:	a801      	add	r0, sp, #4
20000560:	6c9b      	ldr	r3, [r3, #72]	@ 0x48
20000562:	0092      	lsls	r2, r2, #2
20000564:	055b      	lsls	r3, r3, #21
20000566:	0d5b      	lsrs	r3, r3, #21
20000568:	2101      	movs	r1, #1
2000056a:	2680      	movs	r6, #128	@ 0x80
2000056c:	8002      	strh	r2, [r0, #0]
2000056e:	6043      	str	r3, [r0, #4]
20000570:	f000 fbac 	bl	20000ccc <dcd_event_handler>
20000574:	4c95      	ldr	r4, [pc, #596]	@ (200007cc <dcd_rp2040_irq+0x358>)
20000576:	02b6      	lsls	r6, r6, #10
20000578:	06eb      	lsls	r3, r5, #27
2000057a:	d500      	bpl.n	2000057e <dcd_rp2040_irq+0x10a>
2000057c:	e07c      	b.n	20000678 <dcd_rp2040_irq+0x204>
2000057e:	2380      	movs	r3, #128	@ 0x80
20000580:	025b      	lsls	r3, r3, #9
20000582:	421d      	tst	r5, r3
20000584:	d032      	beq.n	200005ec <dcd_rp2040_irq+0x178>
20000586:	431e      	orrs	r6, r3
20000588:	2301      	movs	r3, #1
2000058a:	2402      	movs	r4, #2
2000058c:	4698      	mov	r8, r3
2000058e:	4f83      	ldr	r7, [pc, #524]	@ (2000079c <dcd_rp2040_irq+0x328>)
20000590:	7ebb      	ldrb	r3, [r7, #26]
20000592:	2b00      	cmp	r3, #0
20000594:	d014      	beq.n	200005c0 <dcd_rp2040_irq+0x14c>
20000596:	f000 fcaf 	bl	20000ef8 <__rp2040_chip_version_veneer>
2000059a:	2801      	cmp	r0, #1
2000059c:	d900      	bls.n	200005a0 <dcd_rp2040_irq+0x12c>
2000059e:	e06f      	b.n	20000680 <dcd_rp2040_irq+0x20c>
200005a0:	22c0      	movs	r2, #192	@ 0xc0
200005a2:	2100      	movs	r1, #0
200005a4:	0038      	movs	r0, r7
200005a6:	0192      	lsls	r2, r2, #6
200005a8:	f000 fb12 	bl	20000bd0 <_hw_endpoint_buffer_control_update32>
200005ac:	0038      	movs	r0, r7
200005ae:	f000 fb09 	bl	20000bc4 <hw_endpoint_reset_transfer>
200005b2:	f000 fca1 	bl	20000ef8 <__rp2040_chip_version_veneer>
200005b6:	2801      	cmp	r0, #1
200005b8:	d902      	bls.n	200005c0 <dcd_rp2040_irq+0x14c>
200005ba:	4b83      	ldr	r3, [pc, #524]	@ (200007c8 <dcd_rp2040_irq+0x354>)
200005bc:	665c      	str	r4, [r3, #100]	@ 0x64
200005be:	661c      	str	r4, [r3, #96]	@ 0x60
200005c0:	4643      	mov	r3, r8
200005c2:	70fb      	strb	r3, [r7, #3]
200005c4:	3720      	adds	r7, #32
200005c6:	2c01      	cmp	r4, #1
200005c8:	d001      	beq.n	200005ce <dcd_rp2040_irq+0x15a>
200005ca:	2401      	movs	r4, #1
200005cc:	e7e0      	b.n	20000590 <dcd_rp2040_irq+0x11c>
200005ce:	23c0      	movs	r3, #192	@ 0xc0
200005d0:	a801      	add	r0, sp, #4
200005d2:	00db      	lsls	r3, r3, #3
200005d4:	4a7e      	ldr	r2, [pc, #504]	@ (200007d0 <dcd_rp2040_irq+0x35c>)
200005d6:	8003      	strh	r3, [r0, #0]
200005d8:	ab02      	add	r3, sp, #8
200005da:	ca12      	ldmia	r2!, {r1, r4}
200005dc:	c312      	stmia	r3!, {r1, r4}
200005de:	2101      	movs	r1, #1
200005e0:	f000 fb74 	bl	20000ccc <dcd_event_handler>
200005e4:	2280      	movs	r2, #128	@ 0x80
200005e6:	4b78      	ldr	r3, [pc, #480]	@ (200007c8 <dcd_rp2040_irq+0x354>)
200005e8:	0292      	lsls	r2, r2, #10
200005ea:	651a      	str	r2, [r3, #80]	@ 0x50
200005ec:	2380      	movs	r3, #128	@ 0x80
200005ee:	015b      	lsls	r3, r3, #5
200005f0:	421d      	tst	r5, r3
200005f2:	d10e      	bne.n	20000612 <dcd_rp2040_irq+0x19e>
200005f4:	2380      	movs	r3, #128	@ 0x80
200005f6:	01db      	lsls	r3, r3, #7
200005f8:	421d      	tst	r5, r3
200005fa:	d121      	bne.n	20000640 <dcd_rp2040_irq+0x1cc>
200005fc:	2380      	movs	r3, #128	@ 0x80
200005fe:	021b      	lsls	r3, r3, #8
20000600:	421d      	tst	r5, r3
20000602:	d12c      	bne.n	2000065e <dcd_rp2040_irq+0x1ea>
20000604:	42ae      	cmp	r6, r5
20000606:	d000      	beq.n	2000060a <dcd_rp2040_irq+0x196>
20000608:	e1c0      	b.n	2000098c <dcd_rp2040_irq+0x518>
2000060a:	b004      	add	sp, #16
2000060c:	bc80      	pop	{r7}
2000060e:	46b8      	mov	r8, r7
20000610:	bdf0      	pop	{r4, r5, r6, r7, pc}
20000612:	2400      	movs	r4, #0
20000614:	431e      	orrs	r6, r3
20000616:	4b5f      	ldr	r3, [pc, #380]	@ (20000794 <dcd_rp2040_irq+0x320>)
20000618:	601c      	str	r4, [r3, #0]
2000061a:	f7ff fea7 	bl	2000036c <reset_non_control_endpoints>
2000061e:	2380      	movs	r3, #128	@ 0x80
20000620:	466a      	mov	r2, sp
20000622:	005b      	lsls	r3, r3, #1
20000624:	8093      	strh	r3, [r2, #4]
20000626:	7214      	strb	r4, [r2, #8]
20000628:	2101      	movs	r1, #1
2000062a:	a801      	add	r0, sp, #4
2000062c:	f000 fb4e 	bl	20000ccc <dcd_event_handler>
20000630:	2280      	movs	r2, #128	@ 0x80
20000632:	4b65      	ldr	r3, [pc, #404]	@ (200007c8 <dcd_rp2040_irq+0x354>)
20000634:	0312      	lsls	r2, r2, #12
20000636:	651a      	str	r2, [r3, #80]	@ 0x50
20000638:	2380      	movs	r3, #128	@ 0x80
2000063a:	01db      	lsls	r3, r3, #7
2000063c:	421d      	tst	r5, r3
2000063e:	d0dd      	beq.n	200005fc <dcd_rp2040_irq+0x188>
20000640:	431e      	orrs	r6, r3
20000642:	2380      	movs	r3, #128	@ 0x80
20000644:	a801      	add	r0, sp, #4
20000646:	00db      	lsls	r3, r3, #3
20000648:	8003      	strh	r3, [r0, #0]
2000064a:	2101      	movs	r1, #1
2000064c:	f000 fb3e 	bl	20000ccc <dcd_event_handler>
20000650:	2210      	movs	r2, #16
20000652:	4b5d      	ldr	r3, [pc, #372]	@ (200007c8 <dcd_rp2040_irq+0x354>)
20000654:	651a      	str	r2, [r3, #80]	@ 0x50
20000656:	2380      	movs	r3, #128	@ 0x80
20000658:	021b      	lsls	r3, r3, #8
2000065a:	421d      	tst	r5, r3
2000065c:	d0d2      	beq.n	20000604 <dcd_rp2040_irq+0x190>
2000065e:	431e      	orrs	r6, r3
20000660:	23a0      	movs	r3, #160	@ 0xa0
20000662:	a801      	add	r0, sp, #4
20000664:	00db      	lsls	r3, r3, #3
20000666:	8003      	strh	r3, [r0, #0]
20000668:	2101      	movs	r1, #1
2000066a:	f000 fb2f 	bl	20000ccc <dcd_event_handler>
2000066e:	2280      	movs	r2, #128	@ 0x80
20000670:	4b55      	ldr	r3, [pc, #340]	@ (200007c8 <dcd_rp2040_irq+0x354>)
20000672:	0112      	lsls	r2, r2, #4
20000674:	651a      	str	r2, [r3, #80]	@ 0x50
20000676:	e7c5      	b.n	20000604 <dcd_rp2040_irq+0x190>
20000678:	f7ff feac 	bl	200003d4 <hw_handle_buff_status>
2000067c:	0026      	movs	r6, r4
2000067e:	e77e      	b.n	2000057e <dcd_rp2040_irq+0x10a>
20000680:	4b54      	ldr	r3, [pc, #336]	@ (200007d4 <dcd_rp2040_irq+0x360>)
20000682:	4a44      	ldr	r2, [pc, #272]	@ (20000794 <dcd_rp2040_irq+0x320>)
20000684:	661c      	str	r4, [r3, #96]	@ 0x60
20000686:	6e53      	ldr	r3, [r2, #100]	@ 0x64
20000688:	4023      	ands	r3, r4
2000068a:	42a3      	cmp	r3, r4
2000068c:	d1fb      	bne.n	20000686 <dcd_rp2040_irq+0x212>
2000068e:	e787      	b.n	200005a0 <dcd_rp2040_irq+0x12c>
20000690:	3338      	adds	r3, #56	@ 0x38
20000692:	5ce6      	ldrb	r6, [r4, r3]
20000694:	2e00      	cmp	r6, #0
20000696:	d100      	bne.n	2000069a <dcd_rp2040_irq+0x226>
20000698:	e705      	b.n	200004a6 <dcd_rp2040_irq+0x32>
2000069a:	3302      	adds	r3, #2
2000069c:	5ce2      	ldrb	r2, [r4, r3]
2000069e:	2a00      	cmp	r2, #0
200006a0:	d100      	bne.n	200006a4 <dcd_rp2040_irq+0x230>
200006a2:	e700      	b.n	200004a6 <dcd_rp2040_irq+0x32>
200006a4:	0020      	movs	r0, r4
200006a6:	2200      	movs	r2, #0
200006a8:	3020      	adds	r0, #32
200006aa:	54e2      	strb	r2, [r4, r3]
200006ac:	f000 fab8 	bl	20000c20 <hw_endpoint_start_next_buffer>
200006b0:	e6f9      	b.n	200004a6 <dcd_rp2040_irq+0x32>
200006b2:	33b8      	adds	r3, #184	@ 0xb8
200006b4:	5ce7      	ldrb	r7, [r4, r3]
200006b6:	2f00      	cmp	r7, #0
200006b8:	d100      	bne.n	200006bc <dcd_rp2040_irq+0x248>
200006ba:	e6fe      	b.n	200004ba <dcd_rp2040_irq+0x46>
200006bc:	3302      	adds	r3, #2
200006be:	5ce2      	ldrb	r2, [r4, r3]
200006c0:	2a00      	cmp	r2, #0
200006c2:	d000      	beq.n	200006c6 <dcd_rp2040_irq+0x252>
200006c4:	e122      	b.n	2000090c <dcd_rp2040_irq+0x498>
200006c6:	003e      	movs	r6, r7
200006c8:	e6f7      	b.n	200004ba <dcd_rp2040_irq+0x46>
200006ca:	3378      	adds	r3, #120	@ 0x78
200006cc:	5ce7      	ldrb	r7, [r4, r3]
200006ce:	2f00      	cmp	r7, #0
200006d0:	d100      	bne.n	200006d4 <dcd_rp2040_irq+0x260>
200006d2:	e6ed      	b.n	200004b0 <dcd_rp2040_irq+0x3c>
200006d4:	3302      	adds	r3, #2
200006d6:	5ce2      	ldrb	r2, [r4, r3]
200006d8:	2a00      	cmp	r2, #0
200006da:	d000      	beq.n	200006de <dcd_rp2040_irq+0x26a>
200006dc:	e10e      	b.n	200008fc <dcd_rp2040_irq+0x488>
200006de:	003e      	movs	r6, r7
200006e0:	e6e6      	b.n	200004b0 <dcd_rp2040_irq+0x3c>
200006e2:	33b9      	adds	r3, #185	@ 0xb9
200006e4:	33ff      	adds	r3, #255	@ 0xff
200006e6:	5ce7      	ldrb	r7, [r4, r3]
200006e8:	2f00      	cmp	r7, #0
200006ea:	d100      	bne.n	200006ee <dcd_rp2040_irq+0x27a>
200006ec:	e6fc      	b.n	200004e8 <dcd_rp2040_irq+0x74>
200006ee:	3302      	adds	r3, #2
200006f0:	5ce2      	ldrb	r2, [r4, r3]
200006f2:	2a00      	cmp	r2, #0
200006f4:	d000      	beq.n	200006f8 <dcd_rp2040_irq+0x284>
200006f6:	e0f8      	b.n	200008ea <dcd_rp2040_irq+0x476>
200006f8:	003e      	movs	r6, r7
200006fa:	e6f5      	b.n	200004e8 <dcd_rp2040_irq+0x74>
200006fc:	3379      	adds	r3, #121	@ 0x79
200006fe:	33ff      	adds	r3, #255	@ 0xff
20000700:	5ce7      	ldrb	r7, [r4, r3]
20000702:	2f00      	cmp	r7, #0
20000704:	d100      	bne.n	20000708 <dcd_rp2040_irq+0x294>
20000706:	e6e9      	b.n	200004dc <dcd_rp2040_irq+0x68>
20000708:	3302      	adds	r3, #2
2000070a:	5ce2      	ldrb	r2, [r4, r3]
2000070c:	2a00      	cmp	r2, #0
2000070e:	d000      	beq.n	20000712 <dcd_rp2040_irq+0x29e>
20000710:	e0e2      	b.n	200008d8 <dcd_rp2040_irq+0x464>
20000712:	003e      	movs	r6, r7
20000714:	e6e2      	b.n	200004dc <dcd_rp2040_irq+0x68>
20000716:	3339      	adds	r3, #57	@ 0x39
20000718:	33ff      	adds	r3, #255	@ 0xff
2000071a:	5ce7      	ldrb	r7, [r4, r3]
2000071c:	2f00      	cmp	r7, #0
2000071e:	d100      	bne.n	20000722 <dcd_rp2040_irq+0x2ae>
20000720:	e6d6      	b.n	200004d0 <dcd_rp2040_irq+0x5c>
20000722:	3302      	adds	r3, #2
20000724:	5ce2      	ldrb	r2, [r4, r3]
20000726:	2a00      	cmp	r2, #0
20000728:	d000      	beq.n	2000072c <dcd_rp2040_irq+0x2b8>
2000072a:	e0cc      	b.n	200008c6 <dcd_rp2040_irq+0x452>
2000072c:	003e      	movs	r6, r7
2000072e:	e6cf      	b.n	200004d0 <dcd_rp2040_irq+0x5c>
20000730:	33f8      	adds	r3, #248	@ 0xf8
20000732:	5ce7      	ldrb	r7, [r4, r3]
20000734:	2f00      	cmp	r7, #0
20000736:	d100      	bne.n	2000073a <dcd_rp2040_irq+0x2c6>
20000738:	e6c4      	b.n	200004c4 <dcd_rp2040_irq+0x50>
2000073a:	3302      	adds	r3, #2
2000073c:	5ce2      	ldrb	r2, [r4, r3]
2000073e:	2a00      	cmp	r2, #0
20000740:	d000      	beq.n	20000744 <dcd_rp2040_irq+0x2d0>
20000742:	e0b8      	b.n	200008b6 <dcd_rp2040_irq+0x442>
20000744:	003e      	movs	r6, r7
20000746:	e6bd      	b.n	200004c4 <dcd_rp2040_irq+0x50>
20000748:	4b23      	ldr	r3, [pc, #140]	@ (200007d8 <dcd_rp2040_irq+0x364>)
2000074a:	5ce7      	ldrb	r7, [r4, r3]
2000074c:	2f00      	cmp	r7, #0
2000074e:	d100      	bne.n	20000752 <dcd_rp2040_irq+0x2de>
20000750:	e6ee      	b.n	20000530 <dcd_rp2040_irq+0xbc>
20000752:	3302      	adds	r3, #2
20000754:	5ce2      	ldrb	r2, [r4, r3]
20000756:	2a00      	cmp	r2, #0
20000758:	d000      	beq.n	2000075c <dcd_rp2040_irq+0x2e8>
2000075a:	e110      	b.n	2000097e <dcd_rp2040_irq+0x50a>
2000075c:	4b17      	ldr	r3, [pc, #92]	@ (200007bc <dcd_rp2040_irq+0x348>)
2000075e:	5ce3      	ldrb	r3, [r4, r3]
20000760:	2b02      	cmp	r3, #2
20000762:	d100      	bne.n	20000766 <dcd_rp2040_irq+0x2f2>
20000764:	e08b      	b.n	2000087e <dcd_rp2040_irq+0x40a>
20000766:	4b16      	ldr	r3, [pc, #88]	@ (200007c0 <dcd_rp2040_irq+0x34c>)
20000768:	5ce3      	ldrb	r3, [r4, r3]
2000076a:	2b02      	cmp	r3, #2
2000076c:	d000      	beq.n	20000770 <dcd_rp2040_irq+0x2fc>
2000076e:	e6f4      	b.n	2000055a <dcd_rp2040_irq+0xe6>
20000770:	4b1a      	ldr	r3, [pc, #104]	@ (200007dc <dcd_rp2040_irq+0x368>)
20000772:	5ce3      	ldrb	r3, [r4, r3]
20000774:	2b00      	cmp	r3, #0
20000776:	d000      	beq.n	2000077a <dcd_rp2040_irq+0x306>
20000778:	e090      	b.n	2000089c <dcd_rp2040_irq+0x428>
2000077a:	e6ee      	b.n	2000055a <dcd_rp2040_irq+0xe6>
2000077c:	4b18      	ldr	r3, [pc, #96]	@ (200007e0 <dcd_rp2040_irq+0x36c>)
2000077e:	5ce7      	ldrb	r7, [r4, r3]
20000780:	2f00      	cmp	r7, #0
20000782:	d100      	bne.n	20000786 <dcd_rp2040_irq+0x312>
20000784:	e6cf      	b.n	20000526 <dcd_rp2040_irq+0xb2>
20000786:	3302      	adds	r3, #2
20000788:	5ce2      	ldrb	r2, [r4, r3]
2000078a:	2a00      	cmp	r2, #0
2000078c:	d000      	beq.n	20000790 <dcd_rp2040_irq+0x31c>
2000078e:	e0ee      	b.n	2000096e <dcd_rp2040_irq+0x4fa>
20000790:	003e      	movs	r6, r7
20000792:	e6c8      	b.n	20000526 <dcd_rp2040_irq+0xb2>
20000794:	50110000 	.word	0x50110000
20000798:	40054000 	.word	0x40054000
2000079c:	20001bcc 	.word	0x20001bcc
200007a0:	20001bc4 	.word	0x20001bc4
200007a4:	0000023b 	.word	0x0000023b
200007a8:	0000027b 	.word	0x0000027b
200007ac:	000002bb 	.word	0x000002bb
200007b0:	000002fb 	.word	0x000002fb
200007b4:	0000033b 	.word	0x0000033b
200007b8:	0000037b 	.word	0x0000037b
200007bc:	000003bb 	.word	0x000003bb
200007c0:	000003fb 	.word	0x000003fb
200007c4:	200224b5 	.word	0x200224b5
200007c8:	50113000 	.word	0x50113000
200007cc:	00020010 	.word	0x00020010
200007d0:	50100000 	.word	0x50100000
200007d4:	50112000 	.word	0x50112000
200007d8:	0000037a 	.word	0x0000037a
200007dc:	000003fa 	.word	0x000003fa
200007e0:	0000033a 	.word	0x0000033a
200007e4:	4b6c      	ldr	r3, [pc, #432]	@ (20000998 <dcd_rp2040_irq+0x524>)
200007e6:	5ce7      	ldrb	r7, [r4, r3]
200007e8:	2f00      	cmp	r7, #0
200007ea:	d100      	bne.n	200007ee <dcd_rp2040_irq+0x37a>
200007ec:	e696      	b.n	2000051c <dcd_rp2040_irq+0xa8>
200007ee:	3302      	adds	r3, #2
200007f0:	5ce2      	ldrb	r2, [r4, r3]
200007f2:	2a00      	cmp	r2, #0
200007f4:	d000      	beq.n	200007f8 <dcd_rp2040_irq+0x384>
200007f6:	e0b2      	b.n	2000095e <dcd_rp2040_irq+0x4ea>
200007f8:	003e      	movs	r6, r7
200007fa:	e68f      	b.n	2000051c <dcd_rp2040_irq+0xa8>
200007fc:	4b67      	ldr	r3, [pc, #412]	@ (2000099c <dcd_rp2040_irq+0x528>)
200007fe:	5ce7      	ldrb	r7, [r4, r3]
20000800:	2f00      	cmp	r7, #0
20000802:	d100      	bne.n	20000806 <dcd_rp2040_irq+0x392>
20000804:	e685      	b.n	20000512 <dcd_rp2040_irq+0x9e>
20000806:	3302      	adds	r3, #2
20000808:	5ce2      	ldrb	r2, [r4, r3]
2000080a:	2a00      	cmp	r2, #0
2000080c:	d000      	beq.n	20000810 <dcd_rp2040_irq+0x39c>
2000080e:	e09e      	b.n	2000094e <dcd_rp2040_irq+0x4da>
20000810:	003e      	movs	r6, r7
20000812:	e67e      	b.n	20000512 <dcd_rp2040_irq+0x9e>
20000814:	4b62      	ldr	r3, [pc, #392]	@ (200009a0 <dcd_rp2040_irq+0x52c>)
20000816:	5ce7      	ldrb	r7, [r4, r3]
20000818:	2f00      	cmp	r7, #0
2000081a:	d100      	bne.n	2000081e <dcd_rp2040_irq+0x3aa>
2000081c:	e674      	b.n	20000508 <dcd_rp2040_irq+0x94>
2000081e:	3302      	adds	r3, #2
20000820:	5ce2      	ldrb	r2, [r4, r3]
20000822:	2a00      	cmp	r2, #0
20000824:	d000      	beq.n	20000828 <dcd_rp2040_irq+0x3b4>
20000826:	e08a      	b.n	2000093e <dcd_rp2040_irq+0x4ca>
20000828:	003e      	movs	r6, r7
2000082a:	e66d      	b.n	20000508 <dcd_rp2040_irq+0x94>
2000082c:	4b5d      	ldr	r3, [pc, #372]	@ (200009a4 <dcd_rp2040_irq+0x530>)
2000082e:	5ce7      	ldrb	r7, [r4, r3]
20000830:	2f00      	cmp	r7, #0
20000832:	d100      	bne.n	20000836 <dcd_rp2040_irq+0x3c2>
20000834:	e663      	b.n	200004fe <dcd_rp2040_irq+0x8a>
20000836:	3302      	adds	r3, #2
20000838:	5ce2      	ldrb	r2, [r4, r3]
2000083a:	2a00      	cmp	r2, #0
2000083c:	d177      	bne.n	2000092e <dcd_rp2040_irq+0x4ba>
2000083e:	003e      	movs	r6, r7
20000840:	e65d      	b.n	200004fe <dcd_rp2040_irq+0x8a>
20000842:	33f9      	adds	r3, #249	@ 0xf9
20000844:	33ff      	adds	r3, #255	@ 0xff
20000846:	5ce7      	ldrb	r7, [r4, r3]
20000848:	2f00      	cmp	r7, #0
2000084a:	d100      	bne.n	2000084e <dcd_rp2040_irq+0x3da>
2000084c:	e652      	b.n	200004f4 <dcd_rp2040_irq+0x80>
2000084e:	3302      	adds	r3, #2
20000850:	5ce2      	ldrb	r2, [r4, r3]
20000852:	2a00      	cmp	r2, #0
20000854:	d162      	bne.n	2000091c <dcd_rp2040_irq+0x4a8>
20000856:	003e      	movs	r6, r7
20000858:	e64c      	b.n	200004f4 <dcd_rp2040_irq+0x80>
2000085a:	4b53      	ldr	r3, [pc, #332]	@ (200009a8 <dcd_rp2040_irq+0x534>)
2000085c:	5ce3      	ldrb	r3, [r4, r3]
2000085e:	2b00      	cmp	r3, #0
20000860:	d100      	bne.n	20000864 <dcd_rp2040_irq+0x3f0>
20000862:	e66a      	b.n	2000053a <dcd_rp2040_irq+0xc6>
20000864:	23ef      	movs	r3, #239	@ 0xef
20000866:	009b      	lsls	r3, r3, #2
20000868:	5ce2      	ldrb	r2, [r4, r3]
2000086a:	2a00      	cmp	r2, #0
2000086c:	d100      	bne.n	20000870 <dcd_rp2040_irq+0x3fc>
2000086e:	e77a      	b.n	20000766 <dcd_rp2040_irq+0x2f2>
20000870:	2200      	movs	r2, #0
20000872:	54e2      	strb	r2, [r4, r3]
20000874:	3b1c      	subs	r3, #28
20000876:	18e0      	adds	r0, r4, r3
20000878:	f000 f9d2 	bl	20000c20 <hw_endpoint_start_next_buffer>
2000087c:	e773      	b.n	20000766 <dcd_rp2040_irq+0x2f2>
2000087e:	4b4a      	ldr	r3, [pc, #296]	@ (200009a8 <dcd_rp2040_irq+0x534>)
20000880:	5ce3      	ldrb	r3, [r4, r3]
20000882:	2b00      	cmp	r3, #0
20000884:	d1ee      	bne.n	20000864 <dcd_rp2040_irq+0x3f0>
20000886:	4b49      	ldr	r3, [pc, #292]	@ (200009ac <dcd_rp2040_irq+0x538>)
20000888:	5ce3      	ldrb	r3, [r4, r3]
2000088a:	2b02      	cmp	r3, #2
2000088c:	d000      	beq.n	20000890 <dcd_rp2040_irq+0x41c>
2000088e:	e664      	b.n	2000055a <dcd_rp2040_irq+0xe6>
20000890:	003e      	movs	r6, r7
20000892:	4b47      	ldr	r3, [pc, #284]	@ (200009b0 <dcd_rp2040_irq+0x53c>)
20000894:	5ce3      	ldrb	r3, [r4, r3]
20000896:	2b00      	cmp	r3, #0
20000898:	d100      	bne.n	2000089c <dcd_rp2040_irq+0x428>
2000089a:	e653      	b.n	20000544 <dcd_rp2040_irq+0xd0>
2000089c:	23ff      	movs	r3, #255	@ 0xff
2000089e:	009b      	lsls	r3, r3, #2
200008a0:	5ce2      	ldrb	r2, [r4, r3]
200008a2:	2a00      	cmp	r2, #0
200008a4:	d100      	bne.n	200008a8 <dcd_rp2040_irq+0x434>
200008a6:	e658      	b.n	2000055a <dcd_rp2040_irq+0xe6>
200008a8:	2200      	movs	r2, #0
200008aa:	54e2      	strb	r2, [r4, r3]
200008ac:	3b1c      	subs	r3, #28
200008ae:	18e0      	adds	r0, r4, r3
200008b0:	f000 f9b6 	bl	20000c20 <hw_endpoint_start_next_buffer>
200008b4:	e651      	b.n	2000055a <dcd_rp2040_irq+0xe6>
200008b6:	0020      	movs	r0, r4
200008b8:	2200      	movs	r2, #0
200008ba:	30e0      	adds	r0, #224	@ 0xe0
200008bc:	54e2      	strb	r2, [r4, r3]
200008be:	003e      	movs	r6, r7
200008c0:	f000 f9ae 	bl	20000c20 <hw_endpoint_start_next_buffer>
200008c4:	e5fe      	b.n	200004c4 <dcd_rp2040_irq+0x50>
200008c6:	0020      	movs	r0, r4
200008c8:	2200      	movs	r2, #0
200008ca:	3021      	adds	r0, #33	@ 0x21
200008cc:	30ff      	adds	r0, #255	@ 0xff
200008ce:	54e2      	strb	r2, [r4, r3]
200008d0:	003e      	movs	r6, r7
200008d2:	f000 f9a5 	bl	20000c20 <hw_endpoint_start_next_buffer>
200008d6:	e5fb      	b.n	200004d0 <dcd_rp2040_irq+0x5c>
200008d8:	0020      	movs	r0, r4
200008da:	2200      	movs	r2, #0
200008dc:	3061      	adds	r0, #97	@ 0x61
200008de:	30ff      	adds	r0, #255	@ 0xff
200008e0:	54e2      	strb	r2, [r4, r3]
200008e2:	003e      	movs	r6, r7
200008e4:	f000 f99c 	bl	20000c20 <hw_endpoint_start_next_buffer>
200008e8:	e5f8      	b.n	200004dc <dcd_rp2040_irq+0x68>
200008ea:	0020      	movs	r0, r4
200008ec:	2200      	movs	r2, #0
200008ee:	30a1      	adds	r0, #161	@ 0xa1
200008f0:	30ff      	adds	r0, #255	@ 0xff
200008f2:	54e2      	strb	r2, [r4, r3]
200008f4:	003e      	movs	r6, r7
200008f6:	f000 f993 	bl	20000c20 <hw_endpoint_start_next_buffer>
200008fa:	e5f5      	b.n	200004e8 <dcd_rp2040_irq+0x74>
200008fc:	0020      	movs	r0, r4
200008fe:	2200      	movs	r2, #0
20000900:	3060      	adds	r0, #96	@ 0x60
20000902:	54e2      	strb	r2, [r4, r3]
20000904:	003e      	movs	r6, r7
20000906:	f000 f98b 	bl	20000c20 <hw_endpoint_start_next_buffer>
2000090a:	e5d1      	b.n	200004b0 <dcd_rp2040_irq+0x3c>
2000090c:	0020      	movs	r0, r4
2000090e:	2200      	movs	r2, #0
20000910:	30a0      	adds	r0, #160	@ 0xa0
20000912:	54e2      	strb	r2, [r4, r3]
20000914:	003e      	movs	r6, r7
20000916:	f000 f983 	bl	20000c20 <hw_endpoint_start_next_buffer>
2000091a:	e5ce      	b.n	200004ba <dcd_rp2040_irq+0x46>
2000091c:	0020      	movs	r0, r4
2000091e:	2200      	movs	r2, #0
20000920:	30e1      	adds	r0, #225	@ 0xe1
20000922:	30ff      	adds	r0, #255	@ 0xff
20000924:	54e2      	strb	r2, [r4, r3]
20000926:	003e      	movs	r6, r7
20000928:	f000 f97a 	bl	20000c20 <hw_endpoint_start_next_buffer>
2000092c:	e5e2      	b.n	200004f4 <dcd_rp2040_irq+0x80>
2000092e:	2200      	movs	r2, #0
20000930:	54e2      	strb	r2, [r4, r3]
20000932:	3b1c      	subs	r3, #28
20000934:	18e0      	adds	r0, r4, r3
20000936:	f000 f973 	bl	20000c20 <hw_endpoint_start_next_buffer>
2000093a:	003e      	movs	r6, r7
2000093c:	e5df      	b.n	200004fe <dcd_rp2040_irq+0x8a>
2000093e:	2200      	movs	r2, #0
20000940:	54e2      	strb	r2, [r4, r3]
20000942:	3b1c      	subs	r3, #28
20000944:	18e0      	adds	r0, r4, r3
20000946:	f000 f96b 	bl	20000c20 <hw_endpoint_start_next_buffer>
2000094a:	003e      	movs	r6, r7
2000094c:	e5dc      	b.n	20000508 <dcd_rp2040_irq+0x94>
2000094e:	2200      	movs	r2, #0
20000950:	54e2      	strb	r2, [r4, r3]
20000952:	3b1c      	subs	r3, #28
20000954:	18e0      	adds	r0, r4, r3
20000956:	f000 f963 	bl	20000c20 <hw_endpoint_start_next_buffer>
2000095a:	003e      	movs	r6, r7
2000095c:	e5d9      	b.n	20000512 <dcd_rp2040_irq+0x9e>
2000095e:	2200      	movs	r2, #0
20000960:	54e2      	strb	r2, [r4, r3]
20000962:	3b1c      	subs	r3, #28
20000964:	18e0      	adds	r0, r4, r3
20000966:	f000 f95b 	bl	20000c20 <hw_endpoint_start_next_buffer>
2000096a:	003e      	movs	r6, r7
2000096c:	e5d6      	b.n	2000051c <dcd_rp2040_irq+0xa8>
2000096e:	2200      	movs	r2, #0
20000970:	54e2      	strb	r2, [r4, r3]
20000972:	3b1c      	subs	r3, #28
20000974:	18e0      	adds	r0, r4, r3
20000976:	f000 f953 	bl	20000c20 <hw_endpoint_start_next_buffer>
2000097a:	003e      	movs	r6, r7
2000097c:	e5d3      	b.n	20000526 <dcd_rp2040_irq+0xb2>
2000097e:	2200      	movs	r2, #0
20000980:	54e2      	strb	r2, [r4, r3]
20000982:	3b1c      	subs	r3, #28
20000984:	18e0      	adds	r0, r4, r3
20000986:	f000 f94b 	bl	20000c20 <hw_endpoint_start_next_buffer>
2000098a:	e6e7      	b.n	2000075c <dcd_rp2040_irq+0x2e8>
2000098c:	0031      	movs	r1, r6
2000098e:	4809      	ldr	r0, [pc, #36]	@ (200009b4 <dcd_rp2040_irq+0x540>)
20000990:	4069      	eors	r1, r5
20000992:	f000 fad9 	bl	20000f48 <__panic_veneer>
20000996:	46c0      	nop			@ (mov r8, r8)
20000998:	000002fa 	.word	0x000002fa
2000099c:	000002ba 	.word	0x000002ba
200009a0:	0000027a 	.word	0x0000027a
200009a4:	0000023a 	.word	0x0000023a
200009a8:	000003ba 	.word	0x000003ba
200009ac:	000003fb 	.word	0x000003fb
200009b0:	000003fa 	.word	0x000003fa
200009b4:	10009470 	.word	0x10009470

200009b8 <prepare_ep_buffer>:
200009b8:	b5f0      	push	{r4, r5, r6, r7, lr}
200009ba:	46d6      	mov	lr, sl
200009bc:	464f      	mov	r7, r9
200009be:	4646      	mov	r6, r8
200009c0:	b5c0      	push	{r6, r7, lr}
200009c2:	0002      	movs	r2, r0
200009c4:	8a83      	ldrh	r3, [r0, #20]
200009c6:	8b00      	ldrh	r0, [r0, #24]
200009c8:	468a      	mov	sl, r1
200009ca:	1c04      	adds	r4, r0, #0
200009cc:	4298      	cmp	r0, r3
200009ce:	d900      	bls.n	200009d2 <prepare_ep_buffer+0x1a>
200009d0:	1c1c      	adds	r4, r3, #0
200009d2:	78d5      	ldrb	r5, [r2, #3]
200009d4:	2680      	movs	r6, #128	@ 0x80
200009d6:	0028      	movs	r0, r5
200009d8:	1e47      	subs	r7, r0, #1
200009da:	41b8      	sbcs	r0, r7
200009dc:	b2a4      	uxth	r4, r4
200009de:	00f6      	lsls	r6, r6, #3
200009e0:	4326      	orrs	r6, r4
200009e2:	0340      	lsls	r0, r0, #13
200009e4:	4330      	orrs	r0, r6
200009e6:	2601      	movs	r6, #1
200009e8:	4075      	eors	r5, r6
200009ea:	1b1b      	subs	r3, r3, r4
200009ec:	70d5      	strb	r5, [r2, #3]
200009ee:	7855      	ldrb	r5, [r2, #1]
200009f0:	b29b      	uxth	r3, r3
200009f2:	8293      	strh	r3, [r2, #20]
200009f4:	2d00      	cmp	r5, #0
200009f6:	d137      	bne.n	20000a68 <prepare_ep_buffer+0xb0>
200009f8:	4651      	mov	r1, sl
200009fa:	68d6      	ldr	r6, [r2, #12]
200009fc:	018d      	lsls	r5, r1, #6
200009fe:	1e61      	subs	r1, r4, #1
20000a00:	1976      	adds	r6, r6, r5
20000a02:	4688      	mov	r8, r1
20000a04:	6915      	ldr	r5, [r2, #16]
20000a06:	2c00      	cmp	r4, #0
20000a08:	d029      	beq.n	20000a5e <prepare_ep_buffer+0xa6>
20000a0a:	2906      	cmp	r1, #6
20000a0c:	d93a      	bls.n	20000a84 <prepare_ep_buffer+0xcc>
20000a0e:	0033      	movs	r3, r6
20000a10:	432b      	orrs	r3, r5
20000a12:	079b      	lsls	r3, r3, #30
20000a14:	d136      	bne.n	20000a84 <prepare_ep_buffer+0xcc>
20000a16:	1c6b      	adds	r3, r5, #1
20000a18:	1af3      	subs	r3, r6, r3
20000a1a:	2b02      	cmp	r3, #2
20000a1c:	d932      	bls.n	20000a84 <prepare_ep_buffer+0xcc>
20000a1e:	1f23      	subs	r3, r4, #4
20000a20:	089b      	lsrs	r3, r3, #2
20000a22:	3301      	adds	r3, #1
20000a24:	469c      	mov	ip, r3
20000a26:	2700      	movs	r7, #0
20000a28:	2300      	movs	r3, #0
20000a2a:	58e9      	ldr	r1, [r5, r3]
20000a2c:	3701      	adds	r7, #1
20000a2e:	50f1      	str	r1, [r6, r3]
20000a30:	3304      	adds	r3, #4
20000a32:	45bc      	cmp	ip, r7
20000a34:	d8f9      	bhi.n	20000a2a <prepare_ep_buffer+0x72>
20000a36:	4663      	mov	r3, ip
20000a38:	4641      	mov	r1, r8
20000a3a:	009b      	lsls	r3, r3, #2
20000a3c:	18ed      	adds	r5, r5, r3
20000a3e:	18f6      	adds	r6, r6, r3
20000a40:	1acf      	subs	r7, r1, r3
20000a42:	429c      	cmp	r4, r3
20000a44:	d009      	beq.n	20000a5a <prepare_ep_buffer+0xa2>
20000a46:	782b      	ldrb	r3, [r5, #0]
20000a48:	7033      	strb	r3, [r6, #0]
20000a4a:	2f00      	cmp	r7, #0
20000a4c:	d005      	beq.n	20000a5a <prepare_ep_buffer+0xa2>
20000a4e:	786b      	ldrb	r3, [r5, #1]
20000a50:	7073      	strb	r3, [r6, #1]
20000a52:	2f01      	cmp	r7, #1
20000a54:	d001      	beq.n	20000a5a <prepare_ep_buffer+0xa2>
20000a56:	78ab      	ldrb	r3, [r5, #2]
20000a58:	70b3      	strb	r3, [r6, #2]
20000a5a:	6915      	ldr	r5, [r2, #16]
20000a5c:	8a93      	ldrh	r3, [r2, #20]
20000a5e:	192d      	adds	r5, r5, r4
20000a60:	6115      	str	r5, [r2, #16]
20000a62:	2280      	movs	r2, #128	@ 0x80
20000a64:	0212      	lsls	r2, r2, #8
20000a66:	4310      	orrs	r0, r2
20000a68:	2b00      	cmp	r3, #0
20000a6a:	d102      	bne.n	20000a72 <prepare_ep_buffer+0xba>
20000a6c:	2380      	movs	r3, #128	@ 0x80
20000a6e:	01db      	lsls	r3, r3, #7
20000a70:	4318      	orrs	r0, r3
20000a72:	4653      	mov	r3, sl
20000a74:	2b00      	cmp	r3, #0
20000a76:	d000      	beq.n	20000a7a <prepare_ep_buffer+0xc2>
20000a78:	0400      	lsls	r0, r0, #16
20000a7a:	bce0      	pop	{r5, r6, r7}
20000a7c:	46ba      	mov	sl, r7
20000a7e:	46b1      	mov	r9, r6
20000a80:	46a8      	mov	r8, r5
20000a82:	bdf0      	pop	{r4, r5, r6, r7, pc}
20000a84:	2300      	movs	r3, #0
20000a86:	5cef      	ldrb	r7, [r5, r3]
20000a88:	54f7      	strb	r7, [r6, r3]
20000a8a:	3301      	adds	r3, #1
20000a8c:	429c      	cmp	r4, r3
20000a8e:	d1fa      	bne.n	20000a86 <prepare_ep_buffer+0xce>
20000a90:	6915      	ldr	r5, [r2, #16]
20000a92:	8a93      	ldrh	r3, [r2, #20]
20000a94:	e7e3      	b.n	20000a5e <prepare_ep_buffer+0xa6>
20000a96:	46c0      	nop			@ (mov r8, r8)

20000a98 <sync_ep_buffer>:
20000a98:	6883      	ldr	r3, [r0, #8]
20000a9a:	b5f0      	push	{r4, r5, r6, r7, lr}
20000a9c:	681b      	ldr	r3, [r3, #0]
20000a9e:	0005      	movs	r5, r0
20000aa0:	2900      	cmp	r1, #0
20000aa2:	d000      	beq.n	20000aa6 <sync_ep_buffer+0xe>
20000aa4:	0c1b      	lsrs	r3, r3, #16
20000aa6:	059b      	lsls	r3, r3, #22
20000aa8:	0d98      	lsrs	r0, r3, #22
20000aaa:	786b      	ldrb	r3, [r5, #1]
20000aac:	2b00      	cmp	r3, #0
20000aae:	d108      	bne.n	20000ac2 <sync_ep_buffer+0x2a>
20000ab0:	8aeb      	ldrh	r3, [r5, #22]
20000ab2:	18c3      	adds	r3, r0, r3
20000ab4:	82eb      	strh	r3, [r5, #22]
20000ab6:	8b2b      	ldrh	r3, [r5, #24]
20000ab8:	4283      	cmp	r3, r0
20000aba:	d901      	bls.n	20000ac0 <sync_ep_buffer+0x28>
20000abc:	2300      	movs	r3, #0
20000abe:	82ab      	strh	r3, [r5, #20]
20000ac0:	bdf0      	pop	{r4, r5, r6, r7, pc}
20000ac2:	68eb      	ldr	r3, [r5, #12]
20000ac4:	0189      	lsls	r1, r1, #6
20000ac6:	1e46      	subs	r6, r0, #1
20000ac8:	46b4      	mov	ip, r6
20000aca:	692a      	ldr	r2, [r5, #16]
20000acc:	185c      	adds	r4, r3, r1
20000ace:	2800      	cmp	r0, #0
20000ad0:	d027      	beq.n	20000b22 <sync_ep_buffer+0x8a>
20000ad2:	2e06      	cmp	r6, #6
20000ad4:	d92b      	bls.n	20000b2e <sync_ep_buffer+0x96>
20000ad6:	3101      	adds	r1, #1
20000ad8:	185b      	adds	r3, r3, r1
20000ada:	1ad3      	subs	r3, r2, r3
20000adc:	2b02      	cmp	r3, #2
20000ade:	d926      	bls.n	20000b2e <sync_ep_buffer+0x96>
20000ae0:	0013      	movs	r3, r2
20000ae2:	4323      	orrs	r3, r4
20000ae4:	079b      	lsls	r3, r3, #30
20000ae6:	d122      	bne.n	20000b2e <sync_ep_buffer+0x96>
20000ae8:	2300      	movs	r3, #0
20000aea:	2100      	movs	r1, #0
20000aec:	1f06      	subs	r6, r0, #4
20000aee:	08b6      	lsrs	r6, r6, #2
20000af0:	3601      	adds	r6, #1
20000af2:	58e7      	ldr	r7, [r4, r3]
20000af4:	3101      	adds	r1, #1
20000af6:	50d7      	str	r7, [r2, r3]
20000af8:	3304      	adds	r3, #4
20000afa:	428e      	cmp	r6, r1
20000afc:	d8f9      	bhi.n	20000af2 <sync_ep_buffer+0x5a>
20000afe:	4663      	mov	r3, ip
20000b00:	00b6      	lsls	r6, r6, #2
20000b02:	19a4      	adds	r4, r4, r6
20000b04:	1992      	adds	r2, r2, r6
20000b06:	1b9f      	subs	r7, r3, r6
20000b08:	42b0      	cmp	r0, r6
20000b0a:	d009      	beq.n	20000b20 <sync_ep_buffer+0x88>
20000b0c:	7823      	ldrb	r3, [r4, #0]
20000b0e:	7013      	strb	r3, [r2, #0]
20000b10:	2f00      	cmp	r7, #0
20000b12:	d005      	beq.n	20000b20 <sync_ep_buffer+0x88>
20000b14:	7863      	ldrb	r3, [r4, #1]
20000b16:	7053      	strb	r3, [r2, #1]
20000b18:	2f01      	cmp	r7, #1
20000b1a:	d001      	beq.n	20000b20 <sync_ep_buffer+0x88>
20000b1c:	78a3      	ldrb	r3, [r4, #2]
20000b1e:	7093      	strb	r3, [r2, #2]
20000b20:	692a      	ldr	r2, [r5, #16]
20000b22:	8aeb      	ldrh	r3, [r5, #22]
20000b24:	1812      	adds	r2, r2, r0
20000b26:	18c3      	adds	r3, r0, r3
20000b28:	82eb      	strh	r3, [r5, #22]
20000b2a:	612a      	str	r2, [r5, #16]
20000b2c:	e7c3      	b.n	20000ab6 <sync_ep_buffer+0x1e>
20000b2e:	2300      	movs	r3, #0
20000b30:	5ce1      	ldrb	r1, [r4, r3]
20000b32:	54d1      	strb	r1, [r2, r3]
20000b34:	3301      	adds	r3, #1
20000b36:	4298      	cmp	r0, r3
20000b38:	d1fa      	bne.n	20000b30 <sync_ep_buffer+0x98>
20000b3a:	692a      	ldr	r2, [r5, #16]
20000b3c:	e7f1      	b.n	20000b22 <sync_ep_buffer+0x8a>
20000b3e:	46c0      	nop			@ (mov r8, r8)

20000b40 <_hw_endpoint_xfer_sync>:
20000b40:	b510      	push	{r4, lr}
20000b42:	0004      	movs	r4, r0
20000b44:	6883      	ldr	r3, [r0, #8]
20000b46:	2100      	movs	r1, #0
20000b48:	681b      	ldr	r3, [r3, #0]
20000b4a:	f7ff ffa5 	bl	20000a98 <sync_ep_buffer>
20000b4e:	6863      	ldr	r3, [r4, #4]
20000b50:	681b      	ldr	r3, [r3, #0]
20000b52:	005b      	lsls	r3, r3, #1
20000b54:	d502      	bpl.n	20000b5c <_hw_endpoint_xfer_sync+0x1c>
20000b56:	8b23      	ldrh	r3, [r4, #24]
20000b58:	4283      	cmp	r3, r0
20000b5a:	d000      	beq.n	20000b5e <_hw_endpoint_xfer_sync+0x1e>
20000b5c:	bd10      	pop	{r4, pc}
20000b5e:	2101      	movs	r1, #1
20000b60:	0020      	movs	r0, r4
20000b62:	f7ff ff99 	bl	20000a98 <sync_ep_buffer>
20000b66:	e7f9      	b.n	20000b5c <_hw_endpoint_xfer_sync+0x1c>

20000b68 <e15_is_bulkin_ep>:
20000b68:	4a08      	ldr	r2, [pc, #32]	@ (20000b8c <e15_is_bulkin_ep+0x24>)
20000b6a:	0003      	movs	r3, r0
20000b6c:	6c12      	ldr	r2, [r2, #64]	@ 0x40
20000b6e:	2000      	movs	r0, #0
20000b70:	0792      	lsls	r2, r2, #30
20000b72:	d403      	bmi.n	20000b7c <e15_is_bulkin_ep+0x14>
20000b74:	789a      	ldrb	r2, [r3, #2]
20000b76:	09d2      	lsrs	r2, r2, #7
20000b78:	2a01      	cmp	r2, #1
20000b7a:	d000      	beq.n	20000b7e <e15_is_bulkin_ep+0x16>
20000b7c:	4770      	bx	lr
20000b7e:	7ed8      	ldrb	r0, [r3, #27]
20000b80:	3802      	subs	r0, #2
20000b82:	4243      	negs	r3, r0
20000b84:	4158      	adcs	r0, r3
20000b86:	b2c0      	uxtb	r0, r0
20000b88:	e7f8      	b.n	20000b7c <e15_is_bulkin_ep+0x14>
20000b8a:	46c0      	nop			@ (mov r8, r8)
20000b8c:	50110000 	.word	0x50110000

20000b90 <e15_is_critical_frame_period>:
20000b90:	b510      	push	{r4, lr}
20000b92:	f7ff ffe9 	bl	20000b68 <e15_is_bulkin_ep>
20000b96:	2800      	cmp	r0, #0
20000b98:	d00c      	beq.n	20000bb4 <e15_is_critical_frame_period+0x24>
20000b9a:	4907      	ldr	r1, [pc, #28]	@ (20000bb8 <e15_is_critical_frame_period+0x28>)
20000b9c:	4b07      	ldr	r3, [pc, #28]	@ (20000bbc <e15_is_critical_frame_period+0x2c>)
20000b9e:	468c      	mov	ip, r1
20000ba0:	4a07      	ldr	r2, [pc, #28]	@ (20000bc0 <e15_is_critical_frame_period+0x30>)
20000ba2:	6a9b      	ldr	r3, [r3, #40]	@ 0x28
20000ba4:	6812      	ldr	r2, [r2, #0]
20000ba6:	4463      	add	r3, ip
20000ba8:	1a9b      	subs	r3, r3, r2
20000baa:	2000      	movs	r0, #0
20000bac:	22c6      	movs	r2, #198	@ 0xc6
20000bae:	429a      	cmp	r2, r3
20000bb0:	4140      	adcs	r0, r0
20000bb2:	b2c0      	uxtb	r0, r0
20000bb4:	bd10      	pop	{r4, pc}
20000bb6:	46c0      	nop			@ (mov r8, r8)
20000bb8:	fffffce0 	.word	0xfffffce0
20000bbc:	40054000 	.word	0x40054000
20000bc0:	20001bc4 	.word	0x20001bc4

20000bc4 <hw_endpoint_reset_transfer>:
20000bc4:	2300      	movs	r3, #0
20000bc6:	7683      	strb	r3, [r0, #26]
20000bc8:	6143      	str	r3, [r0, #20]
20000bca:	6103      	str	r3, [r0, #16]
20000bcc:	4770      	bx	lr
20000bce:	46c0      	nop			@ (mov r8, r8)

20000bd0 <_hw_endpoint_buffer_control_update32>:
20000bd0:	b510      	push	{r4, lr}
20000bd2:	6883      	ldr	r3, [r0, #8]
20000bd4:	2900      	cmp	r1, #0
20000bd6:	d001      	beq.n	20000bdc <_hw_endpoint_buffer_control_update32+0xc>
20000bd8:	681c      	ldr	r4, [r3, #0]
20000bda:	4021      	ands	r1, r4
20000bdc:	2a00      	cmp	r2, #0
20000bde:	d012      	beq.n	20000c06 <_hw_endpoint_buffer_control_update32+0x36>
20000be0:	2480      	movs	r4, #128	@ 0x80
20000be2:	00e4      	lsls	r4, r4, #3
20000be4:	4311      	orrs	r1, r2
20000be6:	4222      	tst	r2, r4
20000be8:	d00d      	beq.n	20000c06 <_hw_endpoint_buffer_control_update32+0x36>
20000bea:	681a      	ldr	r2, [r3, #0]
20000bec:	4222      	tst	r2, r4
20000bee:	d10c      	bne.n	20000c0a <_hw_endpoint_buffer_control_update32+0x3a>
20000bf0:	4a08      	ldr	r2, [pc, #32]	@ (20000c14 <_hw_endpoint_buffer_control_update32+0x44>)
20000bf2:	400a      	ands	r2, r1
20000bf4:	601a      	str	r2, [r3, #0]
20000bf6:	4a08      	ldr	r2, [pc, #32]	@ (20000c18 <_hw_endpoint_buffer_control_update32+0x48>)
20000bf8:	6c12      	ldr	r2, [r2, #64]	@ 0x40
20000bfa:	0792      	lsls	r2, r2, #30
20000bfc:	d403      	bmi.n	20000c06 <_hw_endpoint_buffer_control_update32+0x36>
20000bfe:	230c      	movs	r3, #12
20000c00:	3b03      	subs	r3, #3
20000c02:	d2fd      	bcs.n	20000c00 <_hw_endpoint_buffer_control_update32+0x30>
20000c04:	6883      	ldr	r3, [r0, #8]
20000c06:	6019      	str	r1, [r3, #0]
20000c08:	bd10      	pop	{r4, pc}
20000c0a:	7881      	ldrb	r1, [r0, #2]
20000c0c:	4803      	ldr	r0, [pc, #12]	@ (20000c1c <_hw_endpoint_buffer_control_update32+0x4c>)
20000c0e:	f000 f99b 	bl	20000f48 <__panic_veneer>
20000c12:	46c0      	nop			@ (mov r8, r8)
20000c14:	fffffbff 	.word	0xfffffbff
20000c18:	50110000 	.word	0x50110000
20000c1c:	10009484 	.word	0x10009484

20000c20 <hw_endpoint_start_next_buffer>:
20000c20:	6843      	ldr	r3, [r0, #4]
20000c22:	b570      	push	{r4, r5, r6, lr}
20000c24:	2100      	movs	r1, #0
20000c26:	2580      	movs	r5, #128	@ 0x80
20000c28:	681e      	ldr	r6, [r3, #0]
20000c2a:	0004      	movs	r4, r0
20000c2c:	f7ff fec4 	bl	200009b8 <prepare_ep_buffer>
20000c30:	4b13      	ldr	r3, [pc, #76]	@ (20000c80 <hw_endpoint_start_next_buffer+0x60>)
20000c32:	016d      	lsls	r5, r5, #5
20000c34:	6c1b      	ldr	r3, [r3, #64]	@ 0x40
20000c36:	4305      	orrs	r5, r0
20000c38:	079b      	lsls	r3, r3, #30
20000c3a:	d50f      	bpl.n	20000c5c <hw_endpoint_start_next_buffer+0x3c>
20000c3c:	78a3      	ldrb	r3, [r4, #2]
20000c3e:	065b      	lsls	r3, r3, #25
20000c40:	d00f      	beq.n	20000c62 <hw_endpoint_start_next_buffer+0x42>
20000c42:	4b10      	ldr	r3, [pc, #64]	@ (20000c84 <hw_endpoint_start_next_buffer+0x64>)
20000c44:	401e      	ands	r6, r3
20000c46:	2380      	movs	r3, #128	@ 0x80
20000c48:	059b      	lsls	r3, r3, #22
20000c4a:	4333      	orrs	r3, r6
20000c4c:	6862      	ldr	r2, [r4, #4]
20000c4e:	2100      	movs	r1, #0
20000c50:	6013      	str	r3, [r2, #0]
20000c52:	0020      	movs	r0, r4
20000c54:	002a      	movs	r2, r5
20000c56:	f7ff ffbb 	bl	20000bd0 <_hw_endpoint_buffer_control_update32>
20000c5a:	bd70      	pop	{r4, r5, r6, pc}
20000c5c:	78a3      	ldrb	r3, [r4, #2]
20000c5e:	09db      	lsrs	r3, r3, #7
20000c60:	d0ef      	beq.n	20000c42 <hw_endpoint_start_next_buffer+0x22>
20000c62:	8aa3      	ldrh	r3, [r4, #20]
20000c64:	2b00      	cmp	r3, #0
20000c66:	d0ec      	beq.n	20000c42 <hw_endpoint_start_next_buffer+0x22>
20000c68:	2101      	movs	r1, #1
20000c6a:	0020      	movs	r0, r4
20000c6c:	f7ff fea4 	bl	200009b8 <prepare_ep_buffer>
20000c70:	23a0      	movs	r3, #160	@ 0xa0
20000c72:	4a05      	ldr	r2, [pc, #20]	@ (20000c88 <hw_endpoint_start_next_buffer+0x68>)
20000c74:	05db      	lsls	r3, r3, #23
20000c76:	4032      	ands	r2, r6
20000c78:	4305      	orrs	r5, r0
20000c7a:	4313      	orrs	r3, r2
20000c7c:	e7e6      	b.n	20000c4c <hw_endpoint_start_next_buffer+0x2c>
20000c7e:	46c0      	nop			@ (mov r8, r8)
20000c80:	50110000 	.word	0x50110000
20000c84:	afffffff 	.word	0xafffffff
20000c88:	dfffffff 	.word	0xdfffffff

20000c8c <hw_endpoint_xfer_continue>:
20000c8c:	b570      	push	{r4, r5, r6, lr}
20000c8e:	7e85      	ldrb	r5, [r0, #26]
20000c90:	0004      	movs	r4, r0
20000c92:	2d00      	cmp	r5, #0
20000c94:	d014      	beq.n	20000cc0 <hw_endpoint_xfer_continue+0x34>
20000c96:	f7ff ff53 	bl	20000b40 <_hw_endpoint_xfer_sync>
20000c9a:	8aa3      	ldrh	r3, [r4, #20]
20000c9c:	2b00      	cmp	r3, #0
20000c9e:	d101      	bne.n	20000ca4 <hw_endpoint_xfer_continue+0x18>
20000ca0:	0028      	movs	r0, r5
20000ca2:	bd70      	pop	{r4, r5, r6, pc}
20000ca4:	0020      	movs	r0, r4
20000ca6:	f7ff ff73 	bl	20000b90 <e15_is_critical_frame_period>
20000caa:	2800      	cmp	r0, #0
20000cac:	d003      	beq.n	20000cb6 <hw_endpoint_xfer_continue+0x2a>
20000cae:	2301      	movs	r3, #1
20000cb0:	2500      	movs	r5, #0
20000cb2:	7723      	strb	r3, [r4, #28]
20000cb4:	e7f4      	b.n	20000ca0 <hw_endpoint_xfer_continue+0x14>
20000cb6:	0020      	movs	r0, r4
20000cb8:	f7ff ffb2 	bl	20000c20 <hw_endpoint_start_next_buffer>
20000cbc:	2500      	movs	r5, #0
20000cbe:	e7ef      	b.n	20000ca0 <hw_endpoint_xfer_continue+0x14>
20000cc0:	7881      	ldrb	r1, [r0, #2]
20000cc2:	4801      	ldr	r0, [pc, #4]	@ (20000cc8 <hw_endpoint_xfer_continue+0x3c>)
20000cc4:	f000 f940 	bl	20000f48 <__panic_veneer>
20000cc8:	100094a4 	.word	0x100094a4

20000ccc <dcd_event_handler>:
20000ccc:	b5f0      	push	{r4, r5, r6, r7, lr}
20000cce:	46ce      	mov	lr, r9
20000cd0:	4647      	mov	r7, r8
20000cd2:	b580      	push	{r7, lr}
20000cd4:	7843      	ldrb	r3, [r0, #1]
20000cd6:	0005      	movs	r5, r0
20000cd8:	000e      	movs	r6, r1
20000cda:	b085      	sub	sp, #20
20000cdc:	2b06      	cmp	r3, #6
20000cde:	d808      	bhi.n	20000cf2 <dcd_event_handler+0x26>
20000ce0:	4a6c      	ldr	r2, [pc, #432]	@ (20000e94 <dcd_event_handler+0x1c8>)
20000ce2:	009b      	lsls	r3, r3, #2
20000ce4:	58d3      	ldr	r3, [r2, r3]
20000ce6:	469f      	mov	pc, r3
20000ce8:	4a6b      	ldr	r2, [pc, #428]	@ (20000e98 <dcd_event_handler+0x1cc>)
20000cea:	7813      	ldrb	r3, [r2, #0]
20000cec:	3301      	adds	r3, #1
20000cee:	b2db      	uxtb	r3, r3
20000cf0:	7013      	strb	r3, [r2, #0]
20000cf2:	4b6a      	ldr	r3, [pc, #424]	@ (20000e9c <dcd_event_handler+0x1d0>)
20000cf4:	681c      	ldr	r4, [r3, #0]
20000cf6:	6962      	ldr	r2, [r4, #20]
20000cf8:	f3ef 8110 	mrs	r1, PRIMASK
20000cfc:	b672      	cpsid	i
20000cfe:	6813      	ldr	r3, [r2, #0]
20000d00:	2b00      	cmp	r3, #0
20000d02:	d0fc      	beq.n	20000cfe <dcd_event_handler+0x32>
20000d04:	f3bf 8f5f 	dmb	sy
20000d08:	61a1      	str	r1, [r4, #24]
20000d0a:	0020      	movs	r0, r4
20000d0c:	0029      	movs	r1, r5
20000d0e:	f000 f903 	bl	20000f18 <__tu_fifo_write_veneer>
20000d12:	6962      	ldr	r2, [r4, #20]
20000d14:	69a3      	ldr	r3, [r4, #24]
20000d16:	f3bf 8f5f 	dmb	sy
20000d1a:	2100      	movs	r1, #0
20000d1c:	6011      	str	r1, [r2, #0]
20000d1e:	f383 8810 	msr	PRIMASK, r3
20000d22:	2800      	cmp	r0, #0
20000d24:	d104      	bne.n	20000d30 <dcd_event_handler+0x64>
20000d26:	b005      	add	sp, #20
20000d28:	bcc0      	pop	{r6, r7}
20000d2a:	46b9      	mov	r9, r7
20000d2c:	46b0      	mov	r8, r6
20000d2e:	bdf0      	pop	{r4, r5, r6, r7, pc}
20000d30:	0032      	movs	r2, r6
20000d32:	7869      	ldrb	r1, [r5, #1]
20000d34:	7828      	ldrb	r0, [r5, #0]
20000d36:	f000 f8e7 	bl	20000f08 <__tud_event_hook_cb_veneer>
20000d3a:	e7f4      	b.n	20000d26 <dcd_event_handler+0x5a>
20000d3c:	2101      	movs	r1, #1
20000d3e:	4b58      	ldr	r3, [pc, #352]	@ (20000ea0 <dcd_event_handler+0x1d4>)
20000d40:	781a      	ldrb	r2, [r3, #0]
20000d42:	438a      	bics	r2, r1
20000d44:	701a      	strb	r2, [r3, #0]
20000d46:	781a      	ldrb	r2, [r3, #0]
20000d48:	3101      	adds	r1, #1
20000d4a:	438a      	bics	r2, r1
20000d4c:	701a      	strb	r2, [r3, #0]
20000d4e:	2200      	movs	r2, #0
20000d50:	705a      	strb	r2, [r3, #1]
20000d52:	781a      	ldrb	r2, [r3, #0]
20000d54:	3102      	adds	r1, #2
20000d56:	438a      	bics	r2, r1
20000d58:	701a      	strb	r2, [r3, #0]
20000d5a:	e7ca      	b.n	20000cf2 <dcd_event_handler+0x26>
20000d5c:	4951      	ldr	r1, [pc, #324]	@ (20000ea4 <dcd_event_handler+0x1d8>)
20000d5e:	4f52      	ldr	r7, [pc, #328]	@ (20000ea8 <dcd_event_handler+0x1dc>)
20000d60:	4689      	mov	r9, r1
20000d62:	4952      	ldr	r1, [pc, #328]	@ (20000eac <dcd_event_handler+0x1e0>)
20000d64:	2400      	movs	r4, #0
20000d66:	2300      	movs	r3, #0
20000d68:	4688      	mov	r8, r1
20000d6a:	783a      	ldrb	r2, [r7, #0]
20000d6c:	e012      	b.n	20000d94 <dcd_event_handler+0xc8>
20000d6e:	4643      	mov	r3, r8
20000d70:	681b      	ldr	r3, [r3, #0]
20000d72:	0161      	lsls	r1, r4, #5
20000d74:	185b      	adds	r3, r3, r1
20000d76:	2b00      	cmp	r3, #0
20000d78:	d006      	beq.n	20000d88 <dcd_event_handler+0xbc>
20000d7a:	69db      	ldr	r3, [r3, #28]
20000d7c:	2b00      	cmp	r3, #0
20000d7e:	d003      	beq.n	20000d88 <dcd_event_handler+0xbc>
20000d80:	6869      	ldr	r1, [r5, #4]
20000d82:	7828      	ldrb	r0, [r5, #0]
20000d84:	4798      	blx	r3
20000d86:	783a      	ldrb	r2, [r7, #0]
20000d88:	3401      	adds	r4, #1
20000d8a:	b2e4      	uxtb	r4, r4
20000d8c:	1c51      	adds	r1, r2, #1
20000d8e:	0023      	movs	r3, r4
20000d90:	42a1      	cmp	r1, r4
20000d92:	db17      	blt.n	20000dc4 <dcd_event_handler+0xf8>
20000d94:	42a2      	cmp	r2, r4
20000d96:	d8ea      	bhi.n	20000d6e <dcd_event_handler+0xa2>
20000d98:	1a9b      	subs	r3, r3, r2
20000d9a:	015b      	lsls	r3, r3, #5
20000d9c:	444b      	add	r3, r9
20000d9e:	e7ec      	b.n	20000d7a <dcd_event_handler+0xae>
20000da0:	4b3f      	ldr	r3, [pc, #252]	@ (20000ea0 <dcd_event_handler+0x1d4>)
20000da2:	781a      	ldrb	r2, [r3, #0]
20000da4:	07d2      	lsls	r2, r2, #31
20000da6:	d5be      	bpl.n	20000d26 <dcd_event_handler+0x5a>
20000da8:	2104      	movs	r1, #4
20000daa:	781a      	ldrb	r2, [r3, #0]
20000dac:	430a      	orrs	r2, r1
20000dae:	701a      	strb	r2, [r3, #0]
20000db0:	e79f      	b.n	20000cf2 <dcd_event_handler+0x26>
20000db2:	4b3b      	ldr	r3, [pc, #236]	@ (20000ea0 <dcd_event_handler+0x1d4>)
20000db4:	781a      	ldrb	r2, [r3, #0]
20000db6:	07d2      	lsls	r2, r2, #31
20000db8:	d5b5      	bpl.n	20000d26 <dcd_event_handler+0x5a>
20000dba:	2104      	movs	r1, #4
20000dbc:	781a      	ldrb	r2, [r3, #0]
20000dbe:	438a      	bics	r2, r1
20000dc0:	701a      	strb	r2, [r3, #0]
20000dc2:	e796      	b.n	20000cf2 <dcd_event_handler+0x26>
20000dc4:	4f36      	ldr	r7, [pc, #216]	@ (20000ea0 <dcd_event_handler+0x1d4>)
20000dc6:	783b      	ldrb	r3, [r7, #0]
20000dc8:	075b      	lsls	r3, r3, #29
20000dca:	d52b      	bpl.n	20000e24 <dcd_event_handler+0x158>
20000dcc:	2204      	movs	r2, #4
20000dce:	783b      	ldrb	r3, [r7, #0]
20000dd0:	2100      	movs	r1, #0
20000dd2:	4393      	bics	r3, r2
20000dd4:	703b      	strb	r3, [r7, #0]
20000dd6:	466b      	mov	r3, sp
20000dd8:	3206      	adds	r2, #6
20000dda:	1d98      	adds	r0, r3, #6
20000ddc:	f000 f87c 	bl	20000ed8 <____wrap_memset_veneer>
20000de0:	782b      	ldrb	r3, [r5, #0]
20000de2:	ac01      	add	r4, sp, #4
20000de4:	7023      	strb	r3, [r4, #0]
20000de6:	2305      	movs	r3, #5
20000de8:	7063      	strb	r3, [r4, #1]
20000dea:	4b2c      	ldr	r3, [pc, #176]	@ (20000e9c <dcd_event_handler+0x1d0>)
20000dec:	681b      	ldr	r3, [r3, #0]
20000dee:	4698      	mov	r8, r3
20000df0:	695a      	ldr	r2, [r3, #20]
20000df2:	f3ef 8110 	mrs	r1, PRIMASK
20000df6:	b672      	cpsid	i
20000df8:	6813      	ldr	r3, [r2, #0]
20000dfa:	2b00      	cmp	r3, #0
20000dfc:	d0fc      	beq.n	20000df8 <dcd_event_handler+0x12c>
20000dfe:	f3bf 8f5f 	dmb	sy
20000e02:	4643      	mov	r3, r8
20000e04:	4640      	mov	r0, r8
20000e06:	6199      	str	r1, [r3, #24]
20000e08:	0021      	movs	r1, r4
20000e0a:	f000 f885 	bl	20000f18 <__tu_fifo_write_veneer>
20000e0e:	4643      	mov	r3, r8
20000e10:	695a      	ldr	r2, [r3, #20]
20000e12:	699b      	ldr	r3, [r3, #24]
20000e14:	f3bf 8f5f 	dmb	sy
20000e18:	2100      	movs	r1, #0
20000e1a:	6011      	str	r1, [r2, #0]
20000e1c:	f383 8810 	msr	PRIMASK, r3
20000e20:	2800      	cmp	r0, #0
20000e22:	d131      	bne.n	20000e88 <dcd_event_handler+0x1bc>
20000e24:	78fb      	ldrb	r3, [r7, #3]
20000e26:	07db      	lsls	r3, r3, #31
20000e28:	d400      	bmi.n	20000e2c <dcd_event_handler+0x160>
20000e2a:	e77c      	b.n	20000d26 <dcd_event_handler+0x5a>
20000e2c:	466b      	mov	r3, sp
20000e2e:	220a      	movs	r2, #10
20000e30:	2100      	movs	r1, #0
20000e32:	1d98      	adds	r0, r3, #6
20000e34:	f000 f850 	bl	20000ed8 <____wrap_memset_veneer>
20000e38:	782b      	ldrb	r3, [r5, #0]
20000e3a:	ac01      	add	r4, sp, #4
20000e3c:	7023      	strb	r3, [r4, #0]
20000e3e:	2303      	movs	r3, #3
20000e40:	7063      	strb	r3, [r4, #1]
20000e42:	686b      	ldr	r3, [r5, #4]
20000e44:	6063      	str	r3, [r4, #4]
20000e46:	4b15      	ldr	r3, [pc, #84]	@ (20000e9c <dcd_event_handler+0x1d0>)
20000e48:	681d      	ldr	r5, [r3, #0]
20000e4a:	696a      	ldr	r2, [r5, #20]
20000e4c:	f3ef 8110 	mrs	r1, PRIMASK
20000e50:	b672      	cpsid	i
20000e52:	6813      	ldr	r3, [r2, #0]
20000e54:	2b00      	cmp	r3, #0
20000e56:	d0fc      	beq.n	20000e52 <dcd_event_handler+0x186>
20000e58:	f3bf 8f5f 	dmb	sy
20000e5c:	61a9      	str	r1, [r5, #24]
20000e5e:	0028      	movs	r0, r5
20000e60:	0021      	movs	r1, r4
20000e62:	f000 f859 	bl	20000f18 <__tu_fifo_write_veneer>
20000e66:	696a      	ldr	r2, [r5, #20]
20000e68:	69ab      	ldr	r3, [r5, #24]
20000e6a:	f3bf 8f5f 	dmb	sy
20000e6e:	2100      	movs	r1, #0
20000e70:	6011      	str	r1, [r2, #0]
20000e72:	f383 8810 	msr	PRIMASK, r3
20000e76:	2800      	cmp	r0, #0
20000e78:	d100      	bne.n	20000e7c <dcd_event_handler+0x1b0>
20000e7a:	e754      	b.n	20000d26 <dcd_event_handler+0x5a>
20000e7c:	0032      	movs	r2, r6
20000e7e:	7861      	ldrb	r1, [r4, #1]
20000e80:	7820      	ldrb	r0, [r4, #0]
20000e82:	f000 f841 	bl	20000f08 <__tud_event_hook_cb_veneer>
20000e86:	e74e      	b.n	20000d26 <dcd_event_handler+0x5a>
20000e88:	0032      	movs	r2, r6
20000e8a:	7861      	ldrb	r1, [r4, #1]
20000e8c:	7820      	ldrb	r0, [r4, #0]
20000e8e:	f000 f83b 	bl	20000f08 <__tud_event_hook_cb_veneer>
20000e92:	e7c7      	b.n	20000e24 <dcd_event_handler+0x158>
20000e94:	10009970 	.word	0x10009970
20000e98:	200224b6 	.word	0x200224b6
20000e9c:	200016c8 	.word	0x200016c8
20000ea0:	20001670 	.word	0x20001670
20000ea4:	1000998c 	.word	0x1000998c
20000ea8:	200224b4 	.word	0x200224b4
20000eac:	200014c0 	.word	0x200014c0

20000eb0 <__aeabi_idiv0>:
20000eb0:	4770      	bx	lr
20000eb2:	46c0      	nop			@ (mov r8, r8)
20000eb4:	0000      	movs	r0, r0
	...

20000eb8 <____wrap___aeabi_lmul_veneer>:
20000eb8:	b401      	push	{r0}
20000eba:	4802      	ldr	r0, [pc, #8]	@ (20000ec4 <____wrap___aeabi_lmul_veneer+0xc>)
20000ebc:	4684      	mov	ip, r0
20000ebe:	bc01      	pop	{r0}
20000ec0:	4760      	bx	ip
20000ec2:	bf00      	nop
20000ec4:	10002405 	.word	0x10002405

20000ec8 <__ulPortLockGetCurrentOwnerId_veneer>:
20000ec8:	b401      	push	{r0}
20000eca:	4802      	ldr	r0, [pc, #8]	@ (20000ed4 <__ulPortLockGetCurrentOwnerId_veneer+0xc>)
20000ecc:	4684      	mov	ip, r0
20000ece:	bc01      	pop	{r0}
20000ed0:	4760      	bx	ip
20000ed2:	bf00      	nop
20000ed4:	100045e1 	.word	0x100045e1

20000ed8 <____wrap_memset_veneer>:
20000ed8:	b401      	push	{r0}
20000eda:	4802      	ldr	r0, [pc, #8]	@ (20000ee4 <____wrap_memset_veneer+0xc>)
20000edc:	4684      	mov	ip, r0
20000ede:	bc01      	pop	{r0}
20000ee0:	4760      	bx	ip
20000ee2:	bf00      	nop
20000ee4:	100025a5 	.word	0x100025a5

20000ee8 <__xPortLockInternalSpinUnlockWithBestEffortWaitOrTimeout_veneer>:
20000ee8:	b401      	push	{r0}
20000eea:	4802      	ldr	r0, [pc, #8]	@ (20000ef4 <__xPortLockInternalSpinUnlockWithBestEffortWaitOrTimeout_veneer+0xc>)
20000eec:	4684      	mov	ip, r0
20000eee:	bc01      	pop	{r0}
20000ef0:	4760      	bx	ip
20000ef2:	bf00      	nop
20000ef4:	100046d9 	.word	0x100046d9

20000ef8 <__rp2040_chip_version_veneer>:
20000ef8:	b401      	push	{r0}
20000efa:	4802      	ldr	r0, [pc, #8]	@ (20000f04 <__rp2040_chip_version_veneer+0xc>)
20000efc:	4684      	mov	ip, r0
20000efe:	bc01      	pop	{r0}
20000f00:	4760      	bx	ip
20000f02:	bf00      	nop
20000f04:	10000685 	.word	0x10000685

20000f08 <__tud_event_hook_cb_veneer>:
20000f08:	b401      	push	{r0}
20000f0a:	4802      	ldr	r0, [pc, #8]	@ (20000f14 <__tud_event_hook_cb_veneer+0xc>)
20000f0c:	4684      	mov	ip, r0
20000f0e:	bc01      	pop	{r0}
20000f10:	4760      	bx	ip
20000f12:	bf00      	nop
20000f14:	10007345 	.word	0x10007345

20000f18 <__tu_fifo_write_veneer>:
20000f18:	b401      	push	{r0}
20000f1a:	4802      	ldr	r0, [pc, #8]	@ (20000f24 <__tu_fifo_write_veneer+0xc>)
20000f1c:	4684      	mov	ip, r0
20000f1e:	bc01      	pop	{r0}
20000f20:	4760      	bx	ip
20000f22:	bf00      	nop
20000f24:	10008dc9 	.word	0x10008dc9

20000f28 <__time_us_64_veneer>:
20000f28:	b401      	push	{r0}
20000f2a:	4802      	ldr	r0, [pc, #8]	@ (20000f34 <__time_us_64_veneer+0xc>)
20000f2c:	4684      	mov	ip, r0
20000f2e:	bc01      	pop	{r0}
20000f30:	4760      	bx	ip
20000f32:	bf00      	nop
20000f34:	10001589 	.word	0x10001589

20000f38 <__vPortLockInternalSpinUnlockWithNotify_veneer>:
20000f38:	b401      	push	{r0}
20000f3a:	4802      	ldr	r0, [pc, #8]	@ (20000f44 <__vPortLockInternalSpinUnlockWithNotify_veneer+0xc>)
20000f3c:	4684      	mov	ip, r0
20000f3e:	bc01      	pop	{r0}
20000f40:	4760      	bx	ip
20000f42:	bf00      	nop
20000f44:	1000460d 	.word	0x1000460d

20000f48 <__panic_veneer>:
20000f48:	b401      	push	{r0}
20000f4a:	4802      	ldr	r0, [pc, #8]	@ (20000f54 <__panic_veneer+0xc>)
20000f4c:	4684      	mov	ip, r0
20000f4e:	bc01      	pop	{r0}
20000f50:	4760      	bx	ip
20000f52:	bf00      	nop
20000f54:	10000691 	.word	0x10000691

20000f58 <striped_spin_lock_num>:
20000f58:	00000010                                ....

20000f5c <irq_handler_chain_slots>:
20000f5c:	00000000 	.word	0x00000000
20000f60:	00010000 	.word	0x00010000
	...
20000f6c:	00020000 	.word	0x00020000
	...
20000f78:	00030000 	.word	0x00030000
	...
20000f84:	00ff0000 	.word	0x00ff0000
20000f88:	00000000 	.word	0x00000000

20000f8c <irq_handler_chain_first_slot>:
20000f8c:	b501      	push	{r0, lr}
20000f8e:	6848      	ldr	r0, [r1, #4]
20000f90:	3101      	adds	r1, #1
20000f92:	468e      	mov	lr, r1
20000f94:	4700      	bx	r0

20000f96 <irq_handler_chain_remove_tail>:
20000f96:	4670      	mov	r0, lr
20000f98:	3809      	subs	r0, #9
20000f9a:	4901      	ldr	r1, [pc, #4]	@ (20000fa0 <irq_handler_chain_remove_tail+0xa>)
20000f9c:	4788      	blx	r1
20000f9e:	bd01      	pop	{r0, pc}
20000fa0:	10000cdd 	.word	0x10000cdd

20000fa4 <default_alarm_pool>:
	...
20000fb8:	20001048 00000000                       H.. ....

20000fc0 <aeabi_bits_funcs>:
20000fc0:	00003350 	.word	0x00003350
20000fc4:	0000334c 	.word	0x0000334c
20000fc8:	00003354 	.word	0x00003354
20000fcc:	00003352 	.word	0x00003352

20000fd0 <aeabi_bits_funcs_end>:
20000fd0:	0000534d 	.word	0x0000534d
20000fd4:	0000434d 	.word	0x0000434d
20000fd8:	00003453 	.word	0x00003453
20000fdc:	00003443 	.word	0x00003443

20000fe0 <stdio_uart>:
20000fe0:	10004159 1000425d 100041a5 10004271     YA..]B...A..qB..
20000ff0:	00000000 00000100                       ........

20000ff8 <ucPrimaryCoreNum>:
20000ff8:	000000ff                                ....

20000ffc <stdio_usb>:
20000ffc:	10006cf5 10006ca5 10006c15 10006b8d     .l...l...l...k..
2000100c:	00000000 00000100                       ........

20001014 <_usbd_qdef>:
20001014:	200016cc 000c0010 00000000 00000000     ... ............
	...

20001030 <_usbd_rhport>:
20001030:	000000ff                                ....

20001034 <malloc_mutex>:
	...

2000103c <print_mutex>:
	...
